sample_id,CAF_proxy-high_checkpoint_score-low,immune-desert_APM-low,TLS-rich,CAF_proxy-high_CXCL1_MDSC_axis-low,antigen-presenting,immune-desert
TCGA-3C-AAAU,0.49222298806995857,0.10767183476709204,0.13069497753530893,0.3827760717806569,0.3363300541949977,0.0
TCGA-3C-AALI,0.2787003555892047,0.06863563236719945,0.29445820661044336,0.6042023691713979,0.44054741086892335,0.423354444512508
TCGA-3C-AALJ,0.4121493909341267,0.0,0.2417329258308399,0.5798366943827379,0.43664051860629716,0.33219779455907766
TCGA-3C-AALK,0.6774535661413288,0.16307241425567023,0.1777299427327194,0.37504374536795454,0.2687982131193312,0.19518966365274776
TCGA-4H-AAAK,0.6097338684808471,0.06137766211876291,0.08719797009706509,0.45274937046670266,0.2109049453741444,0.2912856440507326
TCGA-5L-AAT0,0.7121544746704553,0.06705681887257334,0.264518164579472,0.25864800251949444,0.355858959361232,0.27075368328846255
TCGA-5L-AAT1,0.4721930308414379,0.1403968634711924,0.3254785061865768,0.41551857148825144,0.37135816154677675,0.5622804661212867
TCGA-5T-A9QA,0.2959165013486471,0.1319470204927489,0.0267422127160094,0.11388565932662069,0.5591313996352407,0.12333573504301838
TCGA-A1-A0SB,0.4584033762809579,0.1875347029109712,0.0036555852978223603,0.17452396646444673,0.13429139147814217,0.0
TCGA-A1-A0SD,0.6650081114198181,0.16544087424346676,0.12438992345104304,0.3629833743456777,0.4318706562282609,0.13760670747364626
TCGA-A1-A0SE,0.6476792939301325,0.07892699628922813,0.11564562954625984,0.35415657212215956,0.2687135373204498,0.07613721688342007
TCGA-A1-A0SF,0.4082063037386834,0.0,0.2683891318194352,0.48573654569196356,0.39391002352518456,0.2877848141036666
TCGA-A1-A0SG,0.5040694748079599,0.008366279775199171,0.38412045360969715,0.5292430652034825,0.25044252377898363,0.022401616082875737
TCGA-A1-A0SH,0.6743113569359024,0.14300147595914234,0.05114045122405037,0.3659696463076968,0.15039989120343522,0.2697984349204166
TCGA-A1-A0SI,0.40147719973143386,0.14760235653497955,0.14840541692355225,0.5824316332761733,0.37651835557906616,0.4813208739753049
TCGA-A1-A0SJ,0.5067037409636711,0.16926687874997567,0.175696540480398,0.5693999303888737,0.31424661157668204,0.09293444471628942
TCGA-A1-A0SK,0.0,0.22870107152225636,0.0710875680334841,0.8927806146771287,0.0,0.0
TCGA-A1-A0SM,0.670321919601651,0.22504927593527554,0.08442177779778715,0.3788355060707686,0.12519269662424878,0.20471190866399108
TCGA-A1-A0SN,0.47041156601779366,0.08437832113881538,0.10944400373639927,0.39110583490563355,0.3617514925299141,0.49571506849384933
TCGA-A1-A0SO,0.15342868731370807,0.23835927856715217,0.14278365199365833,0.3494382038034167,0.2944943038179872,0.08950122719056959
TCGA-A1-A0SP,0.3996636815484241,0.42441299629510737,0.1947025280664872,0.3277044637069228,0.23663146850667469,0.37275592352779996
TCGA-A1-A0SQ,0.4969992177855647,0.2615296375133338,0.19071565240341923,0.3162698213710856,0.12464893043681952,0.14462833873597128
TCGA-A2-A04N,0.5942874787247324,0.12482121166917935,0.21163269921117295,0.510280517714024,0.1654771882518396,0.09267923693095277
TCGA-A2-A04P,0.5497390191378201,0.4746287355627006,0.42824013550767603,0.35476016879525246,0.43558963473904383,0.13729923979131134
TCGA-A2-A04Q,0.4119866652763846,0.34571716036040706,0.5921763983840703,0.1799749855966474,0.430156953985379,0.724538063746359
TCGA-A2-A04R,0.5723446326525294,0.1709535146277422,0.07062804385752473,0.43549615864302504,0.1512785576497619,0.009068201660266563
TCGA-A2-A04T,0.18029627615078048,0.26195710097469027,0.28577525157470524,0.40295577022512213,0.31128393373593777,0.5260120260737668
TCGA-A2-A04U,0.18428732160695235,0.23109925027746844,0.05402503845699797,0.7567281389654407,0.14557682810803255,0.2147482784570698
TCGA-A2-A04V,0.7347208030000814,0.1567964717287115,0.14512477067148652,0.22898010432573632,0.15066367128434763,0.2252754510826236
TCGA-A2-A04W,0.3908519363500645,0.3775726745771523,0.07509322940852052,0.6970898923056883,0.14691608787523402,0.22551557931837357
TCGA-A2-A04X,0.28531331602354354,0.1170662762770209,0.3789216431159564,0.4599532438884414,0.5205770594138699,0.4571001302201833
TCGA-A2-A04Y,0.36944423827531947,0.35327565061814337,0.16511312954019863,0.39979775400691414,0.298170877619954,0.42104364698907565
TCGA-A2-A0CK,0.739313957568473,0.13840162298096897,0.15385078842661462,0.12425436680289967,0.4350710402690299,0.17916141845457786
TCGA-A2-A0CL,0.4677100586863821,0.25628935713040435,0.6445823976709177,0.4051592325114122,0.3577394145222455,0.512110970633838
TCGA-A2-A0CM,0.3712610829902217,0.35451921109442347,0.26655620825163656,0.30488935034155906,0.48179671519957734,0.6205865606974212
TCGA-A2-A0CO,0.8468452329498376,0.48792387612815574,0.46029259435385106,0.08128644615096098,0.3830505473680322,0.1673041824683434
TCGA-A2-A0CP,0.6799883520303214,0.10721830539441951,0.13466625760822065,0.4013581110124145,0.29224552591015296,0.13062309817079487
TCGA-A2-A0CQ,0.6346215300709692,0.2983117273188829,0.005184870320007632,0.08928107952356838,0.4691138656466343,0.20370019695621638
TCGA-A2-A0CR,0.6488450160237886,0.16419315245550992,0.6798071321626616,0.010726399410388936,0.36858006103386143,0.5328903055824354
TCGA-A2-A0CS,0.5974486111956755,0.14757613217127427,0.023423215897190403,0.33822373621930124,0.25027577366638504,0.3540022759639614
TCGA-A2-A0CT,0.36430740841893655,0.29939178790861903,0.06915109581890769,0.5402167876073719,0.27960831197408864,0.1133061451227255
TCGA-A2-A0CU,0.5675225103817518,0.22920765221728556,0.22790940094380077,0.42039154820159025,0.033728910077375975,0.04765704332709292
TCGA-A2-A0CV,0.7322592875977407,0.30492678148667074,0.21868481610410612,0.26691268946931,0.32595434398852685,0.19040511557006368
TCGA-A2-A0CW,0.2084329587449122,0.11150218752750035,0.09155666952745224,0.5317677155585961,0.5641015569407104,0.362466148912162
TCGA-A2-A0CX,0.26958164534819123,0.2519559235298878,0.08559376854177554,0.6709419732905997,0.29472938800959064,0.5277295111150767
TCGA-A2-A0CY,0.13835680168955047,0.5905835662821091,0.03316245969024869,0.6748543154037226,0.1269271690350987,0.02670614075287774
TCGA-A2-A0CZ,0.7814106856776218,0.18296209139598693,0.19747067681097677,0.22688900671393494,0.27671046883769207,0.3342053751792785
TCGA-A2-A0D0,0.03056362241000029,0.7370028138083313,0.18698138263743527,0.3902480572890498,0.5574039541344847,0.4833915631897573
TCGA-A2-A0D1,0.11110177142521674,0.1006339544883207,0.14531704724083339,0.9372738766100254,0.1617288422411783,0.13272653047493363
TCGA-A2-A0D2,0.3884371948712523,0.3178563953227711,0.31777842631567554,0.4443958733303546,0.32760295056477773,0.3478877130340657
TCGA-A2-A0D3,0.30902556768355566,0.1670135372137599,0.24913327215546197,0.5178259267916759,0.46780375648878264,0.1793432917250614
TCGA-A2-A0D4,0.3672637112690625,0.14198708051719336,0.06631976682897472,0.5166263034912717,0.284947637226256,0.08352760673706912
TCGA-A2-A0EM,0.6411113255662801,0.05542685752822395,0.048654401495591235,0.31233996797704744,0.20598074844493416,0.23355503736778335
TCGA-A2-A0EN,0.5902558376817787,0.293513509877023,0.3285112624746304,0.3348928012306144,0.16992229710397191,0.6084608344167978
TCGA-A2-A0EO,0.7061618012790548,0.1923359372802648,0.2051693750526629,0.33903572911460345,0.25899471148763453,0.2394331296481512
TCGA-A2-A0EP,0.8208325863168242,0.6507698853367317,0.5900507055100442,0.0,0.016782899992147323,0.6013368106302774
TCGA-A2-A0EQ,0.3062520581954699,0.2377786275315474,0.5908670966434603,0.382877573950584,0.38587589514782333,0.5211111583403641
TCGA-A2-A0ER,0.5352163401221489,0.2874774285946143,0.1395810292936626,0.2975063341355527,0.19263574941904443,0.15023387529894733
TCGA-A2-A0ES,0.7574550486195953,0.4329579114884907,0.12048642063880274,0.1694207910786566,0.12003980532353863,0.2885908151313477
TCGA-A2-A0ET,0.3643105469766424,0.1764657755884284,0.14499603294973987,0.0653348654233912,0.5504818883623466,0.3001198444368516
TCGA-A2-A0EU,0.4372337945572863,0.3730095476939359,0.08398091243361533,0.4956170813087593,0.2632109154667475,0.1242946318268117
TCGA-A2-A0EV,0.5878163027706383,0.04305806424043548,0.1144792568405567,0.27351661060632254,0.3810220208583719,0.4657060788528742
TCGA-A2-A0EW,0.8036767099210372,0.33768584020533376,0.21552795377667283,0.18538964517125314,0.16515410876036446,0.24114008860120273
TCGA-A2-A0EX,0.6616604269027686,0.104976404298718,0.29862214132675774,0.41807999498326454,0.21234168253286234,0.07218384357784541
TCGA-A2-A0EY,0.4057743121116536,0.283788341481805,0.22582407824695808,0.4073834904012219,0.0,0.40875714489263726
TCGA-A2-A0ST,0.5188773884543602,0.643639207587155,0.717281900516019,0.0,0.41138464097152355,0.5674792215835729
TCGA-A2-A0SU,0.6124614857291644,0.1360828117121348,0.19532786412493588,0.350417465520849,0.3078631305335821,0.18127548626624854
TCGA-A2-A0SV,0.4367141442643943,0.2531940796653918,0.021853986611045807,0.4098650425293214,0.3196938276608731,0.548727745657523
TCGA-A2-A0SW,0.3997798320351426,0.025526562307055595,0.3449031433002567,0.4477572123147242,0.5270773890686875,0.4234210994077087
TCGA-A2-A0SX,0.46462251831362567,0.2727381685875728,0.3958093399885531,0.37441291950126987,0.41332093950703863,0.4266292776897658
TCGA-A2-A0SY,0.7810010612797225,0.24398082232552448,0.3386816949601768,0.16237974952319245,0.13873379380432557,0.28531855091935515
TCGA-A2-A0T0,0.10864939242845122,0.590711797030477,0.0515853426679899,0.7858034852579941,0.0,0.5687131656832061
TCGA-A2-A0T1,0.5566110624495244,0.23411804277917853,0.34106297363555155,0.2676542615192281,0.33182902803551906,0.6217044876036053
TCGA-A2-A0T2,0.09039375863769951,0.4207490511900057,0.05243316368263216,0.8413136096324386,0.1746165016626562,0.46480512671770896
TCGA-A2-A0T3,0.5631640484792023,0.14745470214625336,0.15250756219636885,0.4465477071376974,0.20311296050054578,0.007055389745866047
TCGA-A2-A0T4,0.6838920871826322,0.17553905856462865,0.16565774382365941,0.1975640528797707,0.25275522114512483,0.3798357522579734
TCGA-A2-A0T5,0.5325967911370668,0.29302015558170663,0.1391403961044602,0.48245606945894154,0.16531983692519936,0.10049436783694905
TCGA-A2-A0T6,0.8149227865676784,0.3793749540116483,0.2587370173278851,0.14381414380083687,0.20016411223745867,0.33287992229024416
TCGA-A2-A0T7,0.6252175523845954,0.23628121841699948,0.04522223269921283,0.3361481750444661,0.3119856079414576,0.235564453627222
TCGA-A2-A0YC,0.58216579876413,0.160260217594679,0.10525601165257113,0.33964998159238974,0.2501491753533706,0.34838148062481367
TCGA-A2-A0YD,0.8030888169158531,0.45801583919109196,0.12707325962078406,0.2029908097490881,0.13698864938959798,0.39847678309467943
TCGA-A2-A0YE,0.32248719762540423,0.28359937388198936,0.08198466588928695,0.49002065589184557,0.34392438758747745,0.16655628128238795
TCGA-A2-A0YF,0.5253665496205762,0.27294375662245907,0.06504073271017262,0.35955489857015704,0.22825892617763724,0.2935356749475106
TCGA-A2-A0YG,0.34600899144593006,0.14209045484803617,0.0808226711625294,0.4944687020152274,0.33977641366593947,0.2718157132356757
TCGA-A2-A0YH,0.2822286136020914,0.18567066697935114,0.16674122624214827,0.5149714342881163,0.2760152607944373,0.6603702832751991
TCGA-A2-A0YI,0.5813736285573636,0.325608244381406,0.2812875624661266,0.28824555541667957,0.13513844100686845,0.45399564980535956
TCGA-A2-A0YJ,0.04576316825261875,0.4403584339668262,0.04320261337325158,0.8017541792584921,0.15114157397735212,0.2063352655530532
TCGA-A2-A0YK,0.7049368979826297,0.42858156132978137,0.520929333739554,0.20151132073370423,0.38396709300389126,0.23457914459690157
TCGA-A2-A0YL,0.7608363437591655,0.22506806114184205,0.1492336013697274,0.26876750019502244,0.2946302726473376,0.19973280313505934
TCGA-A2-A0YM,0.25868752360823416,0.721484907978882,0.09919278909383437,0.3539840815291345,0.3815150705941315,0.43825350807245617
TCGA-A2-A0YT,0.38516348980698084,0.23343289404451725,0.05389018970752522,0.40832702934510134,0.3294139914232982,0.2965688945233985
TCGA-A2-A1FV,0.6089611117770589,0.2578677878657135,0.03554724511417668,0.3596731518762689,0.0,0.0
TCGA-A2-A1FW,0.35154340176919446,0.015048019413195493,0.14273878296707096,0.44685725162615414,0.27670292371415545,0.2000778759917174
TCGA-A2-A1FX,0.5745642992273248,0.1497216612832125,0.1023586283643167,0.3074191207415003,0.18574503019755992,0.3048195822782077
TCGA-A2-A1FZ,0.7404333025935484,0.16850839963111286,0.06366713175815071,0.16920821489094734,0.05461119493818427,0.4271949772567749
TCGA-A2-A1G0,0.7100708144142018,0.2826273253539394,0.24269813277251626,0.250195310454591,0.1114125930147131,0.23283821400484206
TCGA-A2-A1G1,0.29811691691271947,0.382611318904457,0.22567725406489164,0.5855553134191547,0.4148076723508694,0.5266527679430532
TCGA-A2-A1G4,0.34696715434513903,0.21946796791383885,0.25219130591936384,0.45613012235196815,0.003731277130487251,0.17351066927303158
TCGA-A2-A1G6,0.6976067170634267,0.3848219947908417,0.10821778285063774,0.060818113130342515,0.12670358867721337,0.26377781895958674
TCGA-A2-A259,0.6827476110528481,0.45459777819712577,0.31847926218747363,0.25712576327824244,0.21534716281787478,0.1372729523713117
TCGA-A2-A25A,0.9059427134560685,0.37934323050134117,0.18694640470393642,0.09911286448285389,0.2157347490319862,0.25567439777838835
TCGA-A2-A25B,0.4910268111194137,0.1979372610844643,0.10969928761542976,0.37541475964277715,0.13467667720257168,0.48206122954961406
TCGA-A2-A25C,0.5430369941248055,0.05546637245327881,0.14700057241480952,0.41150182261929574,0.5231504068531039,0.16821829917709302
TCGA-A2-A25D,0.4864476938374669,0.27373041786758673,0.39413761074509585,0.3087532538478828,0.42719426582869563,0.4302834137474824
TCGA-A2-A25E,0.5757251273624254,0.29384433516391373,0.20822296670532608,0.40011519306928867,0.22759909029405923,0.12363316705931202
TCGA-A2-A25F,0.5964117748150212,0.36276433130215796,0.631933682371014,0.12069781221844265,0.23623449925612205,0.7750864405595977
TCGA-A2-A3KC,0.7527833319807643,0.1229060477585031,0.10239358700122513,0.3035809220560364,0.12924151579683782,0.29696670489400495
TCGA-A2-A3KD,0.7208231375897746,0.4463391207021089,0.08860545351184411,0.11278714824236567,0.08964211840530692,0.19059993115346413
TCGA-A2-A3XS,0.41910658827571895,0.20745511348262763,0.29981841366355727,0.5096730753273792,0.2620248601467525,0.2005709551505939
TCGA-A2-A3XT,0.39821311068100107,0.4047613363880499,0.19223593760159285,0.31222721483084,0.39282638056434777,0.48009934822195854
TCGA-A2-A3XU,0.12521588242296253,0.40020507114124554,0.019071193909095587,0.3551775778749524,0.5080619363862008,0.0
TCGA-A2-A3XV,0.24021228044608456,0.18827570946040845,0.046643086729989465,0.5546740088004963,0.2550619446800797,0.3837868415307657
TCGA-A2-A3XW,0.6100926492875464,0.3621013186808489,0.1885614513879391,0.10405728963876122,0.3213445027346719,0.4062153358946239
TCGA-A2-A3XX,0.2948492727232946,0.23919641025514551,0.3048281846715196,0.6060384484724445,0.3971446032128887,0.18179295228714476
TCGA-A2-A3XY,0.6117725048679459,0.35868710370615775,0.3319833869971218,0.3792464174774978,0.322215613436008,0.3162237397539997
TCGA-A2-A3XZ,0.5170866833234042,0.3836389933525895,0.58431574729547,0.18200678260562075,0.3608060883898196,0.2516853308912563
TCGA-A2-A3Y0,0.03896870279085483,0.8174592082162464,0.2772683251730474,0.508629573323962,0.5454814248284372,0.4592414735301376
TCGA-A2-A4RW,0.5681606867218549,0.04859539809004619,0.19187954485268816,0.4123995539763635,0.2198663880656481,0.2939388430008482
TCGA-A2-A4RX,0.5198202031179383,0.5616786628687325,0.3579651292610046,0.6971983637691712,0.2768734555059838,0.021560057726107435
TCGA-A2-A4RY,0.8237846056996583,0.24478757977157425,0.30507448186863706,0.2250638789930567,0.2719132486956596,0.023249119028831353
TCGA-A2-A4S0,0.35276839320998643,0.12076322265378389,0.05072351438149363,0.41413837076055265,0.26782655553002793,0.18458137296639165
TCGA-A2-A4S1,0.715422815657212,0.184923033622429,0.0017405747030997938,0.16469058054967237,0.10854488303439247,0.7323283879429763
TCGA-A2-A4S2,0.5382631491133925,0.08417319049914193,0.18519608354012423,0.27332235534432114,0.512058180127943,0.43760277780804163
TCGA-A2-A4S3,0.20864549006855843,0.05352579977328096,0.22517141083035885,0.5764331138143509,0.48550609219921004,0.3896029021087773
TCGA-A7-A0CD,0.5678944613567944,0.028565742870639864,0.040385513895044786,0.34487746827000626,0.443719494176853,0.08516559026837223
TCGA-A7-A0CE,0.5073744821145982,0.46469736905831155,0.09744917882530114,0.32350609686442605,0.45851919843158806,0.1356055238168128
TCGA-A7-A0CG,0.5966616555425694,0.23308925237379977,0.3024464200235522,0.31948266079939647,0.1640778288501047,0.4005590807947688
TCGA-A7-A0CH,0.6107481261298383,0.24689783400406234,0.12212828285517566,0.2850053555285294,0.146693760961869,0.30358819723095604
TCGA-A7-A0CJ,0.27262429559347634,0.20864704433816242,0.09256133447104352,0.5559742061559911,0.42786322386801634,0.23921833914188145
TCGA-A7-A0D9,0.6438673730950311,0.3912249872518743,0.05765933364826394,0.3077888508666288,0.017433628304799022,0.28953817802056997
TCGA-A7-A0DA,0.33645747028948253,0.28670285209975543,0.0,0.7154663562268769,0.3728188820299349,0.15075292156193168
TCGA-A7-A0DB,0.7600119864881526,0.2652301666761431,0.033722030249805926,0.11194615862869459,8.846643908131474e-06,0.5353967505770096
TCGA-A7-A0DC,0.39580709127252267,0.280017036541191,0.06768135693364959,0.48967878680006094,0.05407976863805148,0.0
TCGA-A7-A13D,0.29986069821346306,0.5231159221434525,0.0,0.7507124796427641,0.22556706634103837,0.04417469591885924
TCGA-A7-A13E,0.54524789997842,0.3371669119497076,0.04260001561558377,0.32815143224964893,0.22932708113109096,0.2539512888320879
TCGA-A7-A13F,0.6752160469927336,0.26299579832184644,0.05947919298152638,0.2406878845469671,0.14529073340550647,0.1969181885301345
TCGA-A7-A13G,0.6161619504549898,0.29240940128549453,0.0434287398331168,0.3254448017203942,0.20055570623215188,0.09672747643771953
TCGA-A7-A13H,0.6129479880145987,0.19844099502275847,0.16679171764319672,0.1934953675344224,0.14695869474047948,0.550080821719872
TCGA-A7-A26E,0.538503334473471,0.12634222584432458,0.027462958761475975,0.42596063215599933,0.10841647014242664,0.28820440074815906
TCGA-A7-A26F,0.525038212520781,0.9317486955682617,0.12600266010160693,0.3705413951499922,0.15166853447883705,0.43368844168774284
TCGA-A7-A26G,0.590885285874531,0.29008149342448686,0.26566038953466137,0.38181470600478745,0.2336218215864813,0.3936823990850336
TCGA-A7-A26H,0.6217165130993066,0.13358307037769007,0.15425472402197096,0.25252254523455847,0.18657135687105594,0.38975413917968316
TCGA-A7-A26I,0.27789742982435256,0.3255767641553616,0.0,0.7395161322537936,0.06707422796722096,0.42976492406618944
TCGA-A7-A26J,0.5634996780471545,0.10875223463026215,0.020207888261327172,0.3773091335068681,0.39979870420786784,0.2572264174282011
TCGA-A7-A2KD,0.4600709889798515,0.2056232526725532,0.12496553920000696,0.47367811833490875,0.16574096904944294,0.46602790668266164
TCGA-A7-A3IY,0.7271184568131451,0.5493353859770164,0.0,0.05069862991590194,0.10779078659026205,0.4944098581589564
TCGA-A7-A3IZ,0.43849283575110976,0.05802674412480608,0.060513512978807985,0.417916681194306,0.0,0.1879314347512142
TCGA-A7-A3J0,0.2949990563935605,0.27631515071186546,0.16127003184812372,0.3032731480553136,0.6066888274279825,0.23820790942623452
TCGA-A7-A3J1,0.6161621331882164,0.17077196668763178,0.34973239501814457,0.19684867921674218,0.368563599585277,0.3578235572200961
TCGA-A7-A3RF,0.24277273894026286,0.23646769732500378,0.037944657957398105,0.7537608784843873,0.30729970347416524,0.10290419613167817
TCGA-A7-A425,0.6724157618228991,0.39773179754050464,0.07228947913873654,0.14045561747588117,0.04965908958299349,0.4008980052730912
TCGA-A7-A426,0.6973244338488733,0.12122473871362295,0.2250433814060416,0.3144262175334867,0.27186857706235457,0.12490936631989392
TCGA-A7-A4SA,0.4833871082745219,0.20382332191388655,0.26448685402442057,0.44021672052164856,0.446573052399174,0.3412928349664044
TCGA-A7-A4SB,0.5156190685666551,0.08325743650458614,0.041068158307608994,0.42745564245565415,0.3173628422692501,0.06869414847437808
TCGA-A7-A4SC,0.7047144032834574,0.2814684111901968,0.15505689779090703,0.2488093490877494,0.06832298004482269,0.3336396361293474
TCGA-A7-A4SD,0.07684572501113797,0.4103089884688792,0.22861185127724268,0.8020977731947474,0.4885152844304734,0.5456488978185634
TCGA-A7-A4SE,0.5511799393792416,0.5411450349643321,0.038839941007453666,0.5042189344681478,0.3082113448911163,0.2011007172543842
TCGA-A7-A4SF,0.16662701965431226,0.05003667415400534,0.2659367623436901,0.6177794420240127,0.4416036270253027,0.20870221013974197
TCGA-A7-A56D,0.11946689030616621,0.26780846284482157,0.1364310326382611,0.759011122199329,0.3288836122261834,0.5447759583687306
TCGA-A7-A5ZV,0.30293072317116193,0.6523475001730231,0.05393179975290225,0.1603493256505157,0.2944926726028973,0.3217919516626579
TCGA-A7-A5ZW,0.6293147684205792,0.18740192723124421,0.10102135183568288,0.3907169285635551,0.19680886206012038,0.3231295238675341
TCGA-A7-A5ZX,0.6411837535270402,0.09609778639418978,0.054919744362574505,0.4725590305985367,0.1480919939186313,0.13854062070150341
TCGA-A7-A6VV,0.35549920134460616,0.4504156843049548,0.16627795738587595,0.7556727754441498,0.1800377309286239,0.39584478488423247
TCGA-A7-A6VW,0.35680918594305044,0.8760087194543383,0.052749673496674976,0.28716113047758296,0.4632717634984867,0.2765528111240555
TCGA-A7-A6VX,0.5179620755915332,0.10076619318209772,0.005896750705495654,0.45412724601359006,0.5002035231062617,0.20733613375545368
TCGA-A7-A6VY,0.21065356535816485,0.6125657031007292,0.16100867796152848,0.6055010223905075,0.3422364418111208,0.6512161942526613
TCGA-A8-A06N,0.004451257152656974,0.20978306912748965,0.11714749343207885,0.3268735220767266,0.4083363341625345,0.10637044914646453
TCGA-A8-A06O,0.4289053322015549,0.07042165281270833,0.1472471041270355,0.40666286539673047,0.2988560752458627,0.3084451429735034
TCGA-A8-A06P,0.6204559902959254,0.09823833185708254,0.11412085462841683,0.4512771203694543,0.05532790193021594,0.3287992156608946
TCGA-A8-A06Q,0.10211691700155993,0.12543351881527381,0.16158192146374026,0.39542533040652983,0.4486763512594749,0.07541351522421673
TCGA-A8-A06R,0.281894409341399,0.22509230821984608,0.12818302852206692,0.7895430558080809,0.36486461035355616,0.40687354689985433
TCGA-A8-A06T,0.3235880436207087,0.04772054318849108,0.15122845555699466,0.4109372343599954,0.6108530097793168,0.27178485969006827
TCGA-A8-A06U,0.14944029616503235,0.020220310810307354,0.12823316967236625,0.5899785517023186,0.6268723891996627,0.4187457296872801
TCGA-A8-A06X,0.34340461593926425,0.041557740144946294,0.1143151608425825,0.42424126433799764,0.45329498573258536,0.46843489705998814
TCGA-A8-A06Y,0.3730296778948732,0.14359429373368976,0.020860470385626568,0.5119857959865568,0.27545840843876174,0.08093033524361984
TCGA-A8-A06Z,0.29227914434017477,0.15935547912609427,0.010886974161198954,0.4211158570069653,0.3230695145280222,0.21261315665366268
TCGA-A8-A075,0.24257444547996923,0.2908907067216591,0.18425890361544917,0.7062991913268486,0.25056568101491955,0.5121368157911109
TCGA-A8-A076,0.32736186039535786,0.0722187368748653,0.09457257548918736,0.6042065396858474,0.2167742295482925,0.40022616149551543
TCGA-A8-A079,0.5395556591692873,0.009076336096934888,0.17506920412693353,0.16014034890794468,0.18054472306109806,0.2883663171882062
TCGA-A8-A07B,0.30621473105631525,0.1217675887419452,0.059230984851545085,0.6674238760697876,0.11940223595857664,0.35094501208537554
TCGA-A8-A07C,0.40283268214605383,0.35181756689429194,0.27325326827747165,0.22296075486056383,0.1350027526063995,0.4321229481097524
TCGA-A8-A07E,0.7330284471852908,0.19244395165676026,0.14307870131684278,0.284442663571369,0.07736008055100278,0.4472384560013234
TCGA-A8-A07F,0.4871614384272582,0.11356346636375036,0.08045424864133394,0.4292848734325534,0.4444634567705837,0.2968612184045124
TCGA-A8-A07G,0.41172545928977444,0.11474582767923504,0.15414175360010215,0.6238879764248473,0.342006872812512,0.27138526855328704
TCGA-A8-A07I,0.50794095830267,0.1238527455627515,0.13635946104406965,0.4179516921141018,0.46534282616248634,0.3810040146932081
TCGA-A8-A07J,0.6929113507662372,0.12398568176309611,0.10608762601678044,0.2495917920304785,0.0,0.5537509092216204
TCGA-A8-A07L,0.4183749592230475,0.014258777420918271,0.09758406293706857,0.6233477027772449,0.22834889740963374,0.12892763374772453
TCGA-A8-A07O,0.33264941576691875,0.7320297296814129,0.09377565249300215,0.34383409218942,0.28918151398978625,0.38317176421724186
TCGA-A8-A07P,0.36230297892032803,0.0,0.07316995320104008,0.5439629775696416,0.23420404689692012,0.38198008766985
TCGA-A8-A07R,0.0907757766389238,0.41694152998498096,0.09377261009124331,0.6669680994950552,0.3794371959308593,0.12089905968689331
TCGA-A8-A07S,0.4651542476652654,0.16386767565340646,0.05603591545410574,0.4551560162002862,0.34528710921782735,0.17967207739665275
TCGA-A8-A07U,0.38182279465260066,0.4726158968278771,0.4625368701564995,0.24243308932978894,0.42206512801099205,0.6404245194509014
TCGA-A8-A07W,0.3787094348748069,0.0934760629244969,0.06882046422698694,0.53699341843428,0.05415943743639246,0.5235469614805017
TCGA-A8-A07Z,0.4112868436626814,0.03525598211321087,0.11486345382988974,0.3272603269560653,0.4378349081198232,0.3757696438519471
TCGA-A8-A081,0.09542341664679481,0.07078685311111861,0.2667777133980593,0.46885534564019155,0.5367686125543967,0.48142708038271464
TCGA-A8-A082,0.3604985832068892,0.14301023913347558,0.0,0.6733036374602342,0.029644043816869532,0.3509332901177196
TCGA-A8-A083,0.4748158281729022,0.17646613093170585,0.08027809066110235,0.17369912163833526,0.5209776623419747,0.08640838914545086
TCGA-A8-A084,0.27846411704414353,0.1571248439568907,0.0,0.6113693137183814,0.36124651872036706,0.27915649275618076
TCGA-A8-A085,0.5574010770514899,0.04999376944272059,0.0,0.5473302985732322,0.0,0.0
TCGA-A8-A086,0.39249012949097745,0.12395009348215055,0.0,0.6608506741026248,0.07944233674474019,0.287419747307329
TCGA-A8-A08A,0.6165369769872951,0.06676628141130006,0.05293206301623772,0.2409945360770193,0.2227122752617532,0.40581410612419566
TCGA-A8-A08B,0.0,0.2540872942808373,0.1627996530718925,0.6855413685881967,0.6856480492424378,0.30248521244457915
TCGA-A8-A08C,0.55466351408746,0.10102812448843172,0.028876220968593522,0.26757765391685895,0.32128437859132,0.3031734965812826
TCGA-A8-A08F,0.4346485245937871,0.2004007853363202,0.10596482282520671,0.31344017009799263,0.34137424031814856,0.6255904434298194
TCGA-A8-A08G,0.36626007810028066,0.06737054261664671,0.05980524399023431,0.46066072987480844,0.35318052822235885,0.42095748986204184
TCGA-A8-A08H,0.8522159634499294,0.4249230773605409,0.19275083068288545,0.0,0.021064462222695046,0.6450412166363675
TCGA-A8-A08I,0.022548375023750258,0.3954705651675422,0.29535134951836395,0.3589475975329555,0.4708114479538074,0.7820768561473851
TCGA-A8-A08J,0.22246037165422716,0.06584202023630864,0.020128103836280435,0.7474014317106501,0.3459705169000144,0.4409813516809068
TCGA-A8-A08L,0.1589398229593796,0.1374212617800384,0.23100263024317594,0.6658011392317905,0.20101796328379726,0.4886111494829437
TCGA-A8-A08O,0.5538804237318886,0.1544330071339188,0.11107452723390755,0.5132513059360764,0.19980738141189477,0.024814276979209057
TCGA-A8-A08P,0.4820326053589584,0.2142931408652401,0.21199545870577785,0.2782497346528498,0.225862114479916,0.6964516975522976
TCGA-A8-A08R,0.3069217576877728,0.26012843507081906,0.31178157938408696,0.5100705537267517,0.3297987292054379,0.5221760279888797
TCGA-A8-A08S,0.3305070601236283,0.11262901013608345,0.11140599541703183,0.5710294474346153,0.5264556646757811,0.19412142013414202
TCGA-A8-A08T,0.33671875954731395,0.12761843098711892,0.13211395294105815,0.6259559592270189,0.11071151871048047,0.2742892114732149
TCGA-A8-A08X,0.324794061642979,0.29590474754064755,0.29074750089914553,0.7274803466166662,0.11717598809736313,0.4541481710524706
TCGA-A8-A08Z,0.5858838181311674,0.314847878668288,0.0,0.45833845657522604,0.08839766045497335,0.4900776312821852
TCGA-A8-A090,0.5940522742854538,0.18082661837304878,0.11306219494869493,0.19039103595452064,0.2695644294143403,0.43280031153333076
TCGA-A8-A091,0.4740736961984901,0.0573644942401648,0.16529687110951527,0.4594876837611051,0.0,0.2575826920048304
TCGA-A8-A092,0.25343446872587194,0.0,0.0816742705599603,0.5787474225584193,0.34058017603145985,0.3171142435149076
TCGA-A8-A093,0.5119949327178951,0.0,0.00045696893151963387,0.5004325937852128,0.22181778137960598,0.13902434282563986
TCGA-A8-A094,0.14094963402846056,0.3281066071302647,0.24221342361071077,0.6705679748767068,0.056326137769409715,0.7328456085309005
TCGA-A8-A095,0.5541362989982752,0.09831686868623526,0.11344073279169117,0.3589053732335321,0.25460200758860646,0.2764823209044344
TCGA-A8-A096,0.6385854269125434,0.1880532880375904,0.09982756810799194,0.23276225384872215,0.41520567690535143,0.5894760286204508
TCGA-A8-A097,0.6790668224280589,0.08100488349386237,0.06073098982518124,0.25822193916131836,0.30367072332039136,0.36438635779423595
TCGA-A8-A099,0.4823047095108474,0.0,0.0759791290237581,0.32352968964871986,0.40858935396294505,0.2262285643261408
TCGA-A8-A09A,0.4813935849607436,0.06558559941375869,0.1780239009185051,0.5193860816934112,0.12669137544407583,0.35641491919591
TCGA-A8-A09B,0.5077828428919477,0.19741473496387907,0.01805514118602415,0.3696805905337003,0.16737921413164447,0.3006818853122197
TCGA-A8-A09C,0.45360771966796093,0.05332635647313634,0.06925576401433334,0.4475890621968182,0.2851945550696224,0.12194255303842078
TCGA-A8-A09D,0.5120440126094996,0.0716710145293327,0.058954962490228184,0.4290625732411787,0.07902773538119384,0.5531345518853894
TCGA-A8-A09E,0.455491386599303,0.03370765881350567,0.11613833021407474,0.2793410275760079,0.5235820886513742,0.08799545043120738
TCGA-A8-A09G,0.3503010212087575,0.1177888470666927,0.2599012782928148,0.38604607494716225,0.5701657932520475,0.35448705700700434
TCGA-A8-A09I,0.34561462106478774,0.2230858834673755,0.09363458497729472,0.31255365353092057,0.3238583743374072,0.6883591449682718
TCGA-A8-A09K,0.1782362122137865,0.0521055324817753,0.3376061036418409,0.2534773652572472,0.3876558735804187,0.3898742462801977
TCGA-A8-A09M,0.24987085563773057,0.0,0.2438966110085591,0.47008393386957253,0.45961639308764046,0.47648308286038443
TCGA-A8-A09N,0.28112056611075265,0.0013957534908297425,0.1626973988422307,0.6168747298424134,0.5866334878237282,0.20491628521819583
TCGA-A8-A09Q,0.4331645826229626,0.10398247782351323,0.31129228631106026,0.3859524904320462,0.0,0.5561984114746583
TCGA-A8-A09R,0.34315463390533824,0.12482832690188472,0.04021439720123147,0.5366158789390001,0.43854055058347613,0.5739707654826882
TCGA-A8-A09T,0.4907170265121436,0.17316433156525732,0.0,0.3792471147988267,0.28260611108786404,0.29704192375043115
TCGA-A8-A09V,0.6087279023935628,0.00041418734546792374,0.04992096805728244,0.4151567457077452,0.14995353537913375,0.06971878621779654
TCGA-A8-A09W,0.33952776869526724,0.08127905460136509,0.13945157097942085,0.5747202943487558,0.4030990300260549,0.2912373444912236
TCGA-A8-A09X,0.306543677087225,0.17174870636554562,0.28515440293180444,0.49291122766176265,0.21635044461741226,0.6319702470874711
TCGA-A8-A09Z,0.22978590524450646,0.05801666841348643,0.13802123392171065,0.3194862193400684,0.686897169393923,0.6307098669792509
TCGA-A8-A0A1,0.5168532167900536,0.1376984836923139,0.11662082561733744,0.2977666485653796,0.21210948145424963,0.6860245660709609
TCGA-A8-A0A2,0.588342017374995,0.04844415280124004,0.1693845346872063,0.2721930134828189,0.2009081202589331,0.3264192373596283
TCGA-A8-A0A4,0.5837458980195974,0.0,0.08632096368209256,0.3330105634941628,0.28049398167832046,0.18130845827072675
TCGA-A8-A0A6,0.45636516248824227,0.1625395399271036,0.33739590152827675,0.3391933030384829,0.324710236228862,0.515106407673221
TCGA-A8-A0A7,0.3367074727711926,0.139803084411706,0.5716122074775509,0.382992918732164,0.1714425840824541,0.8014774337971136
TCGA-A8-A0A9,0.6130978216144407,0.049724500306206655,0.04190542132612545,0.2295252217314782,0.37466711958869353,0.3658925904749978
TCGA-A8-A0AB,0.42522197621873337,0.10287667053498561,0.03572898747426979,0.535097966667967,0.0,0.04100853801989147
TCGA-A8-A0AD,0.6001182869297292,0.11606966833103309,0.03773015826202977,0.3864662161830951,0.08874355895417106,0.3842301982656617
TCGA-AC-A23C,0.51741390142996,0.015301979362085267,0.0850538252048032,0.3248303137424141,0.5186369622910748,0.38547998361466557
TCGA-AC-A23E,0.4144704448485372,0.3587235546935819,0.0371466580859725,0.7642544042870948,0.021014744921198668,0.384538405004453
TCGA-AC-A23G,0.8579732647927212,0.3143753447271994,0.09249406840349624,0.1693636842666927,0.14054982722958925,0.41452867856640124
TCGA-AC-A23H,0.5189279892989184,0.28278995635712006,0.03768402428116919,0.4561502719496322,0.0,0.3292826874183541
TCGA-AC-A2B8,0.7840314103794738,0.17357326208018165,0.09147083374838895,0.15897900543343638,0.26491609894472484,0.4211333989521701
TCGA-AC-A2BK,0.06693858823356756,0.45309405812532866,0.11203004765027087,0.208380562421243,0.35962900663386416,0.05248915897331704
TCGA-AC-A2BM,0.3179070962190237,0.04477444677110521,0.2146298358510926,0.4284504063156627,0.36906983353783274,0.34619656394453896
TCGA-AC-A2FB,0.7054773943297359,0.3574380407165574,0.2452434238502152,0.07013184606016068,0.26002553453850447,0.47996624959139833
TCGA-AC-A2FE,0.600970216813,0.3513366534571444,0.19758392998453003,0.18542887461215007,0.1659421843856013,0.6711099901224581
TCGA-AC-A2FF,0.7539529815802943,0.24091267492210303,0.2881050007154603,0.17719929512123866,0.22372662185568504,0.23005621580174718
TCGA-AC-A2FG,0.683448439320461,0.24381327948666473,0.10432164175146945,0.23967221379441433,0.12020477908224841,0.17952113783415838
TCGA-AC-A2FK,0.6627366928475756,0.4763747610608131,0.18636608137753244,0.1165844490440757,0.26372288778850506,0.10359305285666556
TCGA-AC-A2FM,0.5033320133482942,0.3621096971637351,0.11166816083242027,0.3458111417531372,0.15940939714382066,0.16969594298510426
TCGA-AC-A2FO,0.6917861727487484,0.23895494061964173,0.3886063888032985,0.2734181950617874,0.28967025664672735,0.2723131561404476
TCGA-AC-A2QH,0.49845781241026876,0.33249656151033147,0.0,0.4937327752812644,0.21559913290642838,0.25249790009704026
TCGA-AC-A2QI,0.6222123187727306,0.10960601672046497,0.21465841341451705,0.3843052032697658,0.2235875660007053,0.3387130797831354
TCGA-AC-A2QJ,0.6087773193828339,0.5210089308192333,0.10064611055878621,0.16165017628148542,0.039356768750068764,0.695857611255663
TCGA-AC-A3BB,0.711634706719126,0.19147045151710088,0.40105175393948767,0.22462175372526497,0.31357567065996383,0.36256505269325223
TCGA-AC-A3EH,0.40880798513452904,0.2434202420135187,0.04196834542963153,0.608121954387831,0.02853265269758034,0.3719195516270918
TCGA-AC-A3HN,0.7994119471096537,0.257154480589917,0.18038504253812168,0.17846260259666705,0.28586144555240406,0.3811943116490745
TCGA-AC-A3OD,0.46220977094146015,0.16105837802703038,0.24234392117441436,0.29484138562445156,0.19870186588157726,0.5986271881088
TCGA-AC-A3QP,0.7285715333945607,0.2888402443861063,0.21171355338909423,0.1992735426173253,0.14228817684033698,0.2967674889692758
TCGA-AC-A3QQ,0.5647148397342006,0.14241375755945127,0.28567232358239353,0.24767514822161937,0.23879724009201173,0.25460564229588206
TCGA-AC-A3TM,0.5104330221492865,0.04510254604553581,0.15103817611459855,0.25833728193802835,0.384788398567263,0.35766744537283335
TCGA-AC-A3TN,0.4782729458432999,0.0,0.08701414082168027,0.42982530356691045,0.33424383316918915,0.23689930476111734
TCGA-AC-A3W5,0.5234928813732003,0.350379178949903,0.24405172716258602,0.4020511371573313,0.17435605492217518,0.555708981111307
TCGA-AC-A3W6,0.6762789789617657,0.05311482309809126,0.2175726417967619,0.2890374306071545,0.32353379098808716,0.4575107156885864
TCGA-AC-A3W7,0.5475723038995859,0.17608690542180908,0.08377986063907845,0.4943849325388826,0.21774235091277472,0.1878146007555219
TCGA-AC-A3YI,0.9374203293308788,0.6385503587893901,0.10088021202055641,0.0494237696993897,0.043038191847127434,0.2793790014173428
TCGA-AC-A3YJ,0.3702133623458684,0.1413120084118416,0.06710727944547858,0.2705713194200631,0.16283073776807921,0.4702928070745129
TCGA-AC-A4ZE,0.5269736796977194,0.15552166203467113,0.13062855872083592,0.2506875239680738,0.14829115995811265,0.19280181777512806
TCGA-AC-A5EH,0.3354534703404961,0.3391103098717133,0.03406128813341795,0.6239669046874011,0.12528771642398898,0.5372187336058115
TCGA-AC-A5XS,0.5493807316992749,0.23317888591918068,0.2521340383684222,0.2505263443504892,0.45007511986731324,0.37828175025694094
TCGA-AC-A5XU,0.4881836515801555,0.0,0.04461305772960533,0.5620194699882162,0.3759649451384472,0.18490591977160692
TCGA-AC-A62V,0.4482360440655027,0.0,0.020855562873201488,0.4232837969334284,0.08294855148790323,0.42034422567905316
TCGA-AC-A62X,0.22516520513904076,0.6677265240387745,0.0,0.34498570091451625,0.6511071200189816,0.0
TCGA-AC-A62Y,0.616057498675294,0.3994312938927252,0.028302965384983024,0.15119879393790853,0.3485624614363044,0.4424454987946422
TCGA-AC-A6IV,0.7127962011129046,0.14785080315001561,0.16263346869539494,0.22371783890117883,0.1223095589257881,0.5594693583079026
TCGA-AC-A6IW,0.30537619678819783,0.30876215082783404,0.3366889870640572,0.0,0.4487551011951633,0.6934808320112535
TCGA-AC-A6IX,0.5839935883787268,0.2044136511204602,0.35116202832532334,0.2511651575358461,0.3338196718782443,0.21321505923630202
TCGA-AC-A6NO,0.4583492192338801,0.2015122898446151,0.1626765661963807,0.5217286491532718,0.33859916694827014,0.022644415066665396
TCGA-AC-A7VB,0.22927160834239882,0.11463882028301835,0.0477910158825332,0.4993840230859999,0.4969832476096376,0.0
TCGA-AC-A7VC,0.6531551581500199,0.3221364444634286,0.054837706294966704,0.3769286167677195,0.24006709536863366,0.1999382287330958
TCGA-AC-A8OP,0.5940087219943193,0.3153587792045222,0.26082088333336567,0.41060864553735477,0.0071948071999805635,0.18526067803010302
TCGA-AC-A8OQ,0.49463144834503087,0.24272718838114668,0.33534442486457905,0.4626183546533743,0.4742687731452094,0.2948522317810255
TCGA-AC-A8OR,0.33189782795817213,0.3827496758015222,0.011064410096732934,0.24829713879104298,0.24044080450088048,0.29093859057830695
TCGA-AC-A8OS,0.6179353681970358,0.19546680690402213,0.2295591980390204,0.4106756321561205,0.24083710095483066,0.30514749408024683
TCGA-AN-A03X,0.5355406202829097,0.0954020305075541,0.04225845289132559,0.48020880869776666,0.055710800686815644,0.39583720710528897
TCGA-AN-A03Y,0.36613203432331926,0.0,0.19061451103496194,0.39201186286326795,0.2554652492336895,0.369293100976947
TCGA-AN-A041,0.6196108837573553,0.15854770219428452,0.050779031811520645,0.4780908176681456,0.22121182733356862,0.2443213399098495
TCGA-AN-A046,0.3734648400552,0.13818195559268875,0.2265577302344307,0.43639669745460113,0.4850368034494324,0.5322420289303059
TCGA-AN-A049,0.5750860441144742,0.03198770716411346,0.14114129135941447,0.3305045318337042,0.371085940440797,0.3685992543411651
TCGA-AN-A04A,0.4919227545482767,0.19272115421714425,0.038100723484411625,0.5508898808876964,0.15683278479616145,0.29512286985875885
TCGA-AN-A04C,0.44903419528211663,0.3318493798226457,0.197279384859926,0.34875393505771707,0.15089045948850288,0.24950169715335024
TCGA-AN-A04D,0.2062942795494331,0.2535302466005603,0.09333699315963309,0.41203249428565064,0.24815397974372722,0.0
TCGA-AN-A0AJ,0.11135741801949053,0.16664938062839335,0.26935225510562766,0.7006220953517297,0.3357544240303801,0.6123892633641875
TCGA-AN-A0AK,0.03876008372918219,0.0,0.16079917924563042,0.7590647067581966,0.16179463109996264,0.5022884877527835
TCGA-AN-A0AL,0.4674624022246078,0.34327995613268025,0.428493464574884,0.5824252192155014,0.2517466793844072,0.26148346916884585
TCGA-AN-A0AM,0.32579866510937905,0.4674447388521268,0.06966224669641813,0.41404081437497076,0.47426883023261707,0.5192485974832034
TCGA-AN-A0AR,0.1671047665545496,0.04011970209002949,0.07720298339841515,0.4688157857116973,0.020865857972488886,0.25199493610404733
TCGA-AN-A0AS,0.445240326262652,0.31511027130586367,0.0,0.5486112718007552,0.11680812231016263,0.4859311822889348
TCGA-AN-A0AT,0.12270470187329485,0.34697219931805046,0.22437043069946133,0.523723965360367,0.44535973322855443,0.24518999450746842
TCGA-AN-A0FD,0.33640740035388506,0.04985167827070858,0.07772426186910357,0.6539536504193205,0.45108257378447697,0.3704255479613529
TCGA-AN-A0FF,0.5958033078466549,0.149798416464991,0.1865500415120766,0.24136063947877437,0.38042127700685996,0.3007924391252283
TCGA-AN-A0FJ,0.15288380951512454,0.32066904552960246,0.13037628443680524,0.9090512840713486,0.27968725865124633,0.1421349299037205
TCGA-AN-A0FK,0.4148839799098948,0.12108126446924582,0.08189976708403691,0.5260094579508318,0.3627929192149246,0.13833913550264723
TCGA-AN-A0FL,0.006995375805189326,0.14193777666760365,0.07959513969359928,0.8733613853939797,0.44879377837344786,0.13813842299523144
TCGA-AN-A0FN,0.8891638882047074,0.3320819035420353,0.40901463036437274,0.1285238504399156,0.3008219244021598,0.3152223947655845
TCGA-AN-A0FS,0.8640603751552016,0.24681616594657688,0.05395317481175949,0.18357392965147104,0.05592496509325225,0.09802025733166468
TCGA-AN-A0FT,0.5671779883186873,0.2576297778743239,0.09968284883312513,0.3730113096526443,0.1689507366447248,0.34352087040529855
TCGA-AN-A0FV,0.23571143614003806,0.09461918358588252,0.0,0.8686170024376956,0.1980679138467666,0.20385408676863692
TCGA-AN-A0FW,0.5120860736507439,0.0,0.21563935348314928,0.34317655911947287,0.24087835720126924,0.2723393562838369
TCGA-AN-A0FX,0.4091135745995574,0.28530717435291536,0.13830789182394684,0.6804642981365604,0.2522967159764035,0.07987225142727493
TCGA-AN-A0FY,0.33310922131730125,0.09059180800915007,0.10886384295642276,0.7587623873255986,0.35268669779211936,0.16031874186973577
TCGA-AN-A0FZ,0.499999627535501,0.06948561703652131,0.04265304570841843,0.6005852580713609,0.21235083805138896,0.07288167111406987
TCGA-AN-A0G0,0.17675422695755288,0.42947097093272496,0.10248904235627068,0.6086324686192593,0.3286565081175355,0.2961370355934126
TCGA-AN-A0XL,0.8776895183970297,0.2631479308521639,0.08192888079284362,0.14097012295482628,0.09524345248656756,0.18760117945271282
TCGA-AN-A0XN,0.46305845004988117,0.45303927815953066,0.009053243423732224,0.6503961962867888,0.0,0.5637110625299157
TCGA-AN-A0XO,0.46141660644811494,0.13149001420565734,0.0,0.6578008660572325,0.27628751461797774,0.034372845761331546
TCGA-AN-A0XP,0.4867623208322561,0.08512679887027624,0.026121253371752483,0.4768512683112799,0.5037459818022808,0.1831138730795771
TCGA-AN-A0XR,0.4114682537628894,0.056968111466291056,0.0,0.49566151570625916,0.6558758853320653,0.08795547146671522
TCGA-AN-A0XS,0.6364612111747227,0.060737821262473526,0.3065969563923404,0.3557135944109958,0.21483449244773922,0.32550529131092776
TCGA-AN-A0XT,0.5424710379472325,0.10402406423135231,0.15242798453873022,0.48250401495355144,0.25719227976658066,0.0
TCGA-AN-A0XU,0.0,0.3998784649295726,0.10754552702870282,0.7103844352540816,0.6558720771809686,0.433711677669273
TCGA-AN-A0XV,0.6308586879443816,0.07000956292202391,0.2362177938842685,0.38804860833217236,0.38508030629080325,0.10970945221366339
TCGA-AN-A0XW,0.34115253904347115,0.17576370794865015,0.19319471214088613,0.5774990181885228,0.3654834194004134,0.6598953773274842
TCGA-AO-A03L,0.49208794591965094,0.06612342876673308,0.14521654721632596,0.46500882610984934,0.3862046089158787,0.2863575490182405
TCGA-AO-A03M,0.32664117143997984,0.21942647493856773,0.30299244283802584,0.4552266326264147,0.45891141942728253,0.49744912932623514
TCGA-AO-A03N,0.4174659127023797,0.12111178389695294,0.03287593151949745,0.6806650167059808,0.34356189735957676,0.12357297545469707
TCGA-AO-A03O,0.11987270491701706,0.12772107259064297,0.21861620814063895,0.5372438615960982,0.5172976484872887,0.41061265299380645
TCGA-AO-A03P,0.34561754726827904,0.08026220633421148,0.0971406288557849,0.6000302157515214,0.4535050257859196,0.14486492434912104
TCGA-AO-A03R,0.515529003175406,0.2179550213504531,0.3960144296994992,0.20685594810279304,0.43213384146485784,0.2573281679494157
TCGA-AO-A03T,0.44088175714700295,0.07227330460125478,0.1992080038284418,0.3729676341973219,0.6950039370682998,0.1462013476737675
TCGA-AO-A03U,0.5982474900058499,0.6629090604335601,0.13234968153080898,0.09426815341145497,0.09720140604184029,0.8410316417341066
TCGA-AO-A03V,0.5167242921753964,0.06917173147192397,0.15491209543472031,0.500041714315209,0.34486510425852246,0.03281132810639554
TCGA-AO-A0J2,0.1991395312487739,0.30881696624943666,0.14203468959237228,0.4635029453860759,0.63780298580894,0.5060591081267378
TCGA-AO-A0J3,0.24311910284784852,0.0,0.09677427661277642,0.3393375612655904,0.463510375032494,0.14332761399554428
TCGA-AO-A0J4,0.5011785656220242,0.3056267435205649,0.46090463727481484,0.4393589386044318,0.5462930902083056,0.1427771190975551
TCGA-AO-A0J5,0.7321032844234423,0.040855190960816704,0.06117734153055263,0.30044197253071286,0.11965269052814048,0.268817602584199
TCGA-AO-A0J6,0.0,0.5263021107806128,0.11051498439099017,0.3164542479034331,0.5565047710223909,0.7228916066526516
TCGA-AO-A0J7,0.5592624572140851,0.02496068221734859,0.07388636806128482,0.2225421348209543,0.14052386222093688,0.11428050643117335
TCGA-AO-A0J8,0.5208562898223204,0.12074300734302429,0.12453344893517422,0.3538867815635426,0.32453927985832565,0.41341529781729125
TCGA-AO-A0J9,0.7113749453762163,0.08700417738289822,0.1878840896276497,0.10938985675685779,0.23061807282719102,0.5262180845955475
TCGA-AO-A0JA,0.5403251729843181,0.1263224587207838,0.05313227777612426,0.4045435607929884,0.1493070438703494,0.5240557411855371
TCGA-AO-A0JB,0.5590583528152471,0.3202652967780965,0.23418687751342135,0.23690193558972866,0.12334229722198373,0.268138953865255
TCGA-AO-A0JC,0.46829580684510214,0.42423251581073224,1.0,0.10373501292063571,0.4245557946369955,0.4778055571642985
TCGA-AO-A0JD,0.17710768317719133,0.28715594995156984,0.1779242489664359,0.5133442087677127,0.5787445774709528,0.2990423991170436
TCGA-AO-A0JE,0.46121800022331944,0.29934932632254274,0.1634893402521826,0.3997212433417877,0.2593503844506632,0.662506233199628
TCGA-AO-A0JF,0.7299387640519829,0.2609210386642486,0.10432626297970952,0.2563317567996292,0.15006405357691643,0.46594331661349486
TCGA-AO-A0JG,0.6393240774573252,0.09851781387552776,0.3440417405895642,0.27764869323111835,0.5149756123358182,0.2119661170503777
TCGA-AO-A0JI,0.24105798052626762,0.08036411777864151,0.27022660445778574,0.5111460499184309,0.28058321082373494,0.0
TCGA-AO-A0JJ,0.7487877505925143,0.2590432152892763,0.307679313853247,0.11958778306265998,0.2695807898670024,0.3176971170585102
TCGA-AO-A0JL,0.49902078844904474,0.4329685226819115,0.10463905555842674,0.45492227548178976,0.27702090378905314,0.05327910907523459
TCGA-AO-A0JM,0.5321669840002099,0.11632284241336446,0.07014612161654128,0.4104376096855633,0.41247778328089796,0.328348214808853
TCGA-AO-A124,0.006720322031370849,0.6200856288208891,0.03858489771694271,0.6563731446362823,0.5745668769262696,0.1696572773885558
TCGA-AO-A125,0.25529361408181606,0.35336614854260306,0.06686437168925723,0.4752140369202585,0.3384000874442311,0.0
TCGA-AO-A126,0.733052288949523,0.0,0.05714906346448503,0.16567201988679145,0.3368701557452092,0.3261019960774266
TCGA-AO-A128,0.1720366265734282,0.5208754303448119,0.4124041458360078,0.15067284911081055,0.49818006255729413,1.0
TCGA-AO-A129,0.29158518335822176,0.4601203261274585,0.40532748461557205,0.5213255449852268,0.4527802490812708,0.3293074709791264
TCGA-AO-A12A,0.6049194567100593,0.19214775539704115,0.14808003261140412,0.3856586286272292,0.48853686264560175,0.1718125208605756
TCGA-AO-A12B,0.2574732072550188,0.0,0.11102262733155362,0.5906295161382304,0.4934898125291079,0.13449552088360342
TCGA-AO-A12C,0.6665828059249559,0.11258947095916713,0.06412586078538135,0.5062404632459504,0.1782631454835075,0.10076719695168139
TCGA-AO-A12D,0.3900874760612261,0.26465219148252794,0.17002964453074046,0.4526513602922608,0.28154387687549537,0.692105518871562
TCGA-AO-A12E,0.6383675340126286,0.354001558338741,0.05146676677652486,0.17714504029875314,0.4497832550804603,0.17816058098681903
TCGA-AO-A12F,0.5471786170411934,0.49469942385294774,0.06187237061992408,0.4600665669063893,0.0,0.11466466920882129
TCGA-AO-A12G,0.5253598802135854,0.10735544408317663,0.18402970446613115,0.5230740482762308,0.07348736563862754,0.23150984147354964
TCGA-AO-A12H,0.51638433906618,0.19628610019177561,0.0031276180162473303,0.28057780548562894,0.3383303896411887,0.14976667532786395
TCGA-AO-A1KO,0.670051193765238,0.46058385706429844,0.06367086692069959,0.08207546662087563,0.1468326761421009,0.1351221307481936
TCGA-AO-A1KP,0.33442590096333125,0.036981509376053746,0.07374471347868466,0.5658418247819732,0.1999047462412542,0.0
TCGA-AO-A1KQ,0.19098843507648422,0.1417102211436852,0.28738903636168406,0.6466639030879342,0.4378202242878514,0.42328130076568143
TCGA-AO-A1KR,0.0,0.5311108189404903,0.20643565882398035,0.5233945372788856,0.7067862385329731,0.20348439734537932
TCGA-AO-A1KS,0.41476667461383177,0.2033653652037803,0.11163225975868643,0.42604834007933756,0.1464805919247091,0.2887465677633213
TCGA-AO-A1KT,0.5365847795814677,0.27509624606051025,0.09622417358385943,0.4235520561694198,0.23174655358662058,0.31607466469117607
TCGA-AQ-A04H,0.48717211215659045,0.22654950636184884,0.1358717143036882,0.4355406486925998,0.08121731627741607,0.20589074408243882
TCGA-AQ-A04J,0.47555852482401617,0.5469501085076983,0.5620660805373028,0.5278321756340927,0.19601560110581354,0.20678300242306416
TCGA-AQ-A04L,0.22986528681738708,0.37461962003026067,0.10608727444070022,0.9172109910602796,0.0,0.26155298663664384
TCGA-AQ-A0Y5,0.3230275442711763,0.3469755100368577,0.0,0.7838815003300763,0.009453274734635248,0.39623750686250714
TCGA-AQ-A1H2,0.30142183076477036,0.1394100016295908,0.051041355557958384,0.39011014988376924,0.25694558561889697,0.37071647506647537
TCGA-AQ-A1H3,0.6444379953195742,0.2456509139898498,0.21493977976955478,0.3445522903997134,0.268408142261739,0.1653515353986971
TCGA-AQ-A54N,0.0,0.4210305122050074,0.10879414671619733,0.03345864510785742,0.585225795966388,0.1069751905380492
TCGA-AQ-A54O,0.37865041178894965,0.0,0.2428516364403374,0.3083765475015543,0.332301486935974,0.28442536965950826
TCGA-AQ-A7U7,0.6809343136106505,0.12506270086964033,0.5172164923267522,0.22380644292079682,0.4310540721043177,0.4485973832868649
TCGA-AR-A0TP,0.22068705773159614,0.38000700722031794,0.031891693254093155,0.7289711290843476,0.11072388311805331,0.027339462229209674
TCGA-AR-A0TQ,0.4715089292449488,0.1727524731531926,0.29695034761727557,0.37271408881681695,0.43122616339824904,0.3425482309074829
TCGA-AR-A0TR,0.16201835665853473,0.18330054165705142,0.3822356207014321,0.10654611907689476,0.33744973345881385,0.05432225257099543
TCGA-AR-A0TS,0.5993258623974943,0.23886151931840274,0.6523524059952908,0.16298088604466782,0.23432476086715154,0.25297230270184123
TCGA-AR-A0TT,0.3529672299458397,0.3390251280466231,0.45425195788418715,0.4771684069600441,0.2962409774132298,0.5944536696103271
TCGA-AR-A0TU,0.0,0.35752711466462883,0.16003850935001593,0.36065447938745104,0.5876624478746684,0.6353815161842365
TCGA-AR-A0TV,0.26125935652924986,0.11247368423814622,0.25360560601508103,0.27793519480362755,0.5449857517566059,0.4615122215801408
TCGA-AR-A0TW,0.1624278396982484,0.11335438879497667,0.2912474742951743,0.530991662251649,0.4762870842809965,0.5387664528619217
TCGA-AR-A0TX,0.398246661830587,0.1853371254614729,0.33138713962702904,0.39509979072136137,0.3874301903336758,0.5680391409602396
TCGA-AR-A0TY,0.48711896226249163,0.12201482671513866,0.232558314928246,0.45083000011757624,0.16496147256553265,0.016384570753801963
TCGA-AR-A0TZ,0.5181868232641058,0.1943435086158538,0.07684194223208225,0.3932383190897701,0.19929309194028216,0.14349522390291994
TCGA-AR-A0U0,0.06834342553703981,0.4125946226385772,0.2276368800892557,0.5149944289600557,0.5751839872819213,0.7420117509222378
TCGA-AR-A0U1,0.36937114775179486,0.472935831076359,0.22798025664641325,0.3484167085869676,0.3975875102674545,0.25370496531134934
TCGA-AR-A0U2,0.1333102211899802,0.0,0.15566907226999419,0.6476118708134567,0.47431425842220565,0.4173009652361643
TCGA-AR-A0U3,0.3055755218079019,0.132715469765217,0.1305395367866673,0.5463329814698727,0.5056427696929869,0.1734049345848621
TCGA-AR-A0U4,0.5992760980045767,1.0,0.17219732292464102,0.0,0.3260350889634871,0.5257782031873199
TCGA-AR-A1AH,0.4424805325063402,0.6242758381794058,0.030176146399796853,0.309732993269084,0.12785762331079994,0.06003008865912823
TCGA-AR-A1AI,0.0,0.49446180121173705,0.28484296728999636,0.4769706929379723,0.43553278915046423,0.6880735880716589
TCGA-AR-A1AJ,0.4861557164309178,0.5995557967542553,0.4388596950947668,0.12866698109085176,0.27160126708762417,0.7573746626220546
TCGA-AR-A1AK,0.7268724535662837,0.3793261618850942,0.14423640461785628,0.0,0.4061552782390613,0.45733602721209193
TCGA-AR-A1AL,0.9297946427148791,0.34961098080157615,0.18333830766763462,0.1055374048100283,0.10250818182934031,0.15567535433119278
TCGA-AR-A1AM,0.5551389967690408,0.13765505384769455,0.198533489829706,0.4094730130556636,0.2182726088856406,0.2586184288671558
TCGA-AR-A1AN,0.7690572026699364,0.324518296525508,0.1525186308958784,0.2342443073041215,0.11729474025967729,0.17938329073776885
TCGA-AR-A1AO,0.703126865650727,0.6257424027479382,0.29739618699266734,0.029279235169219497,0.09987035065918759,0.6805401570367161
TCGA-AR-A1AP,0.4424343597562162,0.3216287206646358,0.053800302216146664,0.4410671206680209,0.25422872651742906,0.471906016899964
TCGA-AR-A1AQ,0.2579134751877278,0.4344388818813275,0.38016297104065294,0.4906684570093188,0.45015900858236385,0.5307531360060002
TCGA-AR-A1AR,0.6435843503292,0.694116861711482,0.2375529910281981,0.044211077683406014,0.1864744920065314,0.5322516006774306
TCGA-AR-A1AS,0.3463428834299371,0.2970488377558972,0.0,0.6743169464048557,0.0,0.25837866121057573
TCGA-AR-A1AT,0.3792285298301434,0.302256400323412,0.28226645947625084,0.4059435615051926,0.4046411872119608,0.5386121466017364
TCGA-AR-A1AU,0.6596689804667935,0.346654068104446,0.06020288032274779,0.324166639965128,0.2818566288311808,0.1133020276582021
TCGA-AR-A1AV,0.4903220028270464,0.09621713618564538,0.004044495267973958,0.5095689140105946,0.32035585884140216,0.18343516545869556
TCGA-AR-A1AW,0.3323317308996765,0.18954346171531203,0.7370855750812192,0.36229154392299606,0.4265049654694249,0.5806096625793116
TCGA-AR-A1AX,0.5667333276047759,0.19143975573274283,0.5661038595646471,0.2358467224962998,0.4794242411488432,0.3188041947089196
TCGA-AR-A1AY,0.20615849643899875,0.46100741410036067,0.049494342948363135,0.7060568788911259,0.43722839358377624,0.06802896947869619
TCGA-AR-A24H,0.3284348373731931,0.257724097517451,0.13178460771449074,0.27557481180376375,0.3561260292776167,0.39075352408878034
TCGA-AR-A24K,0.3414171548446191,0.13387748848432238,0.0670470074169737,0.5683889539173613,0.27969880154425114,0.04165577782453555
TCGA-AR-A24L,0.5236167201415894,0.06391619380973762,0.04390890158646621,0.5754323125717106,0.19969948467018456,0.16127608876552657
TCGA-AR-A24M,0.6100720127732706,0.14937489286657993,0.009667427172129124,0.3975582753462959,0.2041493024373277,0.257484939199547
TCGA-AR-A24N,0.4751614583144609,0.07290690806443803,0.11087151941723081,0.5268058102425678,0.619124509045671,0.07556504638027364
TCGA-AR-A24O,0.8099890432042185,0.33260121336668,0.1725059801650839,0.2272859978304785,0.22194330672904325,0.30232434002681813
TCGA-AR-A24P,0.6237452035055683,0.2222513551311941,0.07487572319518288,0.37544111266916985,0.2684287850916394,0.22097071478716002
TCGA-AR-A24Q,0.37070317227559263,0.16903888101075681,0.2402995655340941,0.6619671832694516,0.288709068488113,0.3337332839683125
TCGA-AR-A24R,0.30914895430053524,0.08437216340269735,0.1916111534958019,0.5177535033214541,0.4185018179073021,0.3766427944682415
TCGA-AR-A24S,0.625785609633759,0.2779021273054673,0.17415768886146474,0.2998006931488508,0.12863322703425478,0.5109012054290157
TCGA-AR-A24T,0.7379339283458176,0.14898938911873824,0.08190120022744547,0.3516513423261064,0.12696971209787583,0.2759334435345575
TCGA-AR-A24U,0.5310577925129913,0.43341556420943544,0.3589083774253447,0.27508200452542286,0.1444246154713478,0.5474845579247739
TCGA-AR-A24V,0.4888034046738177,0.19842202210027704,0.0,0.5447697074059555,0.29185770609229217,0.4330317036111665
TCGA-AR-A24W,0.8409543901540308,0.5080590200584583,0.06479004022608478,0.13782197724961687,0.22491420555553412,0.0
TCGA-AR-A24X,0.6921788982616877,0.2375374515707326,0.23025223093400154,0.3215689332675848,0.4032975332766006,0.0
TCGA-AR-A24Z,0.2818636214331011,0.22356912177691252,0.016092619777902224,0.5137251471909916,0.2155067104931282,0.3452699449896827
TCGA-AR-A250,0.4704091200890307,0.10078409853387993,0.06040721658960434,0.5073700015062873,0.38194376799982127,0.48377216888542074
TCGA-AR-A251,0.4824976974876478,0.3931231517775244,0.08904620660203684,0.3629555933462713,0.16458528639127498,0.32687549084278333
TCGA-AR-A252,0.5093811902752311,0.22762810197127462,0.42892337778862355,0.20323799417477598,0.2401272697508261,0.6906984248710499
TCGA-AR-A254,0.46320793927776593,0.3733838377478197,0.10752762365982935,0.3393475917493108,0.06786375115371517,0.7193265927298017
TCGA-AR-A255,0.616708848728768,0.07216252674289156,0.1408025538343081,0.25708015727916095,0.43958813133060365,0.37858026013169155
TCGA-AR-A256,0.3425488141872679,0.4067074888833128,0.05483222999307135,0.38958500758337505,0.4746915823965267,0.2870996182002566
TCGA-AR-A2LE,0.6310859369527183,0.13249201706989144,0.1465962989834098,0.2634710899182775,0.32193850917046246,0.1709059500254082
TCGA-AR-A2LH,0.6833589477804183,0.5129279459438969,0.38925519372782036,0.10173672899526966,0.31622709115678904,0.41031324647901884
TCGA-AR-A2LJ,0.7603973136414842,0.22726877382685332,0.2605530314940912,0.01211370986855612,0.14135259745724074,0.495383257145737
TCGA-AR-A2LK,0.5035659673927179,0.10355707409380484,0.0660037782522861,0.34266621400470887,0.06895890014468221,0.35642313893957145
TCGA-AR-A2LL,0.5263007605518989,0.1534485121862518,0.17304334853818926,0.1900682424757508,0.06093097208697081,0.3501056607308496
TCGA-AR-A2LM,0.7410332867194953,0.09602828552937488,0.10411146361079648,0.28471783614453755,0.1674024169497935,0.27634829861839894
TCGA-AR-A2LN,0.8820974001539154,0.4220709655217017,0.16614636876900662,0.134319647274745,0.21487832613577448,0.15689853047077365
TCGA-AR-A2LO,0.7317081853703551,0.21697743754421916,0.3322084406205634,0.13839797735450626,0.3794146247439365,0.26741152013225306
TCGA-AR-A2LQ,0.854342958889754,0.33196096222246085,0.08650850435719415,0.216778868045761,0.0,0.3003236989763302
TCGA-AR-A2LR,0.6375484498304423,0.25951178319515833,0.033224115265639856,0.3026645734548608,0.06725404282333224,0.32819974394929835
TCGA-AR-A5QM,0.7878847593147112,0.3132667587700973,0.15147367054900338,0.1008748314569189,0.2851671802408685,0.28047444317445946
TCGA-AR-A5QN,0.5174985155245533,0.28735275415106565,0.11051050771071969,0.41721154456031384,0.29266410805451676,0.29855010530096654
TCGA-AR-A5QP,0.7180300224854739,0.25978023840875214,0.13918684600322478,0.19742521282240957,0.3386765515462106,0.11927820000092679
TCGA-AR-A5QQ,0.27987451493620585,0.873132922274882,0.42068996388577634,0.5200564864000419,0.28050376221056994,0.5973753500327211
TCGA-B6-A0I1,0.0,0.33159020445638904,0.021443035840189997,0.6672323539988556,0.6089133953282775,0.0
TCGA-B6-A0I2,0.0,0.5792439799317557,0.4073283342166988,0.25610102819073416,0.6937583577563298,0.644681232932614
TCGA-B6-A0I5,0.5161365898573439,0.2870879100818314,0.2452349830231233,0.4389748835739731,0.17899914565621675,0.2158482803100392
TCGA-B6-A0I6,0.28121515049801876,0.26989924486636757,0.10335185016865715,0.835218385037331,0.12869445692596757,0.15731399104754137
TCGA-B6-A0I8,0.4074073908734131,0.033976782183626104,0.10198993854913094,0.5836446665666016,0.0,0.14058262052611645
TCGA-B6-A0I9,0.19572927964663148,0.19638018757343031,0.15858934424867124,0.6939482214538983,0.6420205177221657,0.1776096498790476
TCGA-B6-A0IA,0.4189872168015722,0.20994177569366265,0.091300206500216,0.11596909751317917,0.3825304026860912,0.06417120705135435
TCGA-B6-A0IB,0.41699545891416884,0.0,0.11531634075094051,0.32137948554358464,0.3208655552664121,0.0
TCGA-B6-A0IC,0.3521380695509143,0.2905890382949762,0.061274980211985866,0.0,0.1893785045302038,0.06256028901309327
TCGA-B6-A0IE,0.4067328534017391,0.0,0.26107136457154134,0.4974250164613945,0.1863108347758745,0.03635035008306652
TCGA-B6-A0IG,0.18268560549359517,0.13302793178317496,0.20200261864473812,0.8713470808755057,0.5917179168070518,0.017214619375657055
TCGA-B6-A0IH,0.7508662245550771,0.06945409922950045,0.25128912282080595,0.27861136040567597,0.32011087106373387,0.23085301365724706
TCGA-B6-A0IJ,0.3739751253068136,0.5413194644689573,0.38065521062914703,0.13024899794894526,0.5209280728726451,0.41458726206869745
TCGA-B6-A0IK,0.20911387535216547,0.28299783717020394,0.2024166945515533,0.7274232743619246,0.2002763231936326,0.2986620958915127
TCGA-B6-A0IM,0.5174325871869049,0.1250111230992653,0.06711730901098416,0.4534458694107554,0.23710635062847862,0.21149779732263932
TCGA-B6-A0IN,0.6537364480105613,0.2768634224303321,0.43505613114145814,0.3418309439061922,0.15597157611652523,0.18999528794784565
TCGA-B6-A0IO,0.3362049163313189,0.020565956559687952,0.11369066187186788,0.38521304816317553,0.6898814756151718,0.09612674859736703
TCGA-B6-A0IP,0.6116429451189311,0.03808701484424077,0.3630969115536455,0.3062104014405154,0.4345535032013574,1.264947624749996e-05
TCGA-B6-A0IQ,0.1167018815984363,0.48133960532079584,0.23566102962352842,0.5654831816362581,0.4985444636021408,0.1267073006170014
TCGA-B6-A0RE,0.26736632618019546,0.39661253971605037,0.034075137526570036,0.597627207251814,0.3937358922830761,0.1792285603679729
TCGA-B6-A0RG,0.5510865560275858,0.2665666509717884,0.031107520878587657,0.4112981472920447,0.13571257259383088,0.11301736165059045
TCGA-B6-A0RH,0.11782834372480394,0.19873342496482505,0.051855087551953546,0.8402124419013023,0.5238971588991835,0.3108714246969442
TCGA-B6-A0RI,0.6127491116060213,0.2098671992438469,0.0,0.37851833045890987,0.12243723803733034,0.3413506296413053
TCGA-B6-A0RL,0.0,0.2609719253050873,0.08099834286664187,0.10310493194388053,0.4215146101681878,0.0
TCGA-B6-A0RM,0.4122007426255004,0.0,0.1324130859350965,0.27539348082441767,0.2061355003833526,0.11713028506216472
TCGA-B6-A0RN,0.6429160473783493,0.04727525487823871,0.16322372400451754,0.3870855140292057,0.2726702484262623,0.017302353271841396
TCGA-B6-A0RO,0.2447463824905073,0.0836509363555256,0.05694919039417276,0.5241548496209578,0.5553532960927549,0.13066028370387564
TCGA-B6-A0RP,0.6084021172584849,0.2017799503694066,0.14672708924598243,0.32079048702777674,0.2098901541348518,0.3466673420284961
TCGA-B6-A0RQ,0.5075691740549735,0.24447169951273784,0.06603719561279099,0.34303501308895007,0.3295732822977173,0.0
TCGA-B6-A0RS,0.5557657265112371,0.5285010493258229,0.204571021159691,0.2293766978587155,0.2937489243430725,0.39127719447944237
TCGA-B6-A0RT,0.2876326068124775,0.2586930492272079,0.7118552735120011,0.29417933678350905,0.3956274417856548,0.7500933080835603
TCGA-B6-A0RU,0.3927591363369797,0.32784874022650307,0.07387601899457014,0.6365733643979004,0.4171165445075673,0.04688371397503906
TCGA-B6-A0RV,0.5493744130356589,0.19791898456751827,0.2518191845159133,0.308012142003677,0.4266727542135887,0.1665951805186826
TCGA-B6-A0WS,0.5388336281491174,0.1176572753909455,0.3134891271742781,0.3436810086448244,0.3435258836082629,0.380933686494753
TCGA-B6-A0WT,0.5192702850769568,0.0,0.05123681054818766,0.4902159245720518,0.37076836565592197,0.17423996396142194
TCGA-B6-A0WV,0.20231610900565505,0.06096488798358356,0.012374438582086323,0.7672428947605776,0.37136163340130895,0.0
TCGA-B6-A0WW,0.37610650450766037,0.0,0.04794220968370525,0.596543281125838,0.44809828540030444,0.21564841077627794
TCGA-B6-A0WX,0.6087931504050332,0.0,0.3300199785440048,0.4115334163534782,0.2992385398212196,0.12726876482290336
TCGA-B6-A0WY,0.6223465979782439,0.09255281332310164,0.16448470818965144,0.36414744728849424,0.46475468902210015,0.17107563885238938
TCGA-B6-A0WZ,0.36730822116875184,0.07057054239666533,0.0,0.6134110374825966,0.31451331180436537,0.20862250397418028
TCGA-B6-A0X0,0.5637799082767725,0.07779609317021383,0.14390528219513726,0.20209868292393726,0.428676742149155,0.0
TCGA-B6-A0X1,0.044404300710757426,0.5011423168575817,0.13468445903089157,0.25511274852728305,0.6002474652921518,0.6059154325451671
TCGA-B6-A0X4,0.0,0.1933289341566087,0.0,0.8321415731550847,0.4355385281944833,0.0
TCGA-B6-A0X5,0.4491081344067283,0.0,0.044954648868523156,0.20190429240325425,0.6939465645147029,0.0
TCGA-B6-A0X7,0.5736925537190758,0.0,0.08058822928865006,0.506690126309679,0.3442342036745007,0.0655761903529621
TCGA-B6-A1KC,0.44781977691900104,0.09974022008838412,0.05780594183597071,0.3751877258140597,0.0,0.1565432320916239
TCGA-B6-A1KF,0.14627770534888973,0.37954058739298446,0.0,0.8759024371123836,0.1560281653511318,0.0
TCGA-B6-A1KI,0.5557129180706024,0.08268220415665162,0.0766347472199234,0.5417290863529717,0.27127275564553,0.0
TCGA-B6-A1KN,0.48011238456443966,0.1771758467913649,0.11400425605631251,0.4495517220322307,0.3814633504337694,0.19754906568935504
TCGA-B6-A2IU,0.5261306820259679,0.12742526098009724,0.12242828355013137,0.32523417944108796,0.24795562560989953,0.07693002637550664
TCGA-B6-A3ZX,0.45321671788898665,0.16150915240525754,0.818291529232375,0.2594445735942023,0.5353538418073999,0.13007486176160618
TCGA-B6-A400,0.5593197099226612,0.41920343455966175,0.11666859643386754,0.34750183198724477,0.23140852128234493,0.44211477213919637
TCGA-B6-A401,0.5203514512893983,0.376563051554448,0.28060136588955903,0.4223571228273508,0.206307952598072,0.26786815769171135
TCGA-B6-A402,0.03220923624956201,0.28131652481317193,0.02349894038738625,0.8569008741413517,0.32794191369613374,0.14828958901131245
TCGA-B6-A408,0.4836598284113983,0.001070174948014671,0.2373648113447776,0.31483994716689195,0.4881548482670098,0.3872312210862853
TCGA-B6-A409,0.27547593051754166,0.32837634037039853,0.1317563659625862,0.48909955878505745,0.22619527806467632,0.32926822584970095
TCGA-B6-A40B,0.7026634250119608,0.3356924390313428,0.10949926181019246,0.3197142931748259,0.33020761366955775,0.08616989934811835
TCGA-B6-A40C,0.5223569079228318,0.09322483998497545,0.10628081898311892,0.45601124560155654,0.39763303088685803,0.29740648709103085
TCGA-BH-A0AU,0.45879024244888744,0.13072847821443553,0.16263519278221686,0.38266242677650736,0.43592935114418874,0.10283135921803176
TCGA-BH-A0AV,0.5812578000762576,0.5957182917318407,0.06951010499640647,0.49920238447536586,0.09294002173391863,0.2040201032415489
TCGA-BH-A0AW,0.3370593868100738,0.24140415206959007,0.40132494136809993,0.4410035431147733,0.23861341537895434,0.6843831392040075
TCGA-BH-A0AY,0.6592251068206072,0.2426874432554571,0.11371139920892732,0.26754170829528223,0.31008207911147917,0.2652053016468432
TCGA-BH-A0AZ,0.7785647161473761,0.19099646085645658,0.10305901189383222,0.30325323644400237,0.2109515354393321,0.13065547843870945
TCGA-BH-A0B0,0.5324222361040765,0.05058915745915312,0.24991763348639984,0.4660715460660362,0.4274485676164331,0.364892399176543
TCGA-BH-A0B1,0.5883902704809915,0.23251353757915438,0.15796378634016014,0.39131441249423843,0.35529642681301554,0.06472292470054164
TCGA-BH-A0B2,0.7392717491256895,0.23020398064756675,0.21552733448004854,0.19243135613139978,0.35745014545100245,0.2886569635712917
TCGA-BH-A0B3,0.46524866507816703,0.42366952874186425,0.1641503984175327,0.3669287788523389,0.5318057947263838,0.30207835727224736
TCGA-BH-A0B4,0.6125970132853658,0.10385597579890174,0.162119891595338,0.4436048885715719,0.2557876054341708,0.33961129363111514
TCGA-BH-A0B5,0.6668343671872434,0.33299341447848685,0.09254834784523001,0.23497521713330652,0.14383042021953776,0.28744457701505427
TCGA-BH-A0B6,0.3905358236659017,0.19973348801690038,0.6436979059800242,0.30551675093354647,0.464677605034571,0.6134319516793282
TCGA-BH-A0B7,0.5971322530565051,0.32097432490957656,0.2505732284574306,0.2678306184956908,0.2624281679683846,0.1436842580854218
TCGA-BH-A0B8,0.6792539249935282,0.3966284984638757,0.0700842350895436,0.19976286402858215,0.19794478561361104,0.2148757279979915
TCGA-BH-A0B9,0.0,0.3820488577997735,0.35783320771311666,0.3948299403568061,0.5529384287947121,0.5435601045962697
TCGA-BH-A0BA,0.680179085879824,0.3122161231613951,0.19803638095220277,0.22175591819937635,0.22441509601869022,0.1779464431751739
TCGA-BH-A0BC,0.7179911630140732,0.31204732655844114,0.1218747069995649,0.1485224354570215,0.29342276732607914,0.3184633755113278
TCGA-BH-A0BD,0.5820826783499154,0.11814152325101843,0.1663794221745946,0.27931630746476455,0.42781634230138293,0.39622031451914924
TCGA-BH-A0BF,0.4926834836945172,0.24808341353586366,0.29972740727855757,0.3146840342184282,0.27173613511776795,0.7470874609399523
TCGA-BH-A0BG,0.4647998985211762,0.23147564247954328,0.34009145080916425,0.18491110729412524,0.6712725155535524,0.38635303010648153
TCGA-BH-A0BJ,0.7883900033103869,0.2665759161755666,0.11093108561577275,0.15952586065417618,0.35362059586211764,0.11145328164101881
TCGA-BH-A0BL,0.43167982737528215,0.38731538131789195,0.2770664464675344,0.5647729175787521,0.2612397105093428,0.547940214473683
TCGA-BH-A0BM,0.5709401514235067,0.3299987033699452,0.12855702306498085,0.25539554018048405,0.4710418032404043,0.0
TCGA-BH-A0BO,1.0,0.9167671919681459,0.08737303132226416,0.0,0.03513267663032277,0.2865023449238125
TCGA-BH-A0BP,0.7213074034069479,0.2578348581442709,0.07338585122229102,0.2788015138641544,0.08932223195226209,0.23202588094988885
TCGA-BH-A0BQ,0.733777983377697,0.3260381684099652,0.14765419392563764,0.2163198835144678,0.3794499032058913,0.13969972324823454
TCGA-BH-A0BR,0.5492968399432541,0.30610787567525677,0.07407286581940527,0.4369870809756375,0.24963981486016965,0.4752688551885475
TCGA-BH-A0BS,0.42214694591517526,0.2455300919937866,0.11035240031942777,0.4398697670389515,0.3379016568680474,0.019206620235505283
TCGA-BH-A0BT,0.5053867778955975,0.2581167686348204,0.12701165551379176,0.32189205609677674,0.531318574134574,0.06241264042611672
TCGA-BH-A0BV,0.6112799584558029,0.26828360047040356,0.08200234580342038,0.3369947840496379,0.315746872287473,0.18553478402511392
TCGA-BH-A0BW,0.6409903403033271,0.6148850083031143,0.397309712831639,0.006743297648643142,0.5170091117298734,0.3937164848831541
TCGA-BH-A0BZ,0.5987097027356045,0.34526069830060735,0.11943484547434409,0.22965433311020675,0.3276124273178101,0.4891150522259978
TCGA-BH-A0C0,0.35426404064971057,0.33476500768312634,0.2358412290995811,0.3646153604534646,0.3779339207818151,0.36212055115851055
TCGA-BH-A0C1,0.5846560160472778,0.12615203645221496,0.1363274909801823,0.38509773556063726,0.3608881257356773,0.35854807377774295
TCGA-BH-A0C3,0.6031978997230598,0.19173143412836596,0.18356177729667494,0.30897756048401986,0.36578797849922945,0.18856673762276663
TCGA-BH-A0C7,0.49210658499554355,0.16179945534852444,0.06743360075584139,0.4399249826179585,0.36334378239632614,0.2262186379278115
TCGA-BH-A0DD,0.6678995788376147,0.22203071274940886,0.06075941795860501,0.13431099485442616,0.38433634419669216,0.3131540565224747
TCGA-BH-A0DE,0.7738887256249338,0.40898227620301814,0.11685760906965198,0.16812975116310683,0.21780901819000065,0.3155261897162176
TCGA-BH-A0DG,0.671469071171823,0.15997647644542295,0.16975944495760295,0.2433301029134547,0.3463275862496089,0.19441935132417512
TCGA-BH-A0DH,0.5864928136327021,0.1180309551937886,0.09688850567549155,0.25839944696147843,0.40367801604523995,0.2557158004455785
TCGA-BH-A0DI,0.7423571848889687,0.15267687001907992,0.19720797814355226,0.3097196767149178,0.15604217555833308,0.34753531197683113
TCGA-BH-A0DK,0.6412242133734193,0.3607359721500187,0.18027279130874788,0.2934873669512751,0.28707997500602883,0.18148686332859032
TCGA-BH-A0DL,0.48328639562317804,0.5725852312645981,0.18323642548704364,0.2125317395017864,0.3473695453992737,0.4969466079447355
TCGA-BH-A0DO,0.6118408170955264,0.3691799151442453,0.17355711549387967,0.1858924210730612,0.2542744882132318,0.0
TCGA-BH-A0DP,0.6237142059545973,0.21506196734821048,0.12107083099936417,0.2711902412016399,0.2100981852056714,0.21378063484184354
TCGA-BH-A0DQ,0.6357839934038271,0.18523433314858173,0.1161111119141378,0.35531378661231655,0.28238717703976457,0.14037384507040937
TCGA-BH-A0DS,0.53244919566214,0.26084649934427173,0.18699844450883069,0.4142723857397948,0.14342675825940795,0.3930257339085559
TCGA-BH-A0DT,0.6668414295036218,0.31737938588145387,0.11644520152150242,0.3193227852316978,0.40847165376536976,0.02272268827949511
TCGA-BH-A0DV,0.789301690535772,0.3157367739949527,0.10524094354687907,0.21809303959421086,0.27713830047666305,0.04484104291337382
TCGA-BH-A0DX,0.7091428704241988,0.24372074549849848,0.11505473532148411,0.2692484862079445,0.11654767229859524,0.4288371408914001
TCGA-BH-A0DZ,0.45134590555445286,0.39558483825442825,0.06690081125593944,0.48936841746849985,0.2508848103843243,0.3494006011252087
TCGA-BH-A0E0,0.345602632913306,0.381570785596114,0.17774902044738933,0.5059442370154217,0.1078178388888744,0.12474056488554269
TCGA-BH-A0E1,0.5293458555870395,0.21044616817682962,0.08930787716694882,0.31419636872907863,0.3761974913515817,0.0
TCGA-BH-A0E2,0.4660337802491944,0.25819130177093536,0.096468112219183,0.5065179394399083,0.368773673891336,0.23930165372366247
TCGA-BH-A0E6,0.36774841471420444,0.3451832745558474,0.372857202148277,0.4039663151772179,0.30620052300175005,0.14985473207479222
TCGA-BH-A0E7,0.5635408359122026,0.053029711974356235,0.00911144957448328,0.43390728089613856,0.20200537889141537,0.11866489850909406
TCGA-BH-A0E9,0.6620812905676913,0.18915133630120912,0.2208319289416354,0.2614771051813421,0.23060744748385742,0.10365175599247563
TCGA-BH-A0EA,0.6702881682155039,0.26624717300270684,0.11437505858118616,0.330648387799385,0.20928631172505374,0.148528538403738
TCGA-BH-A0EB,0.5813332306927991,0.14597555550234578,0.13041510936667197,0.3169940323558903,0.3710849947624382,0.4647057832206939
TCGA-BH-A0EE,0.0,0.5525672172561412,0.21969553602777891,0.4277487110621409,0.7985060772901469,0.23780901800947968
TCGA-BH-A0EI,0.5338669859362132,0.02004068832375204,0.00037896206018845155,0.5821115210832806,0.20025979130513225,0.21137638841387132
TCGA-BH-A0GY,0.4597154190311695,0.3968538861143673,0.1895379189628297,0.48423869582221063,0.15329431226496248,0.37274484210778386
TCGA-BH-A0GZ,0.5536969682986314,0.1408492052503813,0.07010500478831685,0.43375214115742144,0.15746550510926352,0.16638880077059892
TCGA-BH-A0H0,0.4637804157870898,0.11189458263585779,0.15201321693851277,0.09008391142906512,0.1828068252933763,0.2442460540738203
TCGA-BH-A0H3,0.7374237349096912,0.1762321941676212,0.12958725606662244,0.30368442946785384,0.2760426611013121,0.21464538466159536
TCGA-BH-A0H5,0.5890008227627619,0.26327340899134727,0.3405200515346953,0.17347807247600536,0.4804870429143552,0.26309230682790297
TCGA-BH-A0H6,0.572267744525243,0.1648600314220965,0.029709372843200924,0.5336174514079142,0.0995149184097454,0.1820010250036933
TCGA-BH-A0H7,0.43507703430489403,0.0803513176425419,0.12435692730502296,0.5477881710414929,0.3680241218929741,0.15655191644324237
TCGA-BH-A0H9,0.662463166605747,0.36764612910548394,0.09935187390776569,0.20903664410937098,0.30153321822408674,0.12404056877834728
TCGA-BH-A0HA,0.438357274086165,0.06981507099893304,0.16697082953483394,0.4223196434518005,0.5725823300984552,0.14080171348520693
TCGA-BH-A0HB,0.40558950340352296,0.2732258064107234,0.18627724046563227,0.29361323628502894,0.27670758022468633,0.5254481419518928
TCGA-BH-A0HF,0.6611768305091466,0.44688157993130506,0.1455278430089806,0.29216248459586147,0.1065358700191572,0.3929892195473405
TCGA-BH-A0HI,0.6340635039505524,0.28848992675160157,0.06644762194148608,0.37528119425239725,0.3142568058890744,0.2249156718358011
TCGA-BH-A0HK,0.7351885978084406,0.4585680484345318,0.09937113856370727,0.1801080110860813,0.21391526777146327,0.21591932682066828
TCGA-BH-A0HL,0.2561305333192356,0.035772603226484595,0.03827808678304456,0.6506933518924233,0.23051498882942997,0.0
TCGA-BH-A0HN,0.24571938206052427,0.1413796008301993,0.0706249243121786,0.30691812329404994,0.14220162643626938,0.2826473241055389
TCGA-BH-A0HO,0.5348105933647457,0.23051579545479123,0.13755281787407037,0.27779710236362376,0.3178626340866789,0.2963739708836192
TCGA-BH-A0HP,0.541772485878515,0.09406221515777663,0.05864085696182867,0.409440442672305,0.40100345154693123,0.32843394054281494
TCGA-BH-A0HQ,0.5922784454892873,0.15263658650199124,0.0,0.3897521202423535,0.3581353250256124,0.15094382187472385
TCGA-BH-A0HU,0.24488059665120215,0.017807545878481445,0.10660586240509849,0.5650526022053555,0.6055387085808865,0.16266408313620281
TCGA-BH-A0HW,0.21528045444741256,0.16967447552315876,0.047135816242412344,0.61343082421053,0.21910830708842643,0.0
TCGA-BH-A0HX,0.46213525287169605,0.22706354398554715,0.08182992365783798,0.5383400262289121,0.13784072095173622,0.289308942245627
TCGA-BH-A0HY,0.6692670796443512,0.020633771806049753,0.05769745663701787,0.32308597505011394,0.25367758252954775,0.09709294237420243
TCGA-BH-A0RX,0.4926823550679079,0.5290262863071268,0.46219157279732376,0.2340659225689855,0.27784265649415196,0.670235590232353
TCGA-BH-A0W3,0.45979439901563224,0.11136542866491804,0.03897217129040314,0.15853556848359593,0.35721822700188055,0.24152260844537835
TCGA-BH-A0W4,0.6962507659388352,0.19325908624654642,0.05133698704656898,0.4290579827266621,0.14535170224688268,0.05393350835611357
TCGA-BH-A0W5,0.6694001875542904,0.1104960231202399,0.6508565062990053,0.3222466360091395,0.3990391935168437,0.08256692364255604
TCGA-BH-A0W7,0.5793551935887329,0.1473178428721213,0.34061925222055994,0.32230738679897425,0.3235146062368187,0.42952384787906245
TCGA-BH-A0WA,0.19499201496513205,0.3140248700274276,0.10641762681237417,0.7981409754411902,0.48533790016505607,0.2398598446712995
TCGA-BH-A18F,0.699685269098583,0.20731404889700772,0.22371854091203175,0.2788957699368947,0.427676702020814,0.1500995749617349
TCGA-BH-A18G,0.11285557957040447,0.37069508634276227,0.011826837150088485,0.731248374191453,0.3548635750559612,0.4783350957753338
TCGA-BH-A18H,0.4528286054453598,0.3202518937005144,0.44789362907676405,0.309709807598865,0.43606914868266894,0.465476804275588
TCGA-BH-A18I,0.7002930946448358,0.1753727747371025,0.22424551963142259,0.28840184985088463,0.2979830549663229,0.3761752486337562
TCGA-BH-A18J,0.6020477858988225,0.3068104707826424,0.007240518556816542,0.35340290023319443,0.3082437935219843,0.21191896294000925
TCGA-BH-A18K,0.5514406142816981,0.26580820782988795,0.09515168552597641,0.4493480050045513,0.30022882579292703,0.03801296848048264
TCGA-BH-A18L,0.48179429902423565,0.29029579660950705,0.06017201872959315,0.31899710589978236,0.49604669493226217,0.13743826471459306
TCGA-BH-A18M,0.8450500124510799,0.31774063118358564,0.04326427553274056,0.11529806971679005,0.3179706848834958,0.22773333364114848
TCGA-BH-A18N,0.6021200415917424,0.2393273882865017,0.042186754465166516,0.3537546856641116,0.18225832173748885,0.15150183537862857
TCGA-BH-A18P,0.49641622169864685,0.2892228048983629,0.09546298111750327,0.45813300905273174,0.4759820492108893,0.07985863534662713
TCGA-BH-A18Q,0.6187261914003491,0.35735118628390666,0.119533254382886,0.10599543929934516,0.6347349518046522,0.09554469379799221
TCGA-BH-A18R,0.5812705336115948,0.3397517826565114,0.17543469886912658,0.24644219220126765,0.3727937522682865,0.014195716629182151
TCGA-BH-A18S,0.606315915472287,0.42541719955838186,0.07451430146119054,0.16178126675172336,0.267343860518243,0.21914053795883587
TCGA-BH-A18T,0.15448403280871226,0.41482956088512235,0.09031347243331198,0.5442890439506366,0.46293529270562284,0.2895724134415209
TCGA-BH-A18U,0.5042700818435782,0.3780958170247037,0.050209010816678806,0.3733724484947265,0.3382775382607455,0.33635033203567194
TCGA-BH-A18V,0.5645953990260361,0.487491361828318,0.18250050618420363,0.11223334717326859,0.5405830960428462,0.4148561413502275
TCGA-BH-A1EN,0.5433904201046624,0.21636889215949962,0.09189421540613191,0.42737243004333103,0.14094614100938785,0.25644692261703317
TCGA-BH-A1EO,0.8970282609755351,0.43732814259984976,0.060160980301750946,0.0,0.0,0.5499689391055388
TCGA-BH-A1ES,0.47156876327836006,0.3373853335440672,0.04435346835150678,0.5289458996302389,0.23003697895831604,0.0
TCGA-BH-A1ET,0.6701771310642268,0.3758292202224409,0.12284983655281978,0.2719688623179999,0.37713995284478796,0.11925563001483663
TCGA-BH-A1EU,0.7535930507185391,0.45463999650493897,0.22626620964001048,0.06272359746867297,0.015132196993046037,0.32087325721091464
TCGA-BH-A1EV,0.4966675149948158,0.38688046177263186,0.013076815232644203,0.5297932566322614,0.09119542003372856,0.2621463862703042
TCGA-BH-A1EW,0.700866924701309,0.4704213291898643,0.13270181121559543,0.11605120657309692,0.30693821474760147,0.23314428685979866
TCGA-BH-A1EX,0.6093343188563058,0.37443878745176784,0.07538511480563123,0.24720421179591365,0.09183331571281701,0.48173120857567764
TCGA-BH-A1EY,0.4047502402551641,0.18926493411693343,0.20573569556607776,0.4899240175080524,0.04551567712072022,0.6319973230100695
TCGA-BH-A1F0,0.717791807385988,0.6733737572122767,0.2811044716770953,0.10043704557853703,0.24139144962116826,0.2806271391706745
TCGA-BH-A1F2,0.8317112707105329,0.596076174301759,0.015917609003364353,0.10849066276700572,0.13986475098384774,0.16314488082099762
TCGA-BH-A1F5,0.47249216661628785,0.2267252131130986,0.12928399569390298,0.43000678160937994,0.08836546260977003,0.07752054825204538
TCGA-BH-A1F6,0.642295833594015,0.4945046362045051,0.05057398575717591,0.14786096086827435,0.05788566916894569,0.5341711458310592
TCGA-BH-A1F8,0.5070151445938318,0.187149616424465,0.03420049359733693,0.41181064099428466,0.44955287678293304,0.18464281219334988
TCGA-BH-A1FB,0.7612775553044153,0.49113971490651365,0.22111958451320893,0.04876234477861267,0.32587614742358606,0.2152694491988707
TCGA-BH-A1FC,0.5442405771261022,0.3137087429423753,0.2397422118757752,0.20818995791089417,0.565039812885032,0.35138334938832094
TCGA-BH-A1FD,0.6349770844615243,0.3799902793126357,0.04894203487942475,0.26692570494475165,0.19456001070512896,0.26439242627002835
TCGA-BH-A1FE,0.7213132923472507,0.41738485508461737,0.16598228633114734,0.11810167858100361,0.3432506523024522,0.18387021527137545
TCGA-BH-A1FG,0.5296468903795021,0.4076565802332179,0.07275618162269629,0.23193326536477962,0.28747903550465714,0.13962291791914258
TCGA-BH-A1FH,0.9340931991008878,0.46277497547628016,0.07608801805111329,0.0,0.10876524704683402,0.28318312394495054
TCGA-BH-A1FJ,0.6314909528102756,0.2242078469062347,0.08500708668162552,0.3099280758369702,0.23593660518899137,0.1035299518620249
TCGA-BH-A1FL,0.5645673828360271,0.10789013117795518,0.20867839414476355,0.38789421267471397,0.34225294565283104,0.015766265238662716
TCGA-BH-A1FM,0.5642867526204214,0.31934311897118867,0.02637776680500413,0.45206154360121026,0.21903055841498706,0.14900315374672668
TCGA-BH-A1FN,0.6296954829832996,0.5015785933692732,0.09548690112806679,0.36422758807562594,0.2700988557354897,0.2640591657930374
TCGA-BH-A1FR,0.6680283949809583,0.3448448162930952,0.13173820580133333,0.2308300165112084,0.19736973059260166,0.3052597061630842
TCGA-BH-A1FU,0.7171306590745716,0.31950794238085223,0.21819003570875314,0.30951055381205905,0.23633593592782184,0.11715134617204669
TCGA-BH-A201,0.7945786210174072,0.3559674515810503,0.05449972672035618,0.23380919021170316,0.1773819257474395,0.10557233892214463
TCGA-BH-A202,0.20560123402716038,0.2029017838899589,0.09293019848910329,0.6399964765416312,0.428995708702132,0.5289160247016772
TCGA-BH-A203,0.5107416895837407,0.36312622889165985,0.12291881029745357,0.33603192062425635,0.33258844865541315,0.22553224244917397
TCGA-BH-A204,0.7077075316214856,0.3054732527013645,0.014871643485931774,0.3062356560547404,0.08867191967884518,0.15427882926131983
TCGA-BH-A208,0.7780820702077955,0.30601282576687056,0.09275127964696304,0.25464686005641296,0.28662920851303586,0.10745072494345027
TCGA-BH-A209,0.5612430361943668,0.28823451839316655,0.3326741002496454,0.21637507120601393,0.3829955519977033,0.4556888175953572
TCGA-BH-A28O,0.8095149690050322,0.25240719416245555,0.1479935183382738,0.20955438767000548,0.32285079196102096,0.08289959119274752
TCGA-BH-A28Q,0.762091090209873,0.16550906329979928,0.14925631382725507,0.23153241622663373,0.34671765727863985,0.04532637950042458
TCGA-BH-A2L8,0.5520425790237972,0.10020232813479109,0.35823942850220547,0.274589533471965,0.52380205792963,0.4586748136140673
TCGA-BH-A42T,0.7128354242637162,0.3019528669788451,0.09322057741323582,0.05153024153774659,0.36302178488266773,0.2628730045129097
TCGA-BH-A42U,0.8202663656718208,0.4308290629797713,0.39542915626787883,0.011421490952328363,0.3165317625830534,0.1326291924448109
TCGA-BH-A42V,0.8184016404596611,0.30399224571967365,0.27212557317371977,0.14878011104508648,0.19963440751322517,0.15263436070152933
TCGA-BH-A5IZ,0.5358415061441372,0.7130126890878812,0.013719171491885474,0.08528981621603075,0.4198844198616013,0.19296174559958554
TCGA-BH-A5J0,0.6040084451451987,0.21795710243375663,0.25945263673932667,0.24467594269651582,0.30039508989473784,0.5082365530695662
TCGA-BH-A6R8,0.33904360507530734,0.10357294682119683,0.12396800326551927,0.29572390642930385,0.5475545489758878,0.43866875531072824
TCGA-BH-A6R9,0.8348117259304545,0.4730256357248911,0.11817939830185739,0.029952504123733854,0.1918246809807709,0.7098958597873869
TCGA-BH-A8FY,0.5551096026727171,0.21422135635913592,0.06013371222264446,0.0645223096198864,0.21330604301301698,0.2290262374863234
TCGA-BH-A8FZ,0.8136436979940567,0.820377112455644,0.27950430538049253,0.0,0.09087781577572468,0.39271381682175177
TCGA-BH-A8G0,0.7395869832213462,0.2443515624064094,0.4989024513180112,0.28301279689025677,0.027263766402400913,0.24900636927256717
TCGA-BH-AB28,0.6421112424063563,0.20012481836808746,0.3258118329710728,0.32069661641904523,0.19661632868294937,0.17327575260264033
TCGA-C8-A12K,0.38770112767359105,0.5003756348528051,0.2763648814566271,0.09010010942312106,0.5804159635732052,0.7302160245484013
TCGA-C8-A12L,0.2447760501750525,0.7075008186156538,0.09543960789292286,0.6413625628367277,0.35732289402061473,0.26287773367179096
TCGA-C8-A12M,0.27307734678906626,0.05862464775967566,0.16646421869032915,0.6117574015426115,0.33092337527536503,0.22404588700351732
TCGA-C8-A12N,0.49015691452909804,0.17892115084962995,0.0,0.5013931914668945,0.25074715099866507,0.4294228289948739
TCGA-C8-A12O,0.5003246941333703,0.20860425318112613,0.1065733357872213,0.4641336703119866,0.3403294632787564,0.3615390294358963
TCGA-C8-A12P,0.22718018972041018,0.2315999542725699,0.10410125549246134,0.7537647883278621,0.26122895341872443,0.4436640934139023
TCGA-C8-A12Q,0.4388265507513187,0.3162064893313972,0.14106291994823014,0.49941679819507634,0.30497257313794,0.31997482304324654
TCGA-C8-A12T,0.33821102243536394,0.26058083890335443,0.10915841848886572,0.703959375056824,0.2482619032100841,0.35622317213324944
TCGA-C8-A12U,0.0028685863338107766,0.0887094443077021,0.2411229795024426,0.547700662739422,0.6597278901342196,0.43764457460945194
TCGA-C8-A12V,0.29755303796003957,0.3667947276209931,0.5353483011507651,0.2008672322495612,0.4659178391563776,0.8061134219978672
TCGA-C8-A12W,0.4649342034968616,0.07032804492580154,0.1287688015311503,0.4947332266709724,0.21913544082029354,0.3633950040911775
TCGA-C8-A12X,0.47401095941481897,0.1910461188197244,0.04473078539276993,0.32644192917494874,0.3853028752754462,0.29078101007539114
TCGA-C8-A12Y,0.4835940138035293,0.10771357587205943,0.10284358320562753,0.40278659457913807,0.5654869556139187,0.14167998649460578
TCGA-C8-A12Z,0.23587502369086752,0.2792316633878607,0.0,0.7684847597482362,0.28072700609122436,0.19919861811400758
TCGA-C8-A130,0.26755405685535105,0.06091847807674161,0.13889740247780524,0.7720222035845269,0.29676565556752,0.22622063575525736
TCGA-C8-A131,0.5147353823165601,0.7699389155546343,0.0675453646035949,0.462214201478414,0.15076376996411678,0.3200384220192467
TCGA-C8-A132,0.5578062351047988,0.13453804211460588,0.3004501311239594,0.40101960859517255,0.3879467584457127,0.39594779382327255
TCGA-C8-A133,0.08480324733137604,0.23002233048126614,0.058441465742847684,0.31902870167410846,0.6677287318528711,0.07612872800350981
TCGA-C8-A134,0.35210103571791507,0.21932432624637296,0.2559746183080753,0.40251946635179,0.5549360018263456,0.33946089463260837
TCGA-C8-A135,0.4677487903253526,0.2837056879968097,0.17333057227189125,0.5221301606202096,0.12297095300981412,0.356776790674178
TCGA-C8-A137,0.19929874739890246,0.19259596472612306,0.08510046435382558,0.9133984917577873,0.12204926032529188,0.10068121454233506
TCGA-C8-A138,0.4640235874665605,0.012038537795871274,0.2634415536346777,0.3767146094509316,0.43269529965046255,0.5517343164028694
TCGA-C8-A1HE,0.46341204170587025,0.16541224021748507,0.1069010598631185,0.43903761143990194,0.2319342836263929,0.20745475888415554
TCGA-C8-A1HF,0.24954468805272342,0.15142670657876717,0.18995704766643318,0.5938961885400124,0.5232795749216033,0.5970953851434089
TCGA-C8-A1HG,0.19772371530023275,0.0,0.29399936352583694,0.5432333195616612,0.5447320190058369,0.5522623631328096
TCGA-C8-A1HI,0.3910758269424909,0.06067811274084578,0.09002523828806176,0.4299550352524288,0.35882584953927926,0.1473872585048656
TCGA-C8-A1HJ,0.26536402002426224,0.42086904606419995,0.1912248592169459,0.5034612020463693,0.42630519876605305,0.09765904299167859
TCGA-C8-A1HK,0.25323058332764564,0.11096759089018313,0.15023380492259938,0.5471254585677416,0.45830865725286984,0.22853363201238325
TCGA-C8-A1HL,0.5572402178809863,0.11593646499834225,0.05148905651755711,0.4494932370692732,0.23504531197652506,0.2635339456463872
TCGA-C8-A1HM,0.0001449747978240129,0.2052344830836955,0.35407996553193877,0.34045719994594076,0.6097519866443337,0.8698624880626006
TCGA-C8-A1HN,0.3410679877575862,0.1611991054081598,0.032677278976941324,0.5385997389198988,0.21807475043298077,0.3165229629779293
TCGA-C8-A1HO,0.2613805513752032,0.053346839238053945,0.07862955224217108,0.592348544489502,0.7478946665090466,0.04401388151245077
TCGA-C8-A26V,0.26332196024793203,0.17235873904531798,0.04916708605882978,0.6487142770413526,0.5838841530680409,0.3174703422423502
TCGA-C8-A26W,0.5303502013583524,0.10137767700710561,0.259820095836321,0.37880366897255907,0.46197402468019083,0.24158034593194552
TCGA-C8-A26X,0.2158611738684933,0.5027414686090034,0.37643211268845117,0.7251983868898074,0.22201900621685336,0.661326429911355
TCGA-C8-A26Y,0.12168852633498431,0.4056951557815103,0.15953808288819413,0.6659268018088854,0.6059647336047518,0.1698697035095545
TCGA-C8-A26Z,0.3870109087411535,0.12369282617874558,0.1198843393685102,0.6352372021592039,0.2879366929806826,0.0035708941371134523
TCGA-C8-A273,0.4802873724001438,0.18728141857697417,0.08044160807273089,0.4510997010456333,0.30081034591356387,0.2530096642386222
TCGA-C8-A274,0.18465582002004416,0.1540116120158291,0.017562387295669123,0.6240804495729959,0.16775532657346273,0.3607676852958363
TCGA-C8-A275,0.20824174126484937,0.2863972211818644,0.33804379471978224,0.5443735925002522,0.32603167982952835,0.6097018950628857
TCGA-C8-A278,0.2864968558031554,0.29805585257632516,0.2901244255787505,0.596562692268678,0.2334203236621394,0.609173938766763
TCGA-C8-A27A,0.1320754691787402,0.0,0.06318359841348346,0.8341267436662289,0.5821075497572953,0.06672948873108354
TCGA-C8-A27B,0.29724221133905254,0.8334027027078763,0.14016869106425114,0.10549420804303739,0.48644428324732436,0.6009606930218694
TCGA-C8-A3M7,0.5701252615879179,0.1966972713612185,0.13587147322930626,0.4172674522724468,0.3140342665263925,0.17262856615119476
TCGA-C8-A3M8,0.6346736962586857,0.11294254656673876,0.09092282827273318,0.36822623603068727,0.17034432901040525,0.053073162828952344
TCGA-C8-A8HP,0.28035126203358995,0.2564319757802417,0.333220856190862,0.4113997021594311,0.3095974332642062,0.6221800571035561
TCGA-C8-A8HQ,0.5179914524977379,0.15510607014866332,0.2098979470762908,0.46733492387829323,0.25291720606396795,0.46156318048528094
TCGA-C8-A8HR,0.6589364674226396,0.46101967388462267,0.19077658962441826,0.29815436036081877,0.23633519680018178,0.44480518780055855
TCGA-D8-A13Y,0.22075207952285636,0.003902820580606892,0.0,0.6824056071623531,0.21139795899486266,0.0
TCGA-D8-A13Z,0.22143924992477973,0.5110197536067349,0.18508156268472226,0.7760709931757949,0.24454874964279136,0.4161984706153365
TCGA-D8-A140,0.44801064714972094,0.08476600852290361,0.2612858925753985,0.3827217476077636,0.3392864256841314,0.26693104492387126
TCGA-D8-A141,0.5838881946377538,0.285180887222573,0.4042739450110832,0.3384272677377974,0.2675316813499247,0.5299658291517004
TCGA-D8-A142,0.5700995724192437,0.28327268624014806,0.19708398875946698,0.492375472547576,0.0980279059350109,0.3156419977075663
TCGA-D8-A143,0.04750386998796254,0.5754090104212071,0.2586676561691975,0.7996088542005377,0.3424294557457019,0.2097874836647669
TCGA-D8-A145,0.6184474113091082,0.19839352469035734,0.22627975999670705,0.3966298302457661,0.12516263265284144,0.16329408851416666
TCGA-D8-A146,0.6820825878903651,0.15821398475216236,0.2496677837826441,0.35926783974093074,0.07678342218221515,0.23749352897126397
TCGA-D8-A147,0.19145301845107143,0.24734606314303992,0.13076139769429865,0.40213266382576596,0.3940109371363536,0.42409957678542226
TCGA-D8-A1J8,0.10384832532910478,0.4173940149205259,0.2134359543978926,0.7873503181184314,0.20578128434784018,0.7400072599312828
TCGA-D8-A1J9,0.24409927251709226,0.13765175254625106,0.0,0.7055416544015504,0.3111790782390703,0.466523357269664
TCGA-D8-A1JA,0.265150387736895,0.574159777873473,0.0,0.659195475022437,0.07138612908876532,0.4705998040281877
TCGA-D8-A1JB,0.5413993659116314,0.24880826631140215,0.458876332771793,0.23485291627005878,0.45696686634562567,0.3431958100527528
TCGA-D8-A1JC,0.3828840615960072,0.08952552130628928,0.07230574622177921,0.44660937095730396,0.2907006993114529,0.5159264854114655
TCGA-D8-A1JD,0.4901690778543472,0.0797446290096258,0.11938456359694057,0.42055963096206667,0.21684758677115235,0.4420541567492348
TCGA-D8-A1JE,0.5130354377397197,0.14457448267083203,0.0,0.41210444546030495,0.1952713671250361,0.5038825608056637
TCGA-D8-A1JF,0.38226252918617126,0.24166230590322765,0.19021584037582795,0.5355902479050481,0.0,0.3811225430510807
TCGA-D8-A1JG,0.18899851138280593,0.33141270152696795,0.20719388652690174,0.6424175363433605,0.35848224044327065,0.5683076033137651
TCGA-D8-A1JH,0.666950119814693,0.2003001894971902,0.1324473279106775,0.33646986128604406,0.1340828557341269,0.41415730631941183
TCGA-D8-A1JI,0.4569590362897408,0.13545810433067543,0.15396318098091982,0.1812095421748341,0.19658385821076896,0.2078842404350716
TCGA-D8-A1JJ,0.4028957051471049,0.26711392215932234,0.02271353263759989,0.6390520303701587,0.2963995179998937,0.3634622903542338
TCGA-D8-A1JK,0.2569413808290522,0.6989958054572349,0.12379323125266102,0.6641554938460206,0.3341606028602934,0.6583386360753258
TCGA-D8-A1JL,0.3735550147867271,0.34047401226762314,0.18106968099316909,0.37683542064820336,0.44419774752476887,0.6596349252323025
TCGA-D8-A1JM,0.0,0.6494921718369412,0.19937859711121625,0.4161143951822114,0.6598940000659277,0.07215379676964373
TCGA-D8-A1JN,0.09180569628944708,0.08119279800038366,0.1495000764187194,0.47315789493002836,0.4679445949266086,0.249239510065258
TCGA-D8-A1JP,0.5506362963901777,0.09571260783535819,0.05194257436318069,0.4183969988405412,0.1796096889879102,0.46893785700434454
TCGA-D8-A1JS,0.3870653484872067,0.20163872089234325,0.1006271297102505,0.20176613990187242,0.3003245244016105,0.14175195147935485
TCGA-D8-A1JT,0.22331157968564558,0.35043812327562823,0.03197639823209312,0.42415132052375376,0.5102900444325252,0.1984471758202986
TCGA-D8-A1JU,0.7346543272705545,0.23544371897526364,0.0669043828079148,0.26461429824033256,0.13391065699132637,0.47091122107608724
TCGA-D8-A1X5,0.436307385068337,0.097451586863253,0.044656819009680326,0.4133322303493271,0.2767109462867031,0.46669545400922635
TCGA-D8-A1X6,0.38067481505411227,0.23653880130552732,0.04348959529207559,0.17922592411531324,0.2767839566184157,0.4571335565379187
TCGA-D8-A1X7,0.6611358793208155,0.12909456074254855,0.15804202050174354,0.33086359353538625,0.22491640845499603,0.07962367637536304
TCGA-D8-A1X8,0.7273569571539622,0.3046806988353681,0.1248693039754494,0.1692199418037623,0.04436305458990573,0.3696120986146908
TCGA-D8-A1X9,0.3875294926446212,0.09730457057115766,0.04604660703109532,0.5144863475045877,0.36367223138974913,0.5402415746512014
TCGA-D8-A1XA,0.4989077936428503,0.13166881729927016,0.15005767118311403,0.2953905301333221,0.270690944469575,0.2742575188787335
TCGA-D8-A1XB,0.5569239490480871,0.10571089991553932,0.02361266354703908,0.48833074053983716,0.27460276777093207,0.1798617863656381
TCGA-D8-A1XC,0.16311928125696654,0.29855548770700635,0.0,0.4788095024350254,0.2840311499919567,0.1620962319366932
TCGA-D8-A1XD,0.37608182344961716,0.14104452662253494,0.01993764217839469,0.8224861683036303,0.011539824784478212,0.10513002510730322
TCGA-D8-A1XF,0.2683355616465638,0.0,0.12393430888841486,0.4994114059968267,0.49554650101928566,0.09437477163845026
TCGA-D8-A1XG,0.4293945605737915,0.1999600437894498,0.0,0.50354689759781,0.27912975735776785,0.10722822764053273
TCGA-D8-A1XJ,0.037454963829176464,0.2713748037126312,0.02650549749486934,1.0,0.1909792431468783,0.31748224542026243
TCGA-D8-A1XK,0.3036248706478565,0.951500728683792,0.09321926258576327,0.05256871457893168,0.44498497980749857,0.4670295209633902
TCGA-D8-A1XL,0.17450641218194335,0.2757999906309264,0.3391217296906307,0.48040403268978493,0.5472820864984848,0.49740974489229284
TCGA-D8-A1XM,0.6029199150738208,0.11977525968702078,0.16645211444615507,0.3042457887279416,0.1767149325168489,0.4904491864155377
TCGA-D8-A1XO,0.5335499887859332,0.16689335561007615,0.08784213982107673,0.40990132436603666,0.2120409779984783,0.3875601507023941
TCGA-D8-A1XQ,0.2878594468035215,0.45701245322255396,0.20887852566465126,0.5210778277758862,0.4297237050363812,0.5110676929808355
TCGA-D8-A1XR,0.6489201300805274,0.09842258152353864,0.04915555182581222,0.28009384085207883,0.29451570461588483,0.14236121616320077
TCGA-D8-A1XS,0.40510661061778036,0.12078503507127208,0.12964485681370672,0.5577731476267558,0.1732512662121498,0.32766126382628463
TCGA-D8-A1XT,0.4943876933002334,0.30946891836605483,0.04670202724508083,0.5235454241833466,0.29927127421137184,0.4380887113354408
TCGA-D8-A1XU,0.5278040028163784,0.047470399480409986,0.05078956654649124,0.4546388284247524,0.2771420112255251,0.3033679403878582
TCGA-D8-A1XV,0.2370708439009998,0.12986728533820788,0.0036136522768701247,0.5306268388399349,0.3564563599851603,0.13474106704409397
TCGA-D8-A1XW,0.48028749660992026,0.229929137415604,0.0401714897631655,0.4386022534873206,0.16924786260498773,0.5855327217649883
TCGA-D8-A1XY,0.6115708492009778,0.05274094426012913,0.0,0.39013661448035225,0.22927741814738625,0.34718111078619346
TCGA-D8-A1XZ,0.29730137712370636,0.08625651901684785,0.15172337873921773,0.6154302923830335,0.46182437612007915,0.33664936351290836
TCGA-D8-A1Y0,0.6924849105065772,0.1843099385708193,0.2330732901518467,0.1292951300819333,0.3237077799266688,0.4075173130698942
TCGA-D8-A1Y1,0.48654633623375104,0.11808911349019346,0.02538984410762525,0.5258526395348657,0.19994337478182367,0.43488839172816085
TCGA-D8-A1Y2,0.5911472086969679,0.31975131567970005,0.2022848952675785,0.2006635937568632,0.1640295940118737,0.6838636675035366
TCGA-D8-A1Y3,0.2755123623523424,0.023382311205223435,0.15920009677125668,0.296957420926771,0.381855896457727,0.5839680930247225
TCGA-D8-A27E,0.4467852195043616,0.22189587075638512,0.05975740056629128,0.26726227173535577,0.30633982546510513,0.3346142865635303
TCGA-D8-A27F,0.4960337361483275,0.7714069546046802,0.06969543481991414,0.41317307921700036,0.28536398119896683,0.0870383141193813
TCGA-D8-A27G,0.5162147115382942,0.1756341373586889,0.21093725303985103,0.47588338029164534,0.29018862861920264,0.37819054286800063
TCGA-D8-A27H,0.5781458709020767,0.2672448376791527,0.06477438399810569,0.48925367823344634,0.29054296678209474,0.18178637178816812
TCGA-D8-A27I,0.8030686115079457,0.23999615807151806,0.24082506147842347,0.20674604781669242,0.0561401393233368,0.33196975925887506
TCGA-D8-A27K,0.6180079991991966,0.2533171042065065,0.20891332239281094,0.3358222421953533,0.25476902165932397,0.24769287688410851
TCGA-D8-A27L,0.6781201174957567,0.18121744541442228,0.13405103190410397,0.3148287397430546,0.23734590277565487,0.3696414349217319
TCGA-D8-A27M,0.4744220436747091,0.2553126083763976,0.45814982105222685,0.4830404699908244,0.4703261194050485,0.43098557641594015
TCGA-D8-A27N,0.547961102938344,0.24125207658009976,0.09326271079019655,0.3969399715261629,0.2798622651979643,0.4232986139496145
TCGA-D8-A27P,0.5274275359906028,0.12547117567222005,0.08296155055013521,0.45194167255248535,0.20953316429206184,0.11128369344462533
TCGA-D8-A27R,0.3950278742877644,0.20442790194804786,0.17675065186144007,0.4799079999842203,0.123186988326885,0.4666610377488922
TCGA-D8-A27T,0.699336858385644,0.15515236308922026,0.12776610300726246,0.207023372301127,0.37120384909486714,0.42554767337768856
TCGA-D8-A27V,0.549533248761664,0.066180117350163,0.08723421959301567,0.42115884742601045,0.32273967032941825,0.2317568829530253
TCGA-D8-A27W,0.3732850209726593,0.12938938035533404,0.20054800449430188,0.5260222505554785,0.10774093156097031,0.3918807699116472
TCGA-D8-A3Z5,0.6086110677537735,0.3497771116754943,0.11845140998026268,0.14648019765552037,0.37826951380889967,0.0
TCGA-D8-A3Z6,0.4963699454609622,0.12396935060600217,0.062245487296961874,0.5722900739122603,0.24842156286979497,0.19498906607452723
TCGA-D8-A4Z1,0.7063841862417148,0.22131846339210265,0.19139653761400424,0.2578271139747054,0.20992961764112278,0.16495896358016668
TCGA-D8-A73U,0.4776838898002809,0.14744037648444444,0.415145439927496,0.24806172171926016,0.3554438651364686,0.8047402396237939
TCGA-D8-A73W,0.7004289525388856,0.26643452127428136,0.03008560186341943,0.21495219467791718,0.24820437225853342,0.43163200535966656
TCGA-D8-A73X,0.5631349503769171,0.07504009800791045,0.06800134451387363,0.4135166519717103,0.3068975074192014,0.2094635276258061
TCGA-E2-A105,0.35224876407533207,0.07805735738438657,0.06456576059815468,0.5607275258865443,0.16265302369127949,0.2014111760679661
TCGA-E2-A106,0.3548381112908503,0.09679572464324965,0.04136266135270565,0.5779181059785816,0.4615806918751714,0.0
TCGA-E2-A107,0.32243722472351016,0.0967314679941399,0.17440191513318556,0.4466687268991119,0.24509386627840304,0.12176156905517407
TCGA-E2-A108,0.6826407204974783,0.48371348820430254,0.36123463038384684,0.053318515958373836,0.12589278009480265,0.8343258498963422
TCGA-E2-A109,0.24347283307592152,0.0,0.1419671583058694,0.7490071506297937,0.4601675103781275,0.2049531892956316
TCGA-E2-A10A,0.599095015172057,0.17050574568884264,0.011186786537864849,0.3285995499271912,0.3976381292563108,0.1936710297247317
TCGA-E2-A10B,0.510325995742309,0.0032006642612872594,0.11520691813710573,0.34025188770892734,0.3908893857379,0.2998565855887048
TCGA-E2-A10C,0.2769472055721729,0.0,0.2587691554107062,0.4846720901315683,0.5630390343388563,0.34142413040567066
TCGA-E2-A10E,0.5381482115797968,0.17482536992063952,0.11054594549155235,0.41513029937569185,0.21846883834984662,0.283703273655037
TCGA-E2-A10F,0.6701927396748653,0.13363571567523952,0.057875431526443574,0.19250417771281705,0.34717528922556323,0.46680427519459555
TCGA-E2-A14N,0.054011193701969384,0.5971466861469065,0.26356954849222486,0.4857081396636205,0.6690040099657751,0.14049539237896957
TCGA-E2-A14O,0.2528483263266863,0.10680834685027579,0.172520427127884,0.4935743774432658,0.17766503945239792,0.23913348355485364
TCGA-E2-A14P,0.2702123358334169,0.3835959898755455,0.31030056439129516,0.4604476843133774,0.35966850880202644,0.19889141692262116
TCGA-E2-A14Q,0.518467762247329,0.06503076449843519,0.16211862683949324,0.4121252893290341,0.4990772500024708,0.09390692078332476
TCGA-E2-A14R,0.15079820317017817,0.2980557853987973,0.2979963304325613,0.51669849395985,0.558308581157728,0.45879268994740535
TCGA-E2-A14S,0.4232349836866736,0.21558032246958522,0.11389573100475181,0.29491264939587314,0.1299761326476819,0.41258890475727583
TCGA-E2-A14T,0.40671986474797744,0.10448178362763424,0.12183774273655021,0.4537763605504607,0.2382080771817765,0.19449122063737084
TCGA-E2-A14U,0.5536753517157895,0.38252465980422906,0.12043284375262012,0.10190992556661128,0.32684263775849237,0.0020928144366480464
TCGA-E2-A14V,0.31232233945431276,0.2861399622525123,0.07365280150434136,0.658386817975953,0.23996874591076212,0.13914057859169926
TCGA-E2-A14W,0.2298044326569758,0.033999897850194284,0.009713259306427914,0.6972573516004681,0.3705520306834204,0.02229112466200201
TCGA-E2-A14X,0.40035560752916877,0.2535712465363428,0.4248795370994733,0.4503020652579298,0.41715054937506413,0.17272955259088976
TCGA-E2-A14Y,0.17118129010334757,0.818218025169947,0.04608818202120405,0.6168214255062533,0.5442158313591205,0.13915250839386173
TCGA-E2-A14Z,0.5080747643738174,0.20109033525494077,0.2994214063754616,0.32536657478419173,0.27333793797929945,0.5508639305764171
TCGA-E2-A150,0.36385687419825513,0.43123953570364865,0.16728900644323708,0.5248714784618963,0.40721471864890874,0.36676619780295827
TCGA-E2-A152,0.339380900236627,0.2384514945947237,0.014046094586670057,0.7450239884633172,0.18924197556222133,0.3690218853034452
TCGA-E2-A153,0.6261747894703692,0.383170528878955,0.039185731949085874,0.41676465458888734,0.15133137003049238,0.2934025891592687
TCGA-E2-A154,0.39726946713298417,0.09326767616880025,0.022354133640191745,0.6429593020946762,0.232834584164021,0.12547854276694437
TCGA-E2-A155,0.2575694676958119,0.20035617308811385,0.21429800204006186,0.545207709163517,0.11302516645483426,0.03080715500840707
TCGA-E2-A156,0.41483742726228745,0.23742760062301227,0.017820359017715847,0.36595138907987046,0.14474518406240497,0.09115643144290159
TCGA-E2-A158,0.5132607638468798,0.3350010966404274,0.08152021570708178,0.35858535096172944,0.4476186668757186,0.02362308516941721
TCGA-E2-A159,0.0015949891023936138,0.43804759697304785,0.27500458954886164,0.7875861708909315,0.17787392252745277,0.7878345109139475
TCGA-E2-A15A,0.3469368293440281,0.056007191029326435,0.28062786168428583,0.5328022959361264,0.4194219198739825,0.3933780867434973
TCGA-E2-A15C,0.4979559263321516,0.2529636968541747,0.29335545393068274,0.594490453976498,0.23025334083547894,0.07115600808683446
TCGA-E2-A15D,0.5189511984390892,0.1374810064093775,0.1334170920636659,0.4524742252381689,0.3730154559747027,0.12346459847599243
TCGA-E2-A15E,0.4169818902688691,0.10663252043137122,0.2764462664147084,0.41870594274632594,0.28036470321298373,0.03617399804810129
TCGA-E2-A15F,0.5315907779533553,0.2554758530582996,0.24890367234654232,0.35183555912457454,0.18847568006777116,0.0970662062405306
TCGA-E2-A15G,0.49449733629769416,0.12030459555689028,0.11310390926288344,0.3331147613913349,0.2953585970198677,0.10125785775023112
TCGA-E2-A15H,0.5926632832319977,0.0800595495823838,0.10728223933730743,0.3260169325253083,0.43272228068150664,0.04387889661272118
TCGA-E2-A15I,0.6699540377422101,0.33935429503317155,0.2102455994079544,0.21054626296017612,0.40450570089358867,0.016626097843550916
TCGA-E2-A15J,0.5030012059234934,0.1697922175770556,0.09574412363351541,0.41930183382776925,0.37662383175535674,0.030310451227272682
TCGA-E2-A15K,0.5433025387836655,0.20870796072733802,0.22166457442551402,0.1577625026100392,0.3316463760711766,0.32362044107145493
TCGA-E2-A15L,0.615908628670075,0.13659144074291216,0.0,0.49691182360372826,0.2277717593477822,0.15206336559769426
TCGA-E2-A15M,0.8702825137291407,0.5374580390419977,0.14469188188242166,0.012744778497965783,0.21984175543097328,0.32731679893382926
TCGA-E2-A15O,0.41881858539072575,0.1190189367003807,0.10539044054261146,0.32361463609707736,0.38362467947655093,0.1585623094857583
TCGA-E2-A15P,0.5976274834125875,0.0,0.10914104353241581,0.3042776445609397,0.4016999628676935,0.09632689186518786
TCGA-E2-A15R,0.4259396974033921,0.12652107343513969,0.07746380025563755,0.5203044862087577,0.055408557884641635,0.0
TCGA-E2-A15S,0.258262960595457,0.03772800349061386,0.06431319429104096,0.56825345707603,0.1499635786912584,0.04727286614281006
TCGA-E2-A15T,0.28485702990542483,0.2959216493121021,0.19371810439510842,0.5803465258137656,0.10417498280596854,0.0
TCGA-E2-A1AZ,0.31499065801583026,0.33492504027229847,0.2595580364945436,0.5808381133706643,0.3974441977879963,0.45127441266344637
TCGA-E2-A1B0,0.4106173730844887,0.34747459669320424,0.1784268012996661,0.6207256049254734,0.1377419482346879,0.4360889912632379
TCGA-E2-A1B1,0.7465358909776049,0.3102407794026493,0.19111965067227088,0.1462023773764969,0.39369588266344024,0.40558810251167265
TCGA-E2-A1B4,0.4507159612170701,0.034880129128386776,0.058844169521279195,0.4809235899199927,0.32615658342562637,0.08823413015703017
TCGA-E2-A1B5,0.6689345300984845,0.25792411994850944,0.6564212097466812,0.16374510656693647,0.4505464802744206,0.30596676048249694
TCGA-E2-A1B6,0.20034346511519377,0.16393993767528048,0.8396369676169154,0.3418632842723791,0.6390155294143716,0.3740451786558964
TCGA-E2-A1BC,0.6603970711404371,0.45521625815166294,0.11841011402565596,0.29459346800252756,0.19977319859913695,0.04174668810844307
TCGA-E2-A1BD,0.5496731132420566,0.06305310879118188,0.0,0.3811218668124792,0.3967150274345385,0.17849002846795933
TCGA-E2-A1IE,0.45937493824805764,0.12518759636388913,0.045905912211512315,0.4525575225574087,0.20744969201311683,0.0
TCGA-E2-A1IF,0.7480626115196872,0.2856030386784427,0.15155222172290123,0.2313849601053622,0.2270214411262417,0.14701841301351445
TCGA-E2-A1IG,0.6926563507909298,0.2686618876945759,0.02663032030028667,0.28308609759327796,0.2610037184240911,0.1917976408822923
TCGA-E2-A1IH,0.6968627432092848,0.3061073530558838,0.39522539373445786,0.22932195314899445,0.24030547212198639,0.44288802686457956
TCGA-E2-A1II,0.15645246339205826,0.44262256050346144,0.45464072875482353,0.20207548359588626,0.5600452230919005,0.7038361992820431
TCGA-E2-A1IJ,0.7396035833727053,0.1742682739233194,0.18820643450480293,0.2061123310861446,0.3470593915053558,0.3568162723898915
TCGA-E2-A1IK,0.45190663199439873,0.2674585774364547,0.25044954120060353,0.20790529991989504,0.4838464562908225,0.28951926841242975
TCGA-E2-A1IL,0.5577631286755557,0.02481316945146059,0.02943928566000282,0.3948180897729999,0.3690114317443315,0.20748914967627086
TCGA-E2-A1IN,0.6299166774995112,0.06673947179258109,0.013903969513679611,0.4125676011248343,0.15257054756174998,0.25929861036630425
TCGA-E2-A1IO,0.5914254741208084,0.1496899222234429,0.23025705196227142,0.44425764770095255,0.11809888553322101,0.31433721798939357
TCGA-E2-A1IP,0.19068858518274737,0.5877350705239704,0.3708237950306086,0.4874136273974289,0.4378588226685583,0.6496245541159308
TCGA-E2-A1IU,0.49253022741035685,0.14678415326474784,0.28106637376851434,0.3627453504833559,0.40250189160551625,0.0360903048986519
TCGA-E2-A1L6,0.6744276750360193,0.23156414331458255,0.18446236368320235,0.3257974740746073,0.2514620936026988,0.07331379134091334
TCGA-E2-A1L7,0.5974663275650399,0.2155089721217136,0.15980841573879126,0.23424051620955164,0.45112461291942524,0.4075336616947849
TCGA-E2-A1L8,0.592938577415252,0.037104911830892186,0.12380122959050063,0.431569201880967,0.44503927190814996,0.1978207653311936
TCGA-E2-A1L9,0.6255608870081871,0.3496726961514677,0.0,0.31581721599374724,0.042661449126926175,0.49957698147171403
TCGA-E2-A1LA,0.4492705781669229,0.15590154710950568,0.38959802725023707,0.3034543899522732,0.32947840503096865,0.5199533811203978
TCGA-E2-A1LB,0.4334961229256024,0.15285797194194473,0.05189235065792081,0.4584674265123949,0.5125405757391934,0.0
TCGA-E2-A1LE,0.4736887344174926,0.27668450570744185,0.197622317198495,0.43311728189370025,0.08221552250652478,0.5528866495322076
TCGA-E2-A1LG,0.13426299345979054,0.3156248007998429,0.15752499801901051,0.2352003068419813,1.0,0.02102565870534931
TCGA-E2-A1LH,0.43696977623843075,0.36496392888858853,0.35060961575104177,0.2223932835822302,0.5148288390481868,0.23856028086261397
TCGA-E2-A1LI,0.3521411163062786,0.4979980469324234,0.24279131121444625,0.2573248791704089,0.5335420730530682,0.195463584087667
TCGA-E2-A1LK,0.18775971904493918,0.5568576137845014,0.049407354986508834,0.4481568036560483,0.20525457844173212,0.2970449519157419
TCGA-E2-A1LL,0.23004131359237534,0.7241470921042564,0.0753647724742065,0.6616269644132681,0.3695271389558237,0.006049962449256331
TCGA-E2-A1LS,0.6003389500271232,0.4777646993240265,0.08658706413995637,0.20212540504287027,0.3248099193652257,0.0
TCGA-E2-A2P5,0.3977350559188458,0.0,0.10889184373043616,0.5441986771157225,0.5217679484065374,0.18100258945785588
TCGA-E2-A2P6,0.5709083830380824,0.11679013437280192,0.09683243032780815,0.2435030109557912,0.23003897665604742,0.25992571803209946
TCGA-E2-A3DX,0.7033330913032547,0.28129238453950645,0.42425665043395705,0.24618173820821762,0.14512202670397834,0.4216521446054528
TCGA-E2-A56Z,0.2713026172467436,0.04259064175423394,0.12464154002917142,0.6441242389042151,0.5422627872220375,0.1297766613067711
TCGA-E2-A570,0.47314076627569024,0.1952648225251073,0.0,0.5432835829811643,0.2642481717472776,0.23305369768415862
TCGA-E2-A572,0.3705478089963512,0.006094723069693299,0.14248085526009116,0.09548552000696642,0.5085206704232491,0.16352545850763903
TCGA-E2-A573,0.18982024003939987,0.7142088183082106,0.37216410856914284,0.4854796128304638,0.4801937590508816,0.45037279650958795
TCGA-E2-A574,0.0,0.4201238009529634,0.0,0.5956434118064214,0.5636593804170299,0.0
TCGA-E2-A576,0.3606887747559966,0.0,0.21763001257235473,0.4418336170956903,0.31032078930112933,0.18492392586112508
TCGA-E2-A9RU,0.12013061519703297,0.22226552689164575,0.02812908166496093,0.8312646240025788,0.403779978716591,0.3418996912074428
TCGA-E9-A1N3,0.23008932795308942,0.12758893175729893,0.0768154154643742,0.577231858486511,0.46483097910324855,0.0
TCGA-E9-A1N4,0.6475231404113029,0.38209739597821885,0.2154056036528341,0.1532409868932908,0.34061835078791036,0.14688081911703232
TCGA-E9-A1N5,0.6403279853702133,0.17383317712456928,0.0887158771004105,0.2732663982614192,0.3424569451862427,0.21635177170953498
TCGA-E9-A1N6,0.6244673947163937,0.3401517746193516,0.08973242685107713,0.32396301464369054,0.18949478573197626,0.2875579986108871
TCGA-E9-A1N8,0.10855133929877664,0.3164385806868928,0.03927854105733544,0.6497741145688914,0.4725614296394989,0.030727518226450548
TCGA-E9-A1N9,0.44730139973967126,0.2389233811778782,0.14840752761621498,0.47550790874942495,0.319312080004338,0.060277433017934035
TCGA-E9-A1NA,0.6100079430364111,0.28056039573567243,0.0479561531850022,0.21756836153336442,0.1290052510132156,0.4507153118684099
TCGA-E9-A1NC,0.23289476814828222,0.38842695127058463,0.31858635285612963,0.7146496879837221,0.3880028133595725,0.49287097409181
TCGA-E9-A1ND,0.4991569902783816,0.6227626222276792,0.12097684193693159,0.18117085046970696,0.16166405312019308,0.7868676297305315
TCGA-E9-A1NE,0.550862432862857,0.40653633026102026,0.4237595854473924,0.1239244721327103,0.39369059946905344,0.5917080057478413
TCGA-E9-A1NF,0.6928367955960164,0.31696998651746167,0.011276272620944003,0.27156420419210386,0.08790326747742461,0.5517339317383935
TCGA-E9-A1NG,0.7774101080996814,0.4682015236063378,0.011170057464436615,0.19658679858253275,0.0,0.5384048679540809
TCGA-E9-A1NH,0.5190646373236513,0.22411538072920134,0.05521333767177464,0.5660189927937939,0.17598889625283712,0.33934549485806736
TCGA-E9-A1NI,0.4036096252846407,0.1922675981315983,0.012224823258650177,0.676568179453399,0.3822434573447675,0.22481055216726342
TCGA-E9-A1QZ,0.6528411640102753,0.19338231038748457,0.47099230967510186,0.1481335087910913,0.3675010644126108,0.2968864971769841
TCGA-E9-A1R0,0.5895495835700572,0.08684312101817168,0.2822714289989309,0.39452410832537493,0.23952375147965202,0.16573385772175844
TCGA-E9-A1R2,0.48278991551202455,0.05805358770314296,0.18256504988838299,0.4874627011602266,0.341127647344231,0.254954902197359
TCGA-E9-A1R3,0.6798579967840206,0.3141938467325964,0.09546485930219571,0.2938950280705566,0.12001130608890132,0.4259379364049371
TCGA-E9-A1R4,0.3722918877159812,0.07691059250198166,0.13766515374638677,0.3875866339491837,0.499491584672634,0.5571209342370137
TCGA-E9-A1R5,0.5861494150494095,0.0,0.06132572671850628,0.3724303776933697,0.2941480012716431,0.14699883446105624
TCGA-E9-A1R6,0.31666430129183126,0.011139524528581078,0.029873770094915552,0.6275021246256811,0.3361273196249622,0.24438139321296382
TCGA-E9-A1R7,0.4212297833216346,0.1564390323474669,0.06397558624284568,0.528597978702238,0.19827410984720284,0.23619694324925544
TCGA-E9-A1RA,0.5991441888262848,0.11471474398882338,0.25441941105466953,0.43553763225844533,0.4034562272983733,0.0311983973320047
TCGA-E9-A1RB,0.5180079383016387,0.44418135629469424,0.12354509778370021,0.35764391083456515,0.13597226616503688,0.2754884158852563
TCGA-E9-A1RC,0.4716814715891048,0.27120933714786727,0.0035015276497319847,0.5201323667905262,0.2768072868780422,0.21570425683040362
TCGA-E9-A1RD,0.5960819321677465,0.17602437814417962,0.025427490283285444,0.34894782141287567,0.29406575807747465,0.2977980126523982
TCGA-E9-A1RE,0.19536292364534905,0.025014195099242086,0.17400911419529533,0.803670778256661,0.15137960150053892,0.10712136455453858
TCGA-E9-A1RF,0.6469988047483954,0.28525857013446715,0.1082674550544052,0.24078371849197108,0.16218759955266598,0.5267491455459288
TCGA-E9-A1RG,0.3372978100833807,0.10475112532026452,0.20666233863135025,0.5316542155765206,0.2977661172912244,0.3769039565149392
TCGA-E9-A1RH,0.4578114614617248,0.3805457390376331,0.017866610736263697,0.5017161736428528,0.14832765404786719,0.36338876408077087
TCGA-E9-A1RI,0.6592107454728424,0.2871152729422672,0.05504731449142663,0.2812023465121764,0.243091225240488,0.27737574752191474
TCGA-E9-A226,0.4010104172686991,0.05188953590358905,0.009249789633697658,0.695833847976911,0.3494836406524867,0.1838323575300478
TCGA-E9-A227,0.6401541502505426,0.0973237576085858,0.30519353632797097,0.24440567383010167,0.28165874524049345,0.39855818673148385
TCGA-E9-A228,0.3521195669553646,0.1316336395233861,0.0165554775506159,0.48583657973408084,0.0,0.2954346176409141
TCGA-E9-A229,0.5934711883565243,0.0755794854793391,0.06590263157824928,0.3632315761183494,0.3938469525370512,0.3861917954835136
TCGA-E9-A22A,0.3299861378987217,0.15185281774086012,0.12414086420755668,0.5615527480868427,0.3123105585717815,0.7200037480315052
TCGA-E9-A22B,0.43818122146834343,0.1492196412073054,0.05152584261042538,0.5998626803003526,0.3175891536750907,0.31946709227896236
TCGA-E9-A22D,0.17818441516279407,0.1527597104121985,0.44894257534359316,0.38826316747941897,0.4772295242692946,0.8710347288582552
TCGA-E9-A22E,0.4431497695243183,0.06836502717211054,0.09933696731383027,0.5951858191536691,0.2627649565945771,0.5515297623883056
TCGA-E9-A22G,0.1809231458876913,0.5625481913826513,0.1283086505397189,0.4580666450462362,0.5420599825148701,0.11394126012001693
TCGA-E9-A22H,0.26971529523868676,0.0853230313309274,0.16317345298699526,0.5612605949987926,0.3894660665970157,0.30781972592451806
TCGA-E9-A243,0.5660103311039353,0.6207571371042425,0.43202350518494137,0.0,0.2659344968739862,0.7062717379533971
TCGA-E9-A244,0.10319493020404646,0.3120465464935772,0.2206251087997904,0.8742858923322802,0.2507034782449647,0.11314965199594113
TCGA-E9-A245,0.5325440004990895,0.05459533746234302,0.057559030892696074,0.31384258306511237,0.39677519968903757,0.04537742897281093
TCGA-E9-A247,0.4887982322825152,0.008909821636474361,0.10691439175282438,0.39404714720630385,0.37876429296192055,0.008438313877701217
TCGA-E9-A248,0.18693999334197642,0.2833512564135341,0.49376760951910387,0.396155337001216,0.3786909084369232,0.5217305537170148
TCGA-E9-A249,0.29563764248195545,0.21892711106807247,0.17835806181039127,0.47148782555674185,0.38297773272608104,0.18816201941031077
TCGA-E9-A24A,0.5897459609853221,0.19800912167830795,0.03444262310194856,0.3267028130282941,0.2642440542570831,0.4768778849833203
TCGA-E9-A295,0.5167921302821001,0.12033130709353466,0.14628326632783062,0.5101589764814487,0.351224643038374,0.17001621726953403
TCGA-E9-A2JS,0.1731032063048667,0.0,0.04602759253807373,0.7069158424576217,0.3079997246691581,0.3308538330519851
TCGA-E9-A2JT,0.4757388856793567,0.06047119188189685,0.9315183647153352,0.24830282068123846,0.46375077661887615,0.30841032775905614
TCGA-E9-A3HO,0.3424323217610757,0.057324127940355164,0.19911530560542373,0.4465455777920603,0.5481976765772407,0.2932235181855669
TCGA-E9-A3Q9,0.5607006004015832,0.3284344280385952,0.16767054071987467,0.05797170060070063,0.26487764713261813,0.3525720991919204
TCGA-E9-A3QA,0.39920971932220733,0.6655293903205863,0.502468996133961,0.11436990252910614,0.45749396315355734,0.5788515529102309
TCGA-E9-A3X8,0.5237574353689146,0.020658797712154585,0.29805862690628093,0.23339060482563562,0.3836688176307865,0.5115853932807723
TCGA-E9-A54X,0.0,0.2528008560590054,0.0,0.576213585827513,0.3213282259277206,0.0
TCGA-E9-A54Y,0.17158612919877061,0.041057577283477135,0.3609659561979621,0.20999010459421327,0.19806066475128273,0.15098249746265682
TCGA-E9-A5FK,0.5196862001492744,0.12208715060464444,0.6249330554746773,0.2591643841706378,0.49578800161929476,0.4219847471453727
TCGA-E9-A5FL,0.4406418085791347,0.7296842422022524,0.0006740818799769693,0.33081805251023244,0.3704460401870439,0.2877453337989457
TCGA-E9-A5UO,0.3287203582320733,0.026970147045098897,0.0,0.4393748288606732,0.4786662486156235,0.0
TCGA-E9-A5UP,0.18702285317402254,0.5466312319980943,0.06711052564644897,0.0,0.5329243852767847,0.27673020714410523
TCGA-E9-A6HE,0.6086875550113827,0.17983942533448058,0.11663345730088491,0.2761799329544731,0.28669161648390096,0.3913553182370756
TCGA-EW-A1IW,0.6605722787465331,0.27365642315615424,0.21432831132085584,0.29483179435974155,0.1638890628120017,0.16617859609543115
TCGA-EW-A1IX,0.7753387834239307,0.24388896031940893,0.10114066595566777,0.21073680281194088,0.19887366716425864,0.23469274006273952
TCGA-EW-A1IY,0.6528659384121435,0.15076830190923046,0.28661149091990407,0.25576546915041587,0.3902104863685618,0.4344006177608111
TCGA-EW-A1IZ,0.27159223564130114,0.1601907590873978,0.644417182869796,0.3175054215281458,0.46562597381948045,0.5724499727033856
TCGA-EW-A1J1,0.25604921550824683,0.15755740922608086,0.22451599279521892,0.49886798450492503,0.3986315592710414,0.38990418923258485
TCGA-EW-A1J2,0.6475668691247355,0.18977161644617405,0.10611805641120782,0.3365616168454165,0.13194052531270664,0.4342482903425577
TCGA-EW-A1J3,0.5039231801060007,0.2654178721500681,0.02741365349943327,0.4853080299724133,0.33508523261836626,0.23264177617256707
TCGA-EW-A1J5,0.4636629127233398,0.10252938313294285,0.2839886651383513,0.3135617120491478,0.47143959837292565,0.40783417682666917
TCGA-EW-A1J6,0.38040084025704884,0.261502601466267,0.3122248858866103,0.2526074984284118,0.40726302545868187,0.2996864030535763
TCGA-EW-A1OV,0.46928567393623194,0.3767409315912543,0.6272222998753132,0.1570619180153688,0.36773078462558073,0.5217017761096543
TCGA-EW-A1OW,0.416187038505954,0.4517348411647687,0.09668305921869573,0.6072936427493403,0.5037938757871551,0.1964384419654049
TCGA-EW-A1OX,0.3166662057829231,0.04348043985643689,0.0,0.32200799405149655,0.4339729976481555,0.0
TCGA-EW-A1OY,0.32330775971264075,0.17519627875136784,0.1628261293313738,0.5355605660343997,0.34352729834742235,0.1543993101308322
TCGA-EW-A1OZ,0.4868309081859132,0.11555467211796093,0.15830864957263485,0.4704567278904663,0.13166870838084993,0.3885377370081063
TCGA-EW-A1P0,0.5333365388320801,0.018434135794320437,0.11642797082037415,0.2718170584592268,0.5245350174178641,0.21331751051321676
TCGA-EW-A1P1,0.9056480162244128,0.573462977454278,0.197035979826972,0.0497789250674264,0.09159666219346994,0.39264694053201993
TCGA-EW-A1P3,0.6175439428198547,0.29353281910726176,0.13439648118408531,0.36308868905378533,0.3834802203729434,0.09694670501595204
TCGA-EW-A1P4,0.38289517333700884,0.8616166353253826,0.2562634050953862,0.24836512264843236,0.6054434941085013,0.4636149299690023
TCGA-EW-A1P5,0.47972160743954745,0.08841673132136758,0.05650498458401107,0.20513449737386824,0.45113599810364874,0.5201832057559335
TCGA-EW-A1P6,0.3713036597547855,0.0,0.18150257498095504,0.5665547126299264,0.16595537571019703,0.1580202557278468
TCGA-EW-A1P7,0.7685511730837633,0.38276715876953815,0.7636902987642166,0.11134049354263258,0.34986762869157506,0.2127599469598583
TCGA-EW-A1P8,0.3843769966254662,0.5803663220351362,0.08657668641647642,0.31429574697690077,0.3146733028719881,0.4283451193977919
TCGA-EW-A1PA,0.40187728122118455,0.12853325489254064,0.27757192257640023,0.5988850709495852,0.2590430798876265,0.07042970364152784
TCGA-EW-A1PB,0.17005161329848606,0.810762487916934,0.22453447013519462,0.0,0.4397944229632234,0.9150689774001308
TCGA-EW-A1PC,0.2869397537710204,0.105994479010155,0.0,0.5390788147501598,0.5114959948007783,0.19638160543147112
TCGA-EW-A1PD,0.6512425693208703,0.189062560321535,0.06922258157537306,0.47352567703267034,0.08975662318093748,0.20525918630823786
TCGA-EW-A1PE,0.5253637142231301,0.2496610642739634,0.14755040804005856,0.3740039490415366,0.32000001151101815,0.5451945707560931
TCGA-EW-A1PF,0.6236103780440517,0.23681227987303607,0.18695622022857086,0.42970206964839797,0.29989238595347245,0.17723561554090358
TCGA-EW-A1PG,0.854791190173844,0.6005406544255355,0.08567920298184625,0.2114349892768969,0.16473063988168432,0.07476480110701912
TCGA-EW-A1PH,0.2668914929713285,0.4850513739526507,0.13806328076471966,0.47546337488570417,0.4823941948027857,0.15010788756851823
TCGA-EW-A2FR,0.4920975442373556,0.14582663860662645,0.06310995533421945,0.601644668886741,0.2776092757555077,0.37145412739065603
TCGA-EW-A2FS,0.675208381793685,0.24270763499686643,0.3588696967592841,0.19258175040681738,0.4171597645261027,0.0
TCGA-EW-A2FV,0.5720655305709483,0.31098639598712147,0.22134763887160155,0.36445214568737827,0.5067547011157707,0.24908233662763
TCGA-EW-A2FW,0.4151299567819918,0.170436965088514,0.14739732122722407,0.587575570640392,0.0,0.15696918895344145
TCGA-EW-A3E8,0.587280325051046,0.1405379165894189,0.45169516399285625,0.35022073584917107,0.5011058425495333,0.22006436521792835
TCGA-EW-A3U0,0.610307890410879,0.253039127351128,0.5386524209447482,0.06496546162309323,0.2995221073954065,0.6571713461858161
TCGA-EW-A423,0.29943074877023346,0.034261175588469965,0.09786249503620384,0.3890349063146148,0.30628114603360346,0.47184244984820145
TCGA-EW-A424,0.6019423155733858,0.03194426916175467,0.05106243962400112,0.47998544072374816,0.2382200160548834,0.024745257157224646
TCGA-EW-A6S9,0.5061745581311133,0.19327872770761398,0.09828263021187202,0.591487562857589,0.3068700859606606,0.12807276514982882
TCGA-EW-A6SA,0.20740703674823824,0.07831306162640324,0.14161835537916523,0.7023170612233548,0.006961631937065192,0.0
TCGA-EW-A6SB,0.25041899967137754,0.7829508336290578,0.529386143010107,0.0007083528182102868,0.6013200611000223,0.4132757717625365
TCGA-EW-A6SC,0.8490187148416923,0.5864621873839194,0.09852882540634568,0.09482788140142022,0.12281367598434142,0.2544196750760626
TCGA-EW-A6SD,0.25422089483480814,0.34806146419440415,0.2171192822032675,0.6208675735705461,0.28391426948030296,0.49648335793921916
TCGA-GI-A2C8,0.7970316543053781,0.4614839701137682,0.025857139278537285,0.1449371414933583,0.08540787000853915,0.2796669241843134
TCGA-GI-A2C9,0.8027397209317036,0.5595210692974463,0.011940721200980556,0.022510148772138593,0.3441625408736469,0.24415684221029205
TCGA-GM-A2D9,0.6106019281382662,0.06229661395632161,0.14816240152004112,0.40231825246639746,0.31375921250084016,0.22596279921515916
TCGA-GM-A2DA,0.7219463572144693,0.25658868355136755,0.36255668167432686,0.26676875890162954,0.4443224354896237,0.1850609032357639
TCGA-GM-A2DB,0.003776121944172955,0.29208579846254706,0.4804244708289903,0.9488445740152864,0.5620981626039901,0.15286452846676546
TCGA-GM-A2DC,0.5087710986910274,0.07529828685663686,0.2087637720913687,0.30209669482047813,0.24464083651520657,0.14124474535580636
TCGA-GM-A2DD,0.37598336709787705,0.44073344652564567,0.4113577950116206,0.5261829225940214,0.277757988149026,0.5740891496339113
TCGA-GM-A2DF,0.3920937934015171,0.4048523298183894,0.41689069031369436,0.4234830810367332,0.21479179833857057,0.38657656508688404
TCGA-GM-A2DH,0.2863446038732046,0.14304240565266224,0.411978636180588,0.4767532223488765,0.5904043578903962,0.32356831766940436
TCGA-GM-A2DI,0.677748078336303,0.277208681852521,0.5432943418882036,0.15785520632899308,0.26408362299999283,0.5882772909905598
TCGA-GM-A2DK,0.568304483876949,0.289383801016568,0.15920897107621534,0.3618217119522727,0.19201096176090166,0.3246437543300854
TCGA-GM-A2DL,0.6613248945537462,0.28488445419585273,0.0948410075022562,0.3574820396371854,0.19941700089893974,0.3639238358387922
TCGA-GM-A2DM,0.45174355169746033,0.43070601325069097,0.04544410743636315,0.31126191417091265,0.19506360523785857,0.3671865886318506
TCGA-GM-A2DN,0.5478134764014524,0.3268527517949593,0.2841853494618311,0.22353279096033946,0.5201442709471157,0.41526838946965466
TCGA-GM-A2DO,0.350938616986547,0.033587896343255375,0.8861572159683092,0.3034189347285531,0.5780794968349339,0.3334713609671083
TCGA-GM-A3NW,0.5257192227721479,0.11091381743549357,0.20145483286976124,0.2795228788889347,0.1263411702035825,0.22319792503423883
TCGA-GM-A3NY,0.5199609705307885,0.10398129901514773,0.17324324971515787,0.4877931797568223,0.4703688256804074,0.05257995291457297
TCGA-GM-A3XG,0.5811009559519041,0.1631151560466673,0.13901896939774122,0.2506248490662764,0.24640268047805702,0.0
TCGA-GM-A3XL,0.0,0.42919281856869723,0.2927557565890931,0.4315646049404627,0.5854799670813874,0.5609756971934731
TCGA-GM-A3XN,0.833438338921587,0.2145273438988612,0.18477721689062312,0.1637258741790853,0.37112260807666886,0.2173465238548171
TCGA-GM-A4E0,0.7723847027062737,0.4495289374881236,0.13502230826142755,0.03730129780746083,0.08625319253709975,0.6272572087205844
TCGA-GM-A5PV,0.4343803103381847,0.23357040187011077,0.1352078015640779,0.11668567459624345,0.40404977182437796,0.20357160590684728
TCGA-GM-A5PX,0.7005475427451202,0.07366730023438643,0.07818706118036525,0.34566181927320316,0.31411567207200947,0.1670783293742372
TCGA-HN-A2NL,0.17424321109842514,0.05314801238036348,0.26674863526132,0.33346366166742847,0.5507860119577886,0.28885642800718414
TCGA-HN-A2OB,0.7863928868974946,0.1590449049418102,0.15207142892177616,0.2981975801302743,0.00885748136549566,0.17957864924697034
TCGA-JL-A3YW,0.415838486420969,0.5559008296369807,0.12552547560206348,0.5419283945121035,0.2168764065327128,0.6296979445937719
TCGA-JL-A3YX,0.3300292992567625,0.3580383891514338,0.06540240185156343,0.650606242991466,0.2927812383247511,0.041570634534572
TCGA-LD-A66U,0.7173628556268349,0.13277023682833305,0.3007466540292619,0.11937985747127242,0.4785517681486526,0.2693940273717273
TCGA-LD-A74U,0.6633780371569549,0.14757125866347995,0.08820136982964488,0.3187556695701964,0.1397733497575645,0.4554583672240387
TCGA-LD-A7W5,0.6374764749509525,0.15822304037444543,0.5258296170508288,0.22373250863157898,0.4771426700337229,0.269067276343871
TCGA-LD-A7W6,0.498887540050598,0.058581370342375844,0.15384317446246756,0.3526218493189773,0.39987822937178685,0.16667300068586335
TCGA-LD-A9QF,0.5576338942153344,0.4442730392229018,0.44113741101758275,0.243600786872688,0.22323760802178838,0.6939162845684723
TCGA-LL-A440,0.9652367562756133,0.3890347510155208,0.13666197193147278,0.0,0.0,0.44631565740457424
TCGA-LL-A441,0.5453122930649102,0.16551738863091078,0.7910358334187453,0.3388228163751776,0.4170924425640583,0.027247965804890608
TCGA-LL-A442,0.4369168548184733,0.24545835119195009,0.03111873394619876,0.2949202338155225,0.07211667829814403,0.4076467693647775
TCGA-LL-A50Y,0.47845494376484654,0.19319278471070306,0.27548175923948726,0.3388112573141976,0.1743929627304316,0.3347504856631743
TCGA-LL-A5YL,0.4965557905169505,0.13047034975318092,0.3119397649166861,0.30039797825963616,0.2638542923177777,0.3276036016306962
TCGA-LL-A5YM,0.5107043331488107,0.025444641472399752,0.09413567282178446,0.19799488915021796,0.43316001587055086,0.32244489123756964
TCGA-LL-A5YN,0.35407591397604476,0.10699066335536506,0.6838663843379542,0.25941961969767535,0.43863646999742023,0.4720675837604716
TCGA-LL-A5YO,0.29843661534626453,0.30714707037778927,0.7223465130529048,0.367353102298591,0.24223189543093362,0.6798302520698684
TCGA-LL-A5YP,0.6168774229493706,0.4805964017391467,0.10288170378530104,0.29049489992770416,0.09069644872134315,0.4532599275010875
TCGA-LL-A6FP,0.37955009080676066,0.006146929788988043,0.04659365500487417,0.12661510054113784,0.14598361635629434,0.16551005494804655
TCGA-LL-A6FQ,0.4221483465608528,0.09091650421958454,0.09327856840263779,0.3074587422148834,0.32746321079643625,0.4281814954698479
TCGA-LL-A6FR,0.08433152011434238,0.33153285135801847,0.0,0.9348533726399105,0.25394833208688805,0.2567681984468452
TCGA-LL-A73Y,0.8108696160183078,0.3119910020527428,0.3202971975620771,0.22398412548758917,0.22216003066817533,0.15762891234624715
TCGA-LL-A73Z,0.5338271987943769,0.24558599098155998,0.19392822290304138,0.387678447902516,0.4127746068031748,0.3440897338691129
TCGA-LL-A740,0.5647912985838582,0.3730279939099397,0.09354637466693118,0.4911325502826553,0.0,0.32712274604480823
TCGA-LL-A7SZ,0.17890754697930608,0.01912784151910486,0.471089880225623,0.549728982781707,0.25730608715486103,0.621525344432198
TCGA-LL-A7T0,0.29507553570914974,0.10249857834878907,0.16856095044988664,0.600611204685458,0.3535746253860339,0.3644474349877555
TCGA-LL-A8F5,0.15727499960301797,0.4775878901745561,0.280170962507306,0.7006813037589951,0.46838780778017713,0.37010380045207686
TCGA-LL-A9Q3,0.3791332039074004,0.04405950724337239,0.11867166286194811,0.45244891860928776,0.3794254731755745,0.44289411767756226
TCGA-LQ-A4E4,0.45108033103014294,0.0,0.0,0.30990521104654356,0.3090497124596082,0.1385513007200899
TCGA-MS-A51U,0.5627150652883157,0.1671918594179058,0.188227373956635,0.5026619250598834,0.33181036895766974,0.18443556191448365
TCGA-OK-A5Q2,0.6029187386721926,0.2860904530686433,0.448289427207739,0.3048902631583195,0.17478050896743091,0.2101734016028168
TCGA-OL-A5D6,0.5208046611024438,0.3010736386590676,0.11780040115867028,0.5281354185377239,0.02617908780369842,0.3326242706160881
TCGA-OL-A5D7,0.11067070115672523,0.2187815466716091,0.469760440216043,0.3348636369394044,0.6094412642540556,0.49487345869145993
TCGA-OL-A5D8,0.35439177384634213,0.12787548557953524,0.10336793212699746,0.45363051644644337,0.30564847615488805,0.3899996176300605
TCGA-OL-A5DA,0.41088170959904513,0.05805366989743532,0.14243157068363052,0.5540116296900367,0.4664643943732992,0.17669516773555785
TCGA-OL-A5RU,0.6491546427072719,0.2607654878403462,0.4907658831449228,0.15856143689416266,0.309377407949197,0.23166978552119136
TCGA-OL-A5RV,0.5957682487424607,0.28397689443081253,0.18289501260744667,0.39557210304516577,0.22854481084040545,0.015191982793136966
TCGA-OL-A5RW,0.14286753970318378,0.32251782495085013,0.06337134819490635,0.6602035406307779,0.5845704114749121,0.25804281887753505
TCGA-OL-A5RX,0.6741145567423711,0.3858973647467165,0.22806053979372387,0.29759345176029944,0.2897813665653935,0.04857711360903567
TCGA-OL-A5RY,0.7252385756384749,0.3533560213930865,0.6131915356780756,0.19416911688422972,0.20425195118174902,0.3961752421132378
TCGA-OL-A5RZ,0.32165512962199355,0.24294663567160588,0.1557821020387828,0.5187604820255188,0.0,0.11855538558464006
TCGA-OL-A5S0,0.502703681894927,0.49771003977725103,0.21250427303899425,0.38332896474660483,0.35473336217044676,0.34174949355922474
TCGA-OL-A66H,0.4914676640903772,0.32185251580730095,0.17126166187409939,0.30820876958136195,0.3549897504431719,0.43259548640153034
TCGA-OL-A66I,0.35237653182677625,0.2720814017750873,0.4303548745117296,0.30546168590224754,0.5447811000452356,0.7334915500460307
TCGA-OL-A66J,0.6413184643804134,0.3286700073200002,0.12791682421416567,0.3744851443711183,0.00040071186526499224,0.29023970207609073
TCGA-OL-A66K,0.5444745276768963,0.10817527623603851,0.033049786566876675,0.49801158637146076,0.23981511988031023,0.19843732270344822
TCGA-OL-A66L,0.7964356190123542,0.24779539438329637,0.26735553582295324,0.0,0.19589836386150125,0.4115209146817518
TCGA-OL-A66N,0.6187554954186237,0.07302079818902435,0.3558365357481131,0.3212957141595516,0.09902204992722656,0.26111849411199634
TCGA-OL-A66O,0.3759900834646942,0.0,0.10976984298850714,0.5436186004292793,0.41578046863102214,0.05645088512756647
TCGA-OL-A66P,0.2991333074474676,0.34831062927346973,0.5061708900392261,0.2782576105201227,0.26921354425426114,0.8848732992255005
TCGA-OL-A6VO,0.07546561700841521,0.40997266996923637,0.15544357283200175,0.6123902546971873,0.47261202888005854,0.24314141207996762
TCGA-OL-A6VQ,0.9289007187131036,0.6180099466026417,0.22973143323462758,0.08456840307750477,0.23488328531264482,0.027249686201801834
TCGA-OL-A6VR,0.32741089764771014,0.1719933627407138,0.16534673181109302,0.376257031987538,0.24739100903673863,0.0
TCGA-OL-A97C,0.2596134409403356,0.11374740073153643,0.10607891127221962,0.7864715243755817,0.23083838509589372,0.5076238612714951
TCGA-PE-A5DC,0.5495787419783719,0.1753010425491508,0.12485198023242268,0.4042332026630284,0.5065268145929461,0.00895907060434365
TCGA-PE-A5DD,0.5451209814183181,0.09228817919976443,0.19641003106282345,0.44761307232671205,0.3540442741640658,0.22422200625325972
TCGA-PE-A5DE,0.5537771757832337,0.2925032427141666,0.5036483333806856,0.14006804251958574,0.5561230959154063,0.5444816954830284
TCGA-PL-A8LV,0.41263341042610663,0.2717609561432069,0.3997793046853363,0.44954983096900464,0.5101018842593842,0.06460459166379834
TCGA-PL-A8LX,0.6366199262442114,0.13700545926282284,0.0,0.12537846441267117,0.36906860099777256,0.24223205514385746
TCGA-PL-A8LY,0.43970882205870127,0.3710225763815249,0.1093014708715125,0.0,0.5071963951817001,0.1109450764678592
TCGA-PL-A8LZ,0.6399326088942443,0.38275141909658034,0.2699159084586517,0.07180841941436421,0.5282243058915085,0.552024726863847
TCGA-S3-A6ZF,0.43959069706886345,0.07465082636493822,0.25654294709685477,0.4321620179767037,0.4829019218650257,0.22036747089714134
TCGA-S3-A6ZG,0.3832681469929368,0.0013141820865769159,0.14596232030684647,0.4686112025586175,0.4315897071692723,0.2557395006084607
TCGA-S3-A6ZH,0.40293472097919225,0.07187790588736909,0.18290518888503038,0.3146362792639466,0.37672617327297775,0.23714011626183185
TCGA-S3-AA0Z,0.45924906989257186,0.382011344764432,0.1534574056445178,0.061236821333693334,0.5889194312043409,0.35878395968783294
TCGA-S3-AA10,0.23533371830836627,0.41475574285132494,0.4848712732603146,0.4234646838783595,0.45517887159628445,0.6205608042043754
TCGA-S3-AA11,0.40116192628077646,0.048477325080073526,0.05576410543315436,0.5200867543730995,0.2979600972470917,0.04808061254017532
TCGA-S3-AA12,0.2176723986197667,0.04692737408532802,0.11301925613224295,0.6517760627201955,0.12413871744143924,0.21097755121748626
TCGA-S3-AA14,0.6001624917677402,0.15037768111349287,0.1376550762414252,0.5304987711912745,0.16298074097433782,0.09541157250841598
TCGA-S3-AA15,0.8061163012103663,0.49480421914321204,0.6351202744502271,0.034549935036843886,0.22461311490989555,0.320455480824782
TCGA-S3-AA17,0.35369228159937127,0.05205439148599503,0.5642445812311436,0.3124093820370823,0.44380164716456033,0.597728064074593
TCGA-UL-AAZ6,0.1317596642346452,0.18539291466492602,0.0158228870121126,0.6684924803694239,0.6482401743919024,0.11400370019571443
TCGA-UU-A93S,0.07127386471254513,0.2733839116246685,0.10504579076321241,0.6217044917699723,0.6182610667609247,0.26779121118285687
TCGA-V7-A7HQ,0.5447732542261928,0.04674470590035756,0.15451972547913093,0.2878939482809119,0.26421159929761223,0.17282657217747144
TCGA-W8-A86G,0.5050466557902606,0.12063224332794321,0.06779746903276121,0.5093844323600221,0.23607819408689523,0.0019382147848610322
TCGA-WT-AB41,0.4701197694943421,0.022858926133259495,0.5596328523549302,0.0342024709394596,0.3245808642164499,0.583518522941551
TCGA-WT-AB44,0.6818190210253778,0.22349575188068138,0.0921982390683903,0.2375068418286988,0.32106457432745045,0.2353885824254557
TCGA-XX-A899,0.8255205791816692,0.2926784284306704,0.5066572949882451,0.2165940690835685,0.1473601047395292,0.24882684055559662
TCGA-XX-A89A,0.6463452045593934,0.2921046129024633,0.14761675816140987,0.26491976762029856,0.10176005575634042,0.6064458916091146
TCGA-Z7-A8R5,0.7277863749288184,0.44227711623205496,0.3591382845239114,0.07053936293304201,0.17250954655303746,0.30142982910591787
TCGA-Z7-A8R6,0.4036783807222499,0.18374484979364006,0.10806400472985839,0.5820426152233926,0.4134915709270182,0.19014832936054962
