sample_id,sig__APM_score,sig__B_cell,sig__CAF_proxy,sig__CD4_T_cell,sig__CD8_T_cell,sig__CXCL1_MDSC_axis,sig__Dendritic,sig__HLA_II_score,sig__HLA_I_score,sig__IFN_gamma,sig__IL6_STAT3_axis,sig__M2_macrophage,sig__M2_polarization,sig__MDSC_proxy,sig__NK_cell,sig__TGFb_activity,sig__TLS_signature,sig__Treg,sig__angiogenesis,sig__checkpoint_score,sig__cytolytic_score,sig__hypoxia_score,sig__immune_exclusion
TCGA-3C-AAAU,-0.5219886963608521,0.48257032774324626,-0.7877021561044705,-1.1779678811489256,-1.3998038029507192,0.08518817738414584,-0.6129096574809826,-1.1519616534810604,-0.44454137177661107,-1.3753816692976049,-1.5590146867096377,-1.4127742538368908,-1.3804546656431274,-0.74237242430985,-1.445177389954913,-0.8061252498988332,0.4050646901589414,-0.8523856364390461,-0.6045790398111468,-1.3158609961376664,-1.6386052185098672,-0.9365644975115514,-1.521806843297998
TCGA-3C-AALI,0.569478669449806,1.3178529885536525,0.16601647112351797,0.8339483219475469,1.5900009097522148,-1.2794356301322611,0.024347834448165743,0.25280751789634087,0.6745543717471364,1.5844293184197349,0.29808986101172397,-0.16110764411962045,0.05182875763450937,-0.057849580234016755,0.9842260733294004,-0.5000835617521071,0.9452356653547854,1.859985034585503,-0.13379732009443082,1.5550733007418516,1.40850565819195,0.4826632428628987,0.3523140375629467
TCGA-3C-AALJ,0.7501305285770153,0.841430759050776,0.672694104700292,1.17573082591011,1.3263017016875729,-1.4490539612237299,-0.05509410663321103,0.533644088693263,0.5932524532149722,0.6798991951624098,-0.4342321733848955,0.14942653642843093,0.058217405833677335,-0.9734709972592561,0.39815527091684816,0.011183211517206875,0.730101328833765,0.3806129450151948,0.3681037236140093,0.5967859768541751,0.9980784661107877,0.390243575743942,0.32851615179914284
TCGA-3C-AALK,-0.4331905350212265,0.21548750107571893,0.8655207307317924,0.3323013278222774,-0.2299403440416175,-0.15279049900045577,0.40154597696217054,0.12517672941033617,-0.15927359289377144,-0.18446414183225934,0.7661533463719776,-0.48989152402474706,-0.21030078118887496,-0.4408657772251031,-0.19539789306687222,1.4811681712768585,0.5727303657714138,0.6278742028883653,0.030230521450641215,-0.31839093407814273,-0.15538308037272128,-0.2329769781289244,0.6666507509158406
TCGA-4H-AAAK,-0.4111528525553024,-0.1884769959178026,1.045795771687163,-0.057266428284156,-0.4874326947062271,-0.7166086193828853,-0.13578227054517666,0.04086906773929204,-0.2949430677688487,-0.4718800151550445,-0.37426206604861084,0.20302753741593,-0.0447912487052681,-0.8199900529748447,-0.17684427764009233,1.8602146179378372,-0.48356517973827656,0.09828706777688814,-0.6548898124472406,-0.2794365222047797,-0.5292461849739529,-0.1925559830447311,0.660851285591841
TCGA-5L-AAT0,0.5638640069250043,1.0211375886741265,0.9653050707103711,0.962749046694335,0.8307370406203723,-0.28776462565251193,1.000896461973446,0.7697492117428724,0.11568438043536483,0.5983018799464531,-0.014146666491284323,0.05638432501402047,-0.724625939662794,-0.2640463098245107,1.0536470748978786,1.4490733191691587,1.6000956279954268,0.127965150681135,-0.05870572174178895,0.3076838432173864,0.6744907594765952,-1.4697691231757113,0.5979011254536538
TCGA-5L-AAT1,0.6020595465650614,1.0264631205759538,0.9923331981701241,1.5652669313808452,2.455667340438945,-0.3418554069469615,1.9806120291584253,1.1728961484209832,1.1855173751240864,1.5835417160820682,0.8713792908441872,1.0743728002026105,0.6749862053961613,-0.1424468721652047,2.4080728105420426,0.6141410365711351,1.8345542265991848,1.1445049845411752,-0.19543036662237173,1.7642370402069247,2.6693946623166918,0.25027773488645766,0.5799695061299597
TCGA-5T-A9QA,-0.26153004324790563,-0.7577043246306596,-5.117933119267644,-1.489065813116324,-0.3532343740119343,-0.16543651352659114,-1.4096977351741502,-1.5814470676940782,0.3642488552673531,-0.7921761550583677,-1.491995966969888,-0.8865773128636175,-1.3103124272152327,-0.753439471284656,-0.4454235468903247,-0.6110133837592409,-1.794309169210639,-0.9573110452683069,-1.7711101403481968,-0.9030671751195589,-0.5496939512898293,-1.6370798368366435,-2.8921013536805913
TCGA-A1-A0SB,-2.779047682657101,-1.7962233419598588,-3.29553187695417,-1.8976070744432898,-1.5287572619425922,0.7727672425813386,-1.3675976339908604,-1.9251729178346977,-2.630939121641497,-1.6858853037582378,-1.9510345186510856,-2.0557672492248953,-1.426293793012824,-1.2282662436560756,-2.010409654956343,-0.04216445436606007,-1.3068246261469552,-1.6522370077883035,-2.3999476876418426,-1.5132248829252295,-1.8202680674110858,-1.7219560411417523,-2.2924427246677395
TCGA-A1-A0SD,0.9802680500659271,-0.24763844072890118,0.6213802570138846,-0.08018805755398399,-0.5058533998690682,-0.1611899842398237,-0.07513421021942045,-0.6766700216130113,0.1809380519070364,0.30084347846716575,0.5260925569041122,-0.4062801063512429,-0.030032677635869264,-0.5334387165866782,-0.4894438249429272,0.841590497714056,0.8183026011118845,-0.04823660331607282,1.1084529357798127,-0.14495367684275506,-0.4768462912799933,-0.12552088282840212,0.3200863064102623
TCGA-A1-A0SE,-0.867462261446502,-0.48998559625864085,0.4649437509222385,-0.9030223936760867,-0.18076593163272203,-0.3382158338625827,-0.24287219527633974,-0.612927834377105,-1.3788457207604066,-0.44291102241831587,-0.2507833185791603,-1.4527245174562513,-0.9423124405059615,-1.1481395653175224,-1.0860084211262513,0.47212755015118185,-0.13284132804040974,-0.6744907594765952,-0.027071725700523512,-0.8991032247606935,-0.6240950931170269,-1.1941170262335707,-0.10924907622671792
TCGA-A1-A0SF,0.32249147566048525,0.8563932721561353,-0.19434965555871764,0.8518033617986223,1.2209990155878654,-1.5713592902825626,0.40636735128684587,0.4298981063058002,-0.08060316554630946,0.5556419965471404,-1.0013995928793393,-0.5769600824791901,-0.37940552849656994,-1.4708058864461626,0.19121849517577144,0.22011176917436026,0.6017443426144307,0.5762859765394961,-0.3269844674219661,0.541359924846845,1.0966103286025721,-0.3707292186995653,-0.15806956043142467
TCGA-A1-A0SG,-0.6313514855641836,3.2170786524006347,0.50761522834911,-0.15215340369313124,-0.3185639767679792,-1.4543547864296642,0.4337954540278558,-0.0533017080472877,-0.9550632909440795,-0.7650181593641943,-0.4791586068809987,-0.38792599714518783,-0.5817959043535039,-1.180465537924654,-0.2746912165051186,-0.15903008837075783,1.5190498423916752,-0.6469211382978031,-1.0032777547067557,-0.24359414033988291,-0.4263945558899087,-0.1829052550616197,-1.2422672788476727
TCGA-A1-A0SH,-0.5567104607195094,-0.5239971837741982,1.241901453919214,-0.16595632635805416,-0.8187000223618432,0.07449544468819186,-0.041888440747852404,0.07746600923736142,-1.0146256157219955,-0.6298582067007703,-0.24512790495247672,0.13667318983527516,-0.33806459064754724,-0.4039601746620174,-0.291443978228362,0.8494926542483459,-0.7167076524700406,-0.7772923264891615,-0.33468312408727297,-0.6696593884832452,-0.5950393803643731,-0.588207050550496,0.7806766043052844
TCGA-A1-A0SI,0.26453678941930037,0.1206431141572519,1.0718524792008493,0.03123301671466068,1.292270365208838,-0.18594040820456267,0.15708183793206046,0.6707794857928506,0.8311073536077602,1.4814324194794983,0.29287675768046306,0.45377438623375094,0.41348257875698274,-0.3593211416948946,0.90333009127843,0.6902318670661003,-0.0515355822959016,1.0870196241694627,-0.21579217679902896,1.099381775328658,1.1622960890926113,0.9209553094517237,1.4887826592109419
TCGA-A1-A0SJ,0.0445651089646475,0.38919130145091496,0.2941910860315872,-0.7331419512114266,-0.3210580693865497,-0.5530859397819938,-0.4502379694162508,-0.596162850562251,-0.49706191571142605,-0.6907120029306265,-0.01372276431861033,-0.18855807221221707,-0.0966142529276235,-0.8457469626679198,-1.2014608906394222,0.3880377279170318,1.006974307641708,-0.032113491127639844,0.5276451973977387,-0.6055906558486764,-0.4941037855985598,1.1314865244777046,0.2105308944506813
TCGA-A1-A0SK,-3.3017514490698416,-0.38690760848229505,-2.165981679509813,-2.565789367617326,-1.1609903484562256,-0.09735110022387831,-1.9575006727049873,-5.020460294072333,-2.883339387335333,-1.4138496193474022,-3.0065108724808103,-2.45751121825374,-2.275244376032541,-1.146398697438732,-2.465324730197275,-0.7354579834516308,-1.3401832979036838,-1.3992446806926564,-1.4333198161195535,-1.5025509037232907,-1.9991749828760648,3.0237271644375543,-1.5719300521379933
TCGA-A1-A0SM,-0.9697549562694187,-0.1414049305197696,0.800948487888486,-0.2625222906369233,-1.002696809019208,0.05489753034819739,-0.43359206517022236,0.3347634515086141,-1.176437520380179,-1.0626345585397157,0.4065484553713136,0.07344483171860497,-0.19655017175601405,-0.0758770945817826,-0.12589046395798037,0.9888979336893103,-0.18835019613338738,-1.414176829678753,-0.1570094302835347,-0.6865020079361138,-0.7267660160736173,0.13213550941443172,0.26097929328078906
TCGA-A1-A0SN,0.976918744304334,-0.5476170906127186,0.7288148262176414,0.8831650377560216,1.0487570874656056,-0.5217368292300739,0.5385157200406655,0.4687502160389906,0.3311299548546399,0.876175400124998,-0.7053497592251464,0.11542151763430877,-0.38791680297717257,1.252542848977465,0.7072386878531768,0.41184534694754965,-0.19739555331551045,1.0862098911490328,-0.4561918393116321,0.5969348325274381,0.6558670403370116,-0.9152915133396576,0.19244976569148106
TCGA-A1-A0SO,-2.722552023162177,-0.3719993728298109,-4.13089677952969,-1.9235118244804736,-0.32278938659706524,0.6417110357146795,-1.367811478439129,-1.3650481933922645,-1.8949919677291946,-0.028900053495335497,-1.16377727190805,-1.8422572413445575,-1.665555151481389,-0.7848047635407568,-0.9179907877670961,-1.8318967496114205,-0.932937174094931,-0.6040125668969684,-2.366453398781699,-0.46855330027501724,-0.18805692047737868,-0.5439275832838398,-3.026585853187463
TCGA-A1-A0SP,-0.029896742336274134,0.41925785952628286,-1.0259629003494497,0.7285211894465795,-0.1479432920650104,2.3818407245921596,0.9704621353996873,0.27040186141386213,-0.39137102503000953,0.5794451849430042,-0.780466129225985,0.8403608218092643,0.6491905618133063,0.8512173999068907,0.5056754584926878,-0.651510217724095,0.8952933800955718,0.4647076918714332,-1.2913200050175455,0.3471419929350103,0.20599180468924694,0.8998565124617184,-0.7202629726918853
TCGA-A1-A0SQ,-1.5736280392689412,0.2428609182337628,-1.5228436795108158,-0.3505837479452724,-0.4704976378937766,-0.0032611379220596434,-0.2169611489185897,-0.7466792025309942,-1.6206127292726424,-0.754844955319526,0.199123677216319,0.20887845408120678,0.18365465387899801,-0.7439378412029821,-0.6322279184361951,-1.1469872882810586,0.6543246946960273,-1.1440697850769392,0.41791085301051006,-0.5779674417328283,-0.6063491204837071,0.11589133281188363,-2.029479298390677
TCGA-A2-A04N,-1.4980455380107895,1.2028675077478637,0.8266614356874078,-0.15652185355437367,-0.7624414077953805,-0.6340115315153358,-0.3177659801718528,0.371934347503381,-1.1278065176115073,-0.7059654295908036,0.3564269764042612,-0.4401268318259669,-0.770049657284864,-0.9849925027951992,-0.48495734851057126,0.23882537446922608,0.18795837508852764,-0.5762818782190055,0.023689302313140398,-0.7079621277534888,-0.8774308188046752,0.20212127601217977,0.11063027051097046
TCGA-A2-A04P,0.18605948557068844,3.211774797652618,0.25598909999938047,1.4890468630457037,0.4230118901422548,2.158213029040473,0.21003266847066676,0.44744340061068094,0.8350222573256143,1.195712962459906,1.9462598889946874,-0.5981920372835874,-0.0004282534571934272,1.3840844057504675,0.5846419510017681,-0.9393279573613191,2.6655957163760466,1.2698836766300998,0.5358941403600671,1.7205207977956634,0.6527341230364767,0.5625748419718022,0.9348512192330364
TCGA-A2-A04Q,1.922744241760679,4.296303209070695,-0.12001153714109837,3.182922970742349,4.285486997510439,0.8074194446342792,2.5771052936618726,1.387124676693707,1.6580485306272439,2.465280811508811,2.3216597335730276,0.7771662440599652,1.4244637514393859,2.544912996542996,3.947119166464455,-0.17171051533943182,2.9049827070346548,2.617694925580017,-0.557376828980504,4.039003169304907,5.257166072738684,-0.6924624009055578,0.9735755622067207
TCGA-A2-A04R,-1.7028139662391102,-1.0187031005523175,0.43663823534927415,-0.7395868157131866,-0.900125945828638,0.09825129859913986,-1.5359032420369774,-3.2073548590038037,-1.8155860964733863,-1.0821359401313333,-0.2275256551190369,-1.638144934889788,-1.3461194181009029,-0.865067050199099,-1.4475035639159348,0.3417403115946895,-0.5800753905182954,-1.2428558242756735,-0.03158907858481261,-1.1618774747927183,-0.8149467359024722,-0.6508702697419853,-0.19121105827246085
TCGA-A2-A04T,-0.11763627590175194,0.5376273794749631,-2.081848760661484,0.7254374265590634,2.3311656328820027,0.5929746757733202,0.42425828539135974,0.13321938693998014,-0.5711671733143656,1.266103335143449,-0.4781993848268067,0.35291039070740926,0.2852896086535444,0.4420199214139235,1.1654709158949197,-0.8950599393340485,0.9137722688865568,1.4006599886125068,-0.9303658974593877,2.053272899495466,2.064182075283921,0.4113352538687304,-1.2436474812529428
TCGA-A2-A04U,-2.2131042643890324,-0.9436712244154418,-0.17080141041420957,-1.6465011181823483,-0.4894012783946551,0.3349254610210499,-0.8565447251324424,-1.257636765463346,-1.2946710091528821,-1.064759662847574,-1.50733527166573,-1.0579414606340856,-1.1627646485332233,-0.34870001024792113,-0.6601043058234591,-1.7509730875920295,-1.335632323298319,-0.5339835461594116,-0.6364725436357193,-0.7263208172443513,-0.4818757721637604,1.6443855926427817,-0.4304640959080025
TCGA-A2-A04V,-0.853861349639149,-0.3331196752115947,0.7109677646531319,1.2225965194803814,-0.3483048058509913,-0.07229297684094711,-0.08393825678370664,-0.30959747754715317,-0.8517598026703275,-0.4648200544492918,0.21177742793842352,0.0,0.5212480008166854,-0.5178155329951072,-0.4862755828408622,0.25856552605866556,0.5502927701472219,-0.8963485219040761,0.4801952105872439,-0.3435286424315876,-0.4295939051003812,-1.2147603636076405,-0.43202213656710037
TCGA-A2-A04W,-1.6041167291740228,-0.766371270116162,0.6989518599787062,-0.54496208149421,-0.42887125737008164,0.47156591542170234,-0.8982310648555756,-0.6778354404959375,-0.8016107029363955,-0.5254164736465344,0.7797231755781633,-0.6326991830043395,-0.8223448817685903,1.342164485922259,-0.4013663950110241,1.1112909632568189,-0.4877148863363828,0.27580660197208073,-0.08586006076041745,-0.7010710252803389,-0.4636837138066178,2.4400113969730337,0.06679007625167883
TCGA-A2-A04X,1.0144022640285548,2.2227162355363386,-0.6483107173098803,1.515292841652773,1.9130456213106872,-0.4825388562860681,0.7080422266345182,0.2895866274416656,1.4875212999920582,1.8633419892516332,0.08291058299674531,0.20574531446617753,0.27998977104183576,-0.4135520410595588,2.0607272407602784,-1.1162820331418961,1.4455168844833863,1.1571328786621677,0.4587470853591411,2.688277452779424,2.4715677754447434,0.07741365486792441,0.23115645208483154
TCGA-A2-A04Y,-0.42880497185236566,0.1865122290732555,-0.7776721806326877,0.676678193689597,0.7286449370322158,1.0060458957095197,0.06281767480366006,-0.21898902138699347,0.43127111279215835,0.9408303988106795,0.6406526084932295,0.6472043359434281,0.5505810211246639,0.7765536496198235,0.9631594420982083,-0.7412941762169697,-0.09462733252335642,0.9052096190495466,0.3099665024799319,0.7526610684899316,0.4117186162055101,0.8576937589271052,-0.922671105245635
TCGA-A2-A0CK,0.42965926707917657,-0.018396414179365397,-0.37243033895291167,-0.0968712916085591,0.4381579364092797,0.1002722448317926,-0.07839322677202042,0.3426857565710591,-0.01582605675553702,-0.06052655620567978,0.7008934829234763,-0.28203290233144457,-0.16717564951399025,-0.6684775952602268,0.29995180791819726,1.3009482229375373,0.6862846723767281,-0.13439520324425702,0.1377098720270281,-0.33597354346302016,0.343725967778404,-1.6520088276984597,-0.6348085266291154
TCGA-A2-A0CL,1.04997051652192,4.8557150379731135,0.3254255331620045,4.236496855904477,3.1020678684832053,0.33819929164712337,2.3437268838630345,1.3203137100393878,1.5344298146987732,2.1794979137929547,1.8655051422586106,1.241652013577781,1.5232354922013338,0.08440696571319715,2.493380141388306,0.800697244077607,3.150063142005395,3.1208801730161166,0.6714905884937289,3.6577049521665836,2.9871840918265566,0.912844032244239,0.957485279452458
TCGA-A2-A0CM,0.6463009512227825,0.9068345648558346,-0.29512967184087185,1.278732299484359,2.4975793859563056,1.3825088078806997,0.8269332949035589,1.2017184537631183,1.5466876981362567,2.3771029149560245,1.9102724000601703,0.8539025352299652,1.2134938874372554,0.7528331529041153,1.9903728811656927,-0.8878344931416763,0.759646414114232,1.770341993304894,-0.360948737742047,3.1087269174195,2.65835439827917,0.22704650089979153,0.7158394509735613
TCGA-A2-A0CO,1.070839083095469,3.489914833118922,-0.025306127742194477,2.648273389848728,1.3794575058685725,1.9989798743851925,1.29128341017599,0.19836011239709622,1.0107237634656703,0.8430255410319928,3.53212611187102,0.5751390105353862,1.7921722505949569,-0.030677210937030807,0.7434731485282363,0.7369731324623495,2.5814818222577993,1.2050862788186512,2.1383193347508205,1.0296689735859332,1.2863957109497959,0.24235017494576191,1.1893778284871723
TCGA-A2-A0CP,-0.2737815623661822,-0.054119667686960464,0.9976638079680639,-0.38813824178390777,-0.2852670525560329,-0.5411010430573517,-0.5531362975037318,-0.07899394088792135,-0.6749160558631537,-0.5964092997747679,0.4121205456805475,-0.45854935652914275,-0.607869742880165,-0.910523820568478,-0.1565836462359384,0.8446434503783109,0.5018766843875535,-0.5490719414960421,0.6436570184245005,-0.9485143130645453,-0.142700468978232,-0.43767863082065933,0.4649605728212758
TCGA-A2-A0CQ,0.9730779213926699,-0.8950339531462262,-1.205422493715128,-0.06501347970675095,-0.5887845251586541,1.0024340953321655,-0.011331839607459563,0.8315315517890276,-0.16361116770923476,-0.5486612027687,0.5269369148118235,-0.08857408591138734,-0.2535105190577413,0.8818339045833398,-0.1869076469329097,-0.750821078541635,-0.9308965020037883,-1.5890902381462852,-0.6518154408103037,-0.43327483118684024,-1.1800778102977096,-0.9752158547671612,-1.458690547351725
TCGA-A2-A0CR,1.8159993376431,5.380483029336244,0.12072875099074504,3.5584011599178877,4.2930494764090055,0.4732242411634711,3.2289862843031005,1.0296148620085255,1.1946643234320373,1.6756095492328118,0.838792634331704,0.7131187652930738,1.6456945055978085,0.7224449212118368,3.4724344919344814,0.39149493576695876,3.472443452850041,1.7899150836138304,0.025838080035743113,2.493368368472049,4.675425598713484,-2.419708136108355,0.17922668631530872
TCGA-A2-A0CS,0.5600229895205436,-0.8351562364491485,0.5775969447226387,-0.3001116606364511,-0.9030764559170773,-0.17083331729868012,0.6979371355850982,0.5050216298745693,-0.4795465892558117,-0.46975401761761926,-0.18934921648036826,0.04180761833435227,0.6469428658120463,-0.07337858065495333,-0.29061312539944945,-0.08663050081609475,-0.7850731187716645,0.19131992732030204,-0.6866588131139796,-0.3576880755783844,-0.9324275491516264,-0.41834930734734843,0.6260781485689006
TCGA-A2-A0CT,-0.6825139147533817,-0.41769332739457643,-0.7518956998847857,-1.3088451833204449,-1.1069824974827076,0.4937467073987755,-0.8496227788190462,-0.8202684373860671,-0.9400690951677124,-0.811254483078873,-0.9098383219693607,-0.8297492955317471,-1.4452047942111512,0.9756848786537202,-0.4165154937428501,-0.6048734929889733,-0.26024488714082267,-1.1699612406150222,-0.14154365222848775,-0.6537413423558529,-1.276003029941762,1.0605599871129974,-1.0333151107566185
TCGA-A2-A0CU,-2.4835377142647834,0.3280170154498434,-0.3246679714489302,1.096828020613432,-0.6949139229906622,-0.4023126125139928,-0.41759967351515986,-0.7542502205584386,-2.2756995382458305,-0.9301438263132179,0.8311423051155703,-0.8601367849216646,-0.28050018186974396,-0.8602012312229936,-1.269922146644579,-0.2047554926546944,0.35711135039958086,-1.4270577315056066,-0.007933701242765972,-0.7928280790285808,-0.9714369028716991,0.45576286749606393,-1.5559458317661228
TCGA-A2-A0CV,0.2950402549085598,0.6570739201659679,0.47600415193226286,0.37893441744049833,0.6031463717811327,1.0014550042556467,1.0844154842552807,0.5279628391142555,-0.3366615673598726,0.7145630076867668,1.3134433388953923,-0.2884703759447804,-0.055913547226192725,-0.3299238173779996,0.37063156719212104,1.5236831950859047,1.0483126354709837,-0.7696493516563986,0.4860020332179807,0.09211338714691464,0.4124975720082682,0.22526972888932723,1.1266393490681814
TCGA-A2-A0CW,0.827959818708039,-0.5327163354570076,-1.4485828822869715,-0.25583716742206075,0.4344846302331662,-1.6037415982279397,-0.6444825015521202,0.41957177416590435,0.9579824438704174,0.9394984740172312,-0.21359873036750396,-0.6239862860395685,-0.6841182917411176,1.125535742033325,0.06193218725362373,-0.9199266124891544,-0.35723693705536086,-0.16506663752215048,-0.8943926141422003,0.7724356953314835,0.4461734311808083,0.5017913939902608,-0.7446419626119062
TCGA-A2-A0CX,0.41598926650296547,-0.7361651602439288,0.7065460456350159,-0.08331466651061471,0.2990869437873299,-0.5617430354804656,-0.8202002750887578,0.7656616795738471,0.2552132135623041,1.021194226979877,-0.4521830132306438,0.4333664599888484,0.12807332726301757,2.3670945222210005,0.8403162847034036,-0.46021142171265716,0.6841069598322667,0.5996763005543474,0.7693666920394135,0.9546236108153833,0.8133266211304667,1.5621263714203093,0.24132430251138498
TCGA-A2-A0CY,-1.9807607411443369,-1.5109076544764088,-2.838021053614162,-0.833514271133044,-1.0377664175726542,2.156888928650504,-2.1132837151124955,-2.868721056709354,-1.88332935870876,-1.6644392228850238,-1.2144958771169792,-1.2670922861661944,-1.5569159685981864,1.399671615341843,-1.7988772843502219,-0.8668903748572843,-0.6063522807705081,-1.2427557693713664,-0.44363107690971126,-1.6909113304661743,-1.5614203163401656,3.455815943871132,-0.7386563799976558
TCGA-A2-A0CZ,0.5843498444542384,0.7495136470637145,1.1858075805617894,0.7059053789042228,0.5459798562357278,0.5286959002744863,0.9068373011218732,0.5966502918715133,0.2621795858365681,0.5861571832304119,0.41111074092769706,0.4141957535370479,0.6376846380303447,-0.35396037983860673,0.634844572585924,1.7609891138775398,0.914639273841733,0.254030422384471,0.7337287430034981,0.4489883114563021,0.626933477352037,-0.9242332482255163,1.5896530371923017
TCGA-A2-A0D0,0.06692985366777551,-0.07692934846755901,-3.6780235226181626,-0.4041666276369315,2.1970474427246556,3.760654811201201,0.14257906749664606,0.9698425526572416,1.1077145066895855,1.2756527316397994,1.0378445480209861,-0.7057516768509373,0.4012556531407475,2.616038980715504,1.3586932302027843,-1.4660615837893718,0.14921322115285846,0.7352765399194785,-2.159212303323121,1.5975235687931018,3.2034471618381217,2.8327822735053227,-0.019580267517699212
TCGA-A2-A0D1,-2.1396021219817456,-0.6518162117963846,-0.37361745760447,-1.0216564717730932,-0.191564635496709,-1.5648260436122206,-1.3457591623625829,-2.4028667033314646,-1.3218652622611984,-0.7400234178969954,-1.7555065351395076,-1.5816069896246066,-1.644907664569956,-0.7450858807382486,-0.8442839173714747,-0.6687152655578467,-0.3653565032527983,-0.4413125561414727,1.1936717427507932,-0.25643956489374364,-0.2419653962215988,2.3438766716324015,-1.1330555407920713
TCGA-A2-A0D2,0.17545981761349824,1.3930255743528357,-0.2895407591654621,0.6273502999261572,1.5793046657017762,1.1503253616642717,0.8178730409411494,0.08918535279269439,-0.002003488462460484,0.7154654556552803,-0.017232640895485245,0.17939732266514727,0.2122514577159475,0.44342080699339165,0.9810255450728391,0.1960311523265687,1.5839215619094165,0.5933119284906145,-0.19699138163112415,1.240544415590889,1.9017595321574505,0.9457273175935058,-0.1876918913801476
TCGA-A2-A0D3,0.44222635587095943,1.2120505394811196,-1.0627149256145711,0.1494155010260262,0.6130642571540097,-0.5724502885134561,-0.09404865642158469,0.15927258402729894,0.028785062289647254,0.4001954201996901,-0.5987698896681007,-1.037016407925356,-1.0348059394586853,1.1814603506189767,-0.3480826309434831,0.30579737280199937,0.615825117853478,0.3277976305135981,-1.3012666142405054,0.15707281009555343,0.2718224147672027,0.5178573802777281,-1.350104054078818
TCGA-A2-A0D4,-0.7541751564931624,-0.5807756894395536,-1.100718332470205,-0.3012735685857614,-1.0130365733672029,-0.7453602219169495,-1.1233362188115352,-3.200876724125853,-0.6077304562189292,-0.809763706808364,-0.5017242953310423,-1.010826482603158,-0.3906967137047739,-1.106359337399179,-1.723673398233368,-0.713146179014486,-1.6404062281947207,-0.5974621376829848,0.3482405836434993,-1.0367903982131477,-0.7176968360671796,0.44110660669569324,-1.312468520974689
TCGA-A2-A0EM,-0.5003019103198443,-0.6794560315093632,0.5972299277436016,-0.6649539683475039,-0.7487854142460953,-0.49615812930404213,0.012427334498970629,0.20281380823627276,-1.0882577382417402,-0.7377199725939809,-0.9942916122015056,-0.47781323407191456,-0.07674082084382423,-0.59253556294981,-0.848729676513781,-0.09561359004733569,-0.7203032910718735,-0.7315824524072108,-0.17947377293694902,-0.7234544736260051,-0.8547441106557022,-1.4759035286802085,-0.3677422544038287
TCGA-A2-A0EN,1.4769543773902052,1.949986669044729,0.7951829437330175,2.5567723846142854,1.7244304862435236,-0.39456136777162115,1.9538708679146366,0.946522509148693,0.7341409803248983,1.2292574638242295,1.0276651947656679,1.132232503517593,1.4553379313621428,2.3102448995446885,1.6332745781592648,0.8422216023384406,1.7330460285803218,1.3797093336320223,1.644240668542151,1.7073141582764146,1.615722497682207,0.3950460378602984,2.0956467642773324
TCGA-A2-A0EO,0.2218278793911513,0.5254236079088253,1.0076771499737804,0.5383473362720567,0.23740702396493,0.1724910134975309,0.6192529691551562,0.23164452852736256,-0.4284032174656684,0.3259360997604608,0.5140299523233172,0.06526566870733592,-0.03749641597412102,-0.14210070249590262,0.33013687286656196,1.871751017226124,1.1313137991067157,0.10545085818258454,0.4299155845354141,-0.05405365662113075,0.16978610763021634,-0.14291156343030895,0.5754731892357339
TCGA-A2-A0EP,0.44924612976665435,4.559678185775647,0.7407464204907109,3.9255554009498637,2.5488238314057896,3.426866388506258,4.5454473898099454,1.387376426969583,1.1496935800122439,1.1299244794683594,3.0056967452990664,2.020892535478844,3.6678281485502384,2.582996463992576,2.263022985283262,0.8697190006542717,3.344048066564704,2.5002633220935606,1.551977942261674,2.7856240703514037,2.8674686463588235,-0.3045361536941757,1.2834068779997703
TCGA-A2-A0EQ,0.37224159522254774,4.179108629139991,-0.8655421329373616,2.532154962806985,3.359863989754246,0.2036727129154386,2.0992768683650436,0.981502896149876,1.1741481189478615,2.088507893598034,1.1230666153405193,0.5603046013163201,0.8687104156025822,0.2080371846767719,2.4215201729233016,-0.7623617009783155,2.449811269214976,2.246468198577263,0.011940896866183848,3.020675469729834,4.087039996783292,0.24508307095678944,0.15402840871864928
TCGA-A2-A0ER,-1.4604284429993597,-0.0024566436411800024,-1.417558352330061,-0.4814563709011804,-0.5442615734255665,0.622356833650917,0.004166289639333952,-0.12855009102403417,-1.039889480313194,-0.5512658816853225,0.08187835853904891,-0.3593293338755277,-0.01872460570454403,-0.5197969137386643,-1.0927960463227395,0.26017898803693174,-0.11130162706493327,-1.023143565390691,-0.8193391925033031,-0.3494953079224474,-0.6241789675782433,0.12703531813312524,-0.7709265359780788
TCGA-A2-A0ES,-1.0266247604364374,-0.28806111479481333,-0.1296113915548514,0.29529133919757894,0.06504751040665047,1.6350217206653486,0.59878499921811,0.08646488676407547,-0.5810998655437143,0.008744866680062096,1.8532970392620476,0.4751162103791745,1.0480668472577923,0.02105865035028031,-0.26794699278622686,1.263200792428907,0.037564721731533586,-0.13494974500005374,0.6637875594286492,-0.23554040964741293,-0.09365859256668586,0.2241559256949977,0.720948442677123
TCGA-A2-A0ET,1.160924611739949,-0.20852864560831663,-4.066994172165663,-0.14199475918426574,0.5046062585458067,0.5763179219383343,0.2645512803480597,-0.6305513307263161,0.4150957195420997,0.3603978196764917,-1.1892736207620789,-0.45338294785835676,-0.32882875957227,-0.22979959431116184,0.13805476703402522,-1.1519309298727693,-0.1957936147482988,1.4260305106644953,-0.7689332801440991,0.26602287395900176,0.2554428424538726,-1.820952602797422,-1.5037627249201235
TCGA-A2-A0EU,-1.094936884569796,-0.8460801320184194,-0.12031662782644524,-0.1967450216515258,-0.4291825164033242,0.6279284149681772,-0.6130456799061951,-1.3580325233273198,-0.7781298604117471,-0.11075373846592958,0.872625077004595,-1.2825194760000456,-0.7932659333349659,1.0607260768375204,-1.3986203411862657,-0.8938733467153539,-0.4760328787814321,-0.9928485926307695,0.0784756752352699,-0.5350902486772012,-0.6000898707594501,1.0526274411057894,-0.24471082722785864
TCGA-A2-A0EV,1.4117141207807251,0.10681949334153448,0.6753438304505633,1.0221888221808662,0.4891020830730586,-0.5110099837413307,0.36777880510183864,0.6937902357469325,0.4750486021238627,0.6795755298318543,-0.39907565532889827,1.0076672270174356,0.8881436765529251,-0.19539691908607393,0.5445716371600249,0.703480350217126,-0.1983498155632582,0.39044556866376356,-0.9476521473160375,0.4528685135544582,0.6180382057656081,-1.2211438395821748,0.15756093764944454
TCGA-A2-A0EW,-0.2139793008994649,0.9091963796949625,0.534286760023688,0.3885644646660795,0.27494620708651135,1.2360039114020076,0.7737676730706001,0.46652686872983584,-0.39650451801725545,-0.3261884765852283,1.0387059579919249,0.7371950116882465,0.5658414713282652,-0.08264155508769755,0.3067088400261301,0.832882790228753,1.3521440951861323,-0.36168082726313955,1.1485556252640212,-0.275356867286816,0.14659613787826867,-0.35734613516873204,1.2890013412779908
TCGA-A2-A0EX,-0.5818881833287816,1.7970326515690307,0.7686870011592186,-0.07545539500147222,-0.18898505802951146,-0.3999547940809543,0.45610520309004765,0.361868042880559,-1.0556875125808662,-0.5843769692229207,-0.17009177846392945,-0.6627250320334235,-0.6734015389787962,-0.961970987708188,-0.32919705400067595,0.7430085707870233,1.5821323667759482,-0.2052434890431991,-0.1688774171377892,-0.5862767833594161,-0.34221877941821033,-0.44300090989198615,0.813444393476685
TCGA-A2-A0EY,-2.0448963730910092,0.971770993980407,-0.30235672607060954,0.4895584456899352,0.18187386308117717,-0.6414615589338694,0.34028515468589265,0.07895864943362718,-1.0197094691403543,0.04354500714466095,0.4131962280113241,0.13688474979443116,-0.12130204705861203,2.4679767309634824,0.06454979460237616,-1.2249356529403197,0.3458944890439387,0.2086058484624175,-0.48765797091750557,0.08656521155044992,0.13844814086509283,-0.2641851740258274,-0.44365119232001543
TCGA-A2-A0ST,2.27471874838787,5.838451732446186,-1.5272697498742547,3.7716329623056417,3.872514452026375,3.287352983936911,4.303916058251575,1.3589792191308179,1.6768752011537063,2.5694058421514963,2.968832575894236,1.0843507071667289,2.1452835246219766,2.8002773425228593,3.022415795842725,-0.6204969734238612,3.7760773204147497,2.8688127864619655,0.1928622791529561,4.135850991221076,4.360532263758098,0.04043442632461173,1.0003481760451143
TCGA-A2-A0SU,-0.0715159771018175,0.4567774305061343,0.1809764435536979,-0.1534234008838022,0.18293628952174298,-0.29687207209910116,0.9363248551402433,0.19020876070549908,-0.29204767613215954,-0.04731445990863705,-0.2000391641940216,-0.7420281568160518,-0.20970172494477562,-0.4018053294278188,-0.7175037895877189,0.1627049822244884,0.47457612375813873,0.002087609234566567,0.6300020317137013,-0.2861396963122676,0.08015058860003547,-0.6086617955638771,0.13520689383091022
TCGA-A2-A0SV,0.551996953423759,-0.5990726541377683,0.7587870460988099,0.273271752119343,-0.3561939869666661,0.018385928355662575,0.19625222645759002,0.6537859831705891,1.1167699886917302,0.40393829138857223,0.5203907469699139,0.9765220466197616,0.5845748518506647,2.144380281025152,0.543951090658706,-0.4736031708508119,-0.892215286653272,0.9456661328208052,-0.9459628178395789,1.025772565491455,-0.14970660438853478,0.07842821929868395,0.23010381530186846
TCGA-A2-A0SW,1.5932021824896012,2.596713175054716,0.4634485582129321,0.93262132858568,2.4907879615075466,-0.6973503489242376,0.36138086099425604,0.32247214808673186,1.2124549043236337,1.6273369200081005,-0.22636782484753923,0.6419601609161929,0.293699516192511,-0.3538565664060466,1.5615147478315237,0.12466263723917888,0.8525933098886614,1.3642369724308259,0.032406231135461205,1.5245652670723617,2.181215936073339,-0.6052857457043944,-0.0559162565234164
TCGA-A2-A0SX,1.06797133169593,2.825291527931918,0.24036755839111726,1.601203215489404,1.8803292050917155,0.9200293524153418,1.7086543934056344,0.4595901465261056,1.264805155216596,1.8339998650558604,0.9316358182892702,0.7963929336811585,1.5016804820323633,0.2897833982192373,1.0157213339700315,1.093626198455419,1.586553018888325,2.037371841418649,-1.0180593325610814,2.258346395829727,1.6497284781884252,0.5952800050424509,0.21843740115658372
TCGA-A2-A0SY,0.09192650860562851,2.9639631745016937,0.28547740743786654,1.0697104096041699,0.4746028872477733,0.1349806945431382,1.2784329248778095,0.4000226196738867,-0.40186209895601266,0.6266534054162353,1.5167726017884564,1.1225692686332467,1.2257315537661972,-0.09369834886660061,0.3015323241530437,1.4637039623490333,1.0913132571438577,0.22152634859136364,0.24607908141647092,0.2767099235628031,0.3402969496647519,-0.7424644229580948,0.6106011285015085
TCGA-A2-A0T0,-2.0774521659207106,-0.790304191113425,0.16898424048883096,-0.3446306409986084,0.41697180177154836,2.0371143021817146,-1.2565751397350198,0.11950441053168215,-1.3372685462925389,0.6315232928880186,0.19955916347336403,0.2187890763439528,0.5369575501540805,2.703646597006168,0.6440117734903872,-1.2982547029205236,-1.2621029823021959,0.4306441124434278,0.12454595703412297,0.645040639858319,0.9129269439221014,3.6114846520119186,0.6077747112428986
TCGA-A2-A0T1,1.5315751790314682,2.017082860349682,0.7415898690431341,1.8319640374948207,2.666691984056253,0.501092963132256,1.675636354916542,1.013427480577706,1.176366403069455,1.7792935089020492,0.548022689865273,1.2993746666324972,1.3596069612225636,1.067467025549258,2.3047723227182697,0.3623071228504514,1.577270810516174,1.6849803452945997,1.394892350576643,2.1512510702726635,2.7906685815892827,-0.5595916906253124,1.1906331105410446
TCGA-A2-A0T2,-0.6625168248655704,-1.2970623088608753,-0.1569299415263255,-0.9966878745153372,0.7775889789547091,-0.09879259869949429,-1.0262771481591106,-0.759796760141045,-0.9013407641966478,0.0992478671808136,0.48624685371423276,0.025377295956223136,-0.2505516531918307,2.260930085159125,0.577971606897297,-1.0336081739448777,-0.5230443462468626,0.3176788752132958,0.9639885679896492,0.28999933016079155,0.6663373431573076,3.607385532771129,-0.4144317105701741
TCGA-A2-A0T3,-1.5081171117957506,-0.4760508389260115,0.06348582599365672,-1.1207495252491755,-0.5988340014576671,-0.30719885520973494,-0.7876509571821029,-2.155652547080975,-1.2932904201983462,-0.6896258421102032,-0.3934270488464569,-1.4902179440573513,-1.0528062478905469,-0.9710178299439738,-1.5419612402720375,0.4981596867248783,0.9637871942402577,-0.7236660541861681,-0.04521510599909779,-0.5871401421060403,-0.8929721020373736,-0.4666109717528961,0.12051061540864312
TCGA-A2-A0T4,-0.201928310523454,0.17924594753836604,0.5848736969917283,0.4463885798697194,0.7992391930053971,0.3107941983926019,1.0004334496571912,0.3917941817766538,0.03127472463807405,0.6875694630707753,0.4831115243435942,0.3912726553780224,0.7596851414169703,-0.27216903065635817,0.41535366598788953,0.3382499049549024,0.13426686409189129,0.07845970890222496,0.6240079756278645,0.5140899202618433,0.6847578827120024,-1.3061001319526175,-0.09659287642037352
TCGA-A2-A0T5,-0.7498589860122528,-0.05563110780621473,0.13484834663725234,-0.9635991142371957,-0.985340657324904,0.1728732881806298,-0.03571118951824158,-0.5096437366517107,-1.159576935680861,-0.8614032706532473,-0.5188141820163327,-1.0839031093665097,-0.6534042969840528,1.4819404197900103,-1.4137668519611089,0.4683711911172307,0.9046417678042824,-0.007888112858369817,0.06487785387004429,-1.09351682035777,-1.089902144472831,0.5487107550760232,-0.25458848852356647
TCGA-A2-A0T6,0.5849274379368851,1.6840568380988106,0.976594333080961,0.9053759456167594,0.7424134906861245,1.5960177251546088,1.764169091670761,0.5740842848436908,-0.23848826910805943,0.45163906446060964,2.0589299508238397,0.9721460419697511,1.4342481469987798,0.43249144924970884,0.5581837619497987,1.6138335607146717,0.8395817514380648,0.7815936309986309,0.29077007577507913,0.5958510643654752,0.47439792846685935,-0.20160111989162732,0.6811629859721401
TCGA-A2-A0T7,-0.3533346435922612,-0.7508648809923704,0.8949521929236377,-0.45322730832257274,-0.2320887273707641,0.685487775611594,-0.32046847382376886,0.20716893286016178,-0.12037965084856721,-0.260469303633173,0.268876677227755,-0.30408544170050034,-0.3469035944447655,0.6744907594765952,-0.3373106058094636,0.6773971547207884,-0.30859755052737214,-0.4855939889001604,-0.989843048102438,-0.5703651674297643,-0.6522850670400362,-0.48636731014267254,0.11830165728374331
TCGA-A2-A0YC,0.18929203348600507,-0.217256099418045,0.1466263617231748,0.8807417599081516,-0.17608218320119715,-0.31861198153498005,0.32678498817308427,-0.6200403349598597,0.32880901818229585,-0.16039246010126829,-0.014404410355444229,0.4975407222100712,0.5507669405015726,-0.1824333825430332,-0.038250842483696576,0.3950621206347507,-0.4318623968844515,0.30522594602260456,0.6371010825426879,0.00023544441797231693,-0.2326766979489141,-0.2746709310561832,0.23695530401264545
TCGA-A2-A0YD,-0.10582489138793194,0.26004306800864074,1.0091287999675629,0.4050408793857579,0.35856242741685357,1.0579884249179226,1.2087949188522822,0.8539005645634641,0.4395821976886358,0.2574924440458969,1.9946513173129778,0.5532955564415935,0.8510002055882803,2.689005911573467,0.3450584862361855,2.2537600411181504,0.3457738200372444,0.31510206998623863,1.3131560156246245,0.0706879374487564,0.2314156837127114,0.20040239698037204,1.1514319955406123
TCGA-A2-A0YE,-0.35178357863770526,-0.35907229773335503,-0.9578349983788067,-0.9724788091155931,-0.5425733529463266,0.37160486594604314,-1.3735797930319762,-2.432203794940768,-0.24780271555102956,-0.12421008689311887,-0.34459723597253894,-0.9398871988333899,-0.41887584537088196,0.6813316105792051,-0.7692155869922976,-0.2905775524482326,-0.4016035038014137,-0.4803841898686055,-1.0722025883205768,-0.3781112421884429,-0.21164791952607037,0.6006913705254672,-0.6599794866939361
TCGA-A2-A0YF,0.35275067276060945,-0.528539977843827,-0.7660945723547001,0.6665504500411892,-0.6839328525638633,0.38990591215253606,0.5150901498627265,0.12349428325406754,-1.0171815363427883,-0.037518298474796395,-0.20656059936216825,0.3815922862120925,0.13859540665135955,-0.11435181853474154,-0.3396870356971711,-0.2831442517658445,-1.076840906353037,-1.1661110905746996,1.0244508048444312,-0.1689436961847417,-0.71659384903252,0.849573019883877,-0.48412780481156126
TCGA-A2-A0YG,-0.6030697212734437,-0.48877710759167226,-0.5536821021679132,-0.6580591979609985,-0.5270642709317201,-0.6069442572596309,-0.5512852309018732,-0.2571971753641897,0.008726888302325143,0.14886738429710056,-0.7998763147899254,-0.9173151256739054,-1.153028371985976,1.2060361408164981,-0.7733474481398803,-1.0385139991775192,-0.7447239026347784,1.1141618122172952,-0.1572214943582394,-0.22831605972948443,-0.5841869380492993,-0.4597617949511802,-0.8188966151187705
TCGA-A2-A0YH,0.6656502114501093,0.44427392696151036,-0.09441252039653111,1.0008407408610125,0.8955123574744882,-0.7459023903456762,0.22156710999789947,0.6744348560667375,0.7974024849803718,1.0624574046818653,0.1437406996747534,1.4758909397562294,1.5643662639211768,0.9777434349086271,1.2391683300095175,-0.2641411175108178,0.10303786016209567,1.6180999199896997,-0.5134184937588171,2.1953456390514434,0.955483277373002,0.9190611704539764,0.1163719886194159
TCGA-A2-A0YI,-0.3726821747583537,1.3986843199097962,0.09133421563432714,1.8508712681161554,1.3768310298328732,0.7870308779875412,1.8329367684886584,0.5406711161650648,0.019246350822373033,0.9804216848367365,0.9672281372131564,0.9981805377869641,0.9333524698541528,0.2024203082374975,1.1327685688490805,-0.06048517676909351,0.584992848874515,-0.1532822045980217,0.4984444010820088,0.7818046717506033,0.9242860612546808,0.39903331569953465,1.1450904170448077
TCGA-A2-A0YJ,-2.6737384876912076,-1.4612864216544152,-1.8620409690170452,-1.4157106419839407,-0.40397047827011184,0.9834493872398932,-0.8103063643707566,-2.6598408329777787,-0.647394118357489,-0.9211152889286839,-0.18762974281313305,-1.009268626470083,-0.831724466346326,-0.20210455351460133,-0.7985794634916226,-1.202481042565715,-1.504733097164405,-0.11820962445396692,-1.397689019220925,-0.8982008530143738,-0.6332806740973136,3.6126933372605294,-0.015393773977001247
TCGA-A2-A0YK,1.2497501875982027,4.199752390519453,0.2148162293083994,1.8969862401849467,2.530328108786599,2.496613883693024,2.506256770920092,0.932593500834812,0.8134941147352363,1.319638676851579,1.219634952304379,0.5677465417175064,1.1368176428372554,0.2580149389779315,0.9476149992327073,0.866362832401371,2.7205477366609316,1.2818549246670523,1.3135527647933778,1.4157974339186057,1.849276028045926,0.3291073724729797,0.9606512617633072
TCGA-A2-A0YL,-0.5264007410100231,-0.17240798237135876,0.7080796258849663,0.09955813418026868,0.4318105323919548,0.7746670038941896,0.34124054650874575,0.5049328091560001,0.05289541210287152,0.23810053247883153,0.5708403496366996,-0.17371681368532169,-0.34804468702212943,-0.34242674139959706,-0.41861890443169497,1.8129691390056017,0.6470234667635594,0.2690924926750928,0.7693552690990083,-0.2520027094169884,-0.06370945558093062,-0.6536105484751253,0.9034395469372222
TCGA-A2-A0YM,0.22145884776492186,-0.07587797391773812,-1.7750625920741516,0.11445574865770876,0.1549350380128873,4.507331812107276,0.34180767298930154,0.15542898864082577,0.7098767401394881,1.235097164932592,0.20800930544942478,0.8416705862303803,0.6613579555111365,2.323977085287233,0.4739205267820279,-1.251130479201305,-0.30937527721670144,0.5364677552875249,-1.232946457919045,1.5310532028393795,0.42679634242606884,2.321625475414547,-0.03650480713804325
TCGA-A2-A0YT,-0.37005911565741395,-0.8931363065046832,-1.0064139382861192,-0.8034034246978429,0.2958415240393752,-0.3179294469680284,0.04866940409319683,-0.669970380573418,-0.11868724209217059,-0.2830487469834385,0.38110433127848026,-0.03199744904970738,0.5818639370432862,-0.18159133447768933,-0.2615610856011135,-1.0024517075926578,-1.0764636265108685,-0.9935049649250477,-0.025874249929792214,-0.2716201784520772,0.04308822507927547,0.670905299145765,-1.7075843381538778
TCGA-A2-A1FV,-2.840717380651137,-1.1269390601565203,-0.5724190105864697,-1.715068147658747,-1.4424435726711697,0.6215604068706748,-1.1039011797675355,-2.721962830577514,-3.2126104244692684,-1.3857570752363835,0.10834675019030622,-1.9447197737524435,-1.2824103011782177,-1.070708172085569,-1.935158294172553,0.6684697252794046,-1.2336503715043976,-1.1543210775773889,0.9834131691271946,-1.449292229384459,-1.500553498421223,-0.4367069881995666,-1.3102613370568117
TCGA-A2-A1FW,-0.5276425395342984,0.11033737776548617,-0.7897246958686029,-0.42978262358171876,-0.42478052404537187,-0.8391036783701946,-0.6228263880758873,-2.3677538447811703,-0.6398662930655437,-0.319527645885688,-1.9844821568558917,-0.22855055204283567,-0.49785632107697814,-0.959624406928331,-0.34827353094546276,-0.07554167107930185,-0.1713761231472022,-0.6153574270683901,-1.5190388334589982,-0.14762878110997882,-0.5145787041693521,-0.8005398666279475,-1.9871628257423277
TCGA-A2-A1FX,-1.005270676611145,-0.22693666238186577,-0.014553240917671502,-0.43182435090918647,-0.11997620504117336,-0.005455676661449566,0.11618514858881902,-0.2949055324058738,-0.305731549940362,-0.17558199863702467,-0.8113784308446333,0.2880259251039876,-0.06071434696722615,-0.25358507495468946,0.26378707779621835,0.0481462460565485,-0.24547475413059267,-0.7696621994298588,0.5051677037994958,-0.1018493855897799,-0.32635954975148684,-0.9442952540841942,-0.7599030220237956
TCGA-A2-A1FZ,-0.6545770309343931,-0.5480576926032085,0.762914357919572,-0.03181126804683808,-0.27207301428038055,0.026160017401879974,0.5611801232473582,0.5358834942770399,-1.1214719703601752,-0.2175673630935702,0.2393165528012212,0.9648370749413943,0.798219339695021,0.13682712675133427,0.23067499214728643,0.5796484828945306,-0.4168233189445529,-0.11696120325249343,0.027304069293302636,-0.3224978849246751,-0.41568460414595443,-1.558237348680186,-0.06490576921250062
TCGA-A2-A1G0,-0.8731090260618004,1.241999837388655,0.13361679922160727,0.39239729173244603,0.2446031164222076,0.995329641297198,1.1354828851574217,0.38311339896295754,-0.8985268871150413,-0.2036824986115515,0.2039872921041622,0.12206985228292093,0.2826592039030988,-0.19997106515298266,-0.06013171850318103,1.271515730393713,0.5868226624458798,-0.19018338859197306,0.5021626221570156,0.07348353583547067,0.018052439020064946,-0.3187153474515287,0.2721752921396687
TCGA-A2-A1G1,1.628695836171737,1.2203840935577666,0.40722181365421184,0.675782460554537,1.3564845845257292,1.495235348239087,0.5484516852593408,0.4121633516891508,1.230173009881667,1.8656544361505176,-0.323197419529595,0.9735481057625611,1.268210396121152,1.501333666055689,1.0358219242166287,0.27817983582635464,0.9173662722220232,1.4993231737690282,0.5236633458338423,2.2239150059696273,1.4988323772326675,2.1571593806168954,0.9682564513563086
TCGA-A2-A1G4,-2.004885087507423,1.4125623126307822,-2.2671775797086466,-0.43575721376141296,-0.37912587345088794,-0.6174557960763043,-0.18768759571143753,-1.0821736441710779,-2.1005545937528165,-0.848842384509275,-0.9405985147095292,-0.10140790983058721,0.03192470066274817,-0.5871613244007414,-0.6689687066765416,-0.15486971895589238,0.09373058580609823,-1.020617844525348,-0.30989531071284515,-0.30583928390402476,-0.6180877075064788,0.7991129508921151,-1.8707256525618676
TCGA-A2-A1G6,-0.6253477052455594,-0.3245364478000385,-1.3468825480160227,-0.40582309200570527,0.21275720777645057,1.6259639937981771,1.1790898004138162,0.15983277608007365,-1.262964439794875,-1.0733467652122888,0.2856143779901869,-0.09431605481715015,0.6932194203630336,0.3144669936085025,-0.31551324969673517,0.2915994431850226,-0.39836074915144426,-0.7568674299277545,-0.001220154293416297,-0.9079769946593128,-0.006982030556333242,-0.7433179800274391,-0.4720034013062703
TCGA-A2-A259,0.013060624077878898,2.0157898395472746,-0.01660511168160574,0.7441622082577318,-0.08095229172186144,1.6419385797511032,1.3295804312676214,-0.7328041340305068,-0.18660818535157775,0.16704611351666745,1.4546377573855236,-0.10302505102707851,1.038416611702172,0.6967719369832629,-0.5363133756295261,0.3122201960329776,1.679814793525562,0.3845870766209737,0.999836097771175,0.2926867879006267,0.06455239721525037,0.5924893436735598,0.21759926083432976
TCGA-A2-A25A,-0.31136359756622084,0.45168334748628963,0.6842974533763452,0.3368019729232113,0.4633265979443523,1.709387029050859,1.2351934871607781,0.767403286695201,0.18623912481941832,0.4858808753802698,1.5424946887544155,0.2452850325652505,0.7621635077542502,0.19575182803573832,0.5242814789481863,2.0159161440167925,1.0425488526526483,0.1924158342408413,1.9159230778358327,-0.15258595083750684,0.24110506752644512,-0.6212501501524966,1.1094488224606425
TCGA-A2-A25B,-1.0756534191126437,-0.22348350043666615,0.28307591167687796,0.15344838976613218,0.2980311432717606,0.37093402066844233,-0.08451808832263383,-0.0014018007010120099,-0.6349006027906772,0.9016740700159777,0.22229932607555875,0.5830200478702212,0.41545906384870024,-0.06846164033827822,0.3288424661214498,0.6033707865168517,-0.7840793429209633,1.1184414696082832,-0.6487511058558032,0.9114272699786485,0.2828180947107299,-0.40914518390897464,0.36148257954146296
TCGA-A2-A25C,1.178378863847354,0.9829728720572377,0.40128978862387393,-0.17169073848686944,-0.26701927033229717,-0.44828034857766186,0.2123247457429467,-0.45532276090487456,0.9691307626611447,0.30972169275095734,-0.2851817792589046,-0.5714082369285919,0.0068772034578543926,-0.828963157068287,-0.5496474641301651,-0.0632388711660744,-0.7416396173005684,0.7580296440691656,0.20201655382251596,-0.10739508338556922,-0.45695322870998917,-0.6326818024919547,-0.10986633672143589
TCGA-A2-A25D,0.6364436534383214,2.278637886876781,-0.689879282054873,2.1456427150113964,2.0507959372600646,0.5090099411700759,1.451985674658117,0.8748779372448049,1.2467057400940296,1.585029412343596,1.5784574531399087,0.6726347277570368,0.7330315619563558,-0.1984743346896727,1.8226208857862611,0.1070310578299236,1.3749635575519277,1.5948487699112746,1.3692695978311786,2.404335794654117,2.2052646158692637,0.3981806934205039,0.07985402597950893
TCGA-A2-A25E,-0.9134979581403883,0.856352870443371,0.0967884781347804,0.16029878567629816,-0.3329492400223825,1.1831180459123258,-0.07741729810046016,-0.3044287322475404,-0.7656078454979716,-0.36343963118804096,0.13756825006607498,-0.24653615251608674,-0.07324846476917359,-0.45613790490783007,-0.7251226480872945,0.6560697793818863,0.44698351976387357,-0.12711359556704963,-0.22577843498148467,-0.11333663854183229,-0.3029867535290913,0.48265951797183415,-0.3228074490403552
TCGA-A2-A25F,1.7895334077365612,4.4542462083829575,0.7005522986103305,4.527989565745114,4.345769314135791,1.0672970627945169,3.6556228895046674,1.3161582572580457,1.304269819486782,2.4801522533451386,2.7212810861736583,2.032100336850197,2.816470874615467,1.6840770683393391,3.145305084926777,0.4768576338873787,3.2473037791348935,3.758797916369977,0.7645336387638206,4.165604643115289,4.360197129882963,-0.5254362862823151,1.2930483291469312
TCGA-A2-A3KC,-0.4534320454648876,-0.09835440909511428,0.8722247289602486,0.2344420665034894,-0.22811977099415795,-0.6056460965275299,0.645958173730771,0.5622712973598081,-0.46017059308197833,-0.4767441026169482,-0.300106832867703,0.5103163027890046,-0.034045291435479595,-0.13830209149507736,-0.15399922217523368,1.6963900582719127,-0.16333946540174066,-0.9853518079008974,1.218448360147004,-0.33307155567812624,-0.49168668271544996,-0.6801693910501583,0.48402369118179733
TCGA-A2-A3KD,-1.1016014391660833,-0.3660564065262116,-0.878154967685679,-0.047653814876011516,-0.4361698079887543,1.9330793812467837,-0.11855762584993425,-1.2363080905209627,-1.2389215526984472,-0.8603259354820214,1.155852910686598,0.5809423241317192,1.0097351406279167,0.0446807504020717,-0.8469490519728579,1.046807665008113,-0.23430443377693866,-0.8669919023377658,-0.40009855114741816,-0.9422702319997,-0.7476731322380628,-0.09519069037101709,-0.7379059728429893
TCGA-A2-A3XS,-0.794919761701952,1.7570983379040213,0.1842123587450392,0.45843941204917815,0.4436074365611527,-0.07801833676446665,0.6973382292067595,-0.0682962146815235,0.1528068359479942,-0.05455171339994217,-0.48535083745798635,-0.3199831059414093,-0.2615357495031842,0.4926823087929916,-0.15090020638564247,-1.0749248320779157,1.0561402844116825,-0.03578519543243353,0.007065243957381571,0.01581330644209091,0.22474169913916767,0.372615527127798,-0.580633635614786
TCGA-A2-A3XT,0.3477368855316421,0.6566497828254604,-0.9709698171255287,0.8062119145286176,0.6329455763035322,0.9887216564029468,1.440132850770456,1.0399116123594796,1.2378139618376987,1.5475197525735414,1.799418596845666,1.1814086463405782,0.9769478104066736,1.0985462729827677,0.8775496745284755,-1.5137334928792998,0.22483029088165637,0.829825311083811,-0.4408454023115204,1.423077237198696,0.5062401290403047,0.9636571414420347,-0.09753698432385159
TCGA-A2-A3XU,-0.13105563854194519,-0.7931940901790261,-3.8625158351295004,-2.540478441359558,-0.9345013727175058,2.356482927358165,-0.7912627644913159,-3.1874723620010257,-0.2048403928163561,-1.6063900846312509,-2.1976909078061655,-1.4292671596034712,-1.7942409375039006,0.7483464942600638,-1.6915142784833799,-3.161142799778357,-1.3752304558780861,-0.3532540283529131,-2.218016625869831,-1.2376999746941066,-1.5826719241452534,0.10589972653817879,-2.602903523237558
TCGA-A2-A3XV,-0.04322851043722773,-1.0206425297532056,-0.3428110885769267,-0.8356031761087553,-0.0028418531250232635,-0.5879097416021554,-0.09822721531451152,-0.8708216995301273,-0.12754910848202744,-0.9353576802381377,-2.045256595453953,-0.3625314537556177,-0.6859468953442825,2.064006381164116,0.13815939738636426,-1.5834594721248163,-0.3418104272180102,-0.9012289004680936,-0.5554125369398097,-0.4184169922307375,0.3299263677822074,0.3224706762725228,-0.9760322246690766
TCGA-A2-A3XW,0.7285720037214197,-0.08950532865304528,-0.5266046864500505,1.2220031043618884,0.5626721388872995,1.051542288174613,1.8874807940657132,0.7570713665747776,1.0269478215362506,-0.3930764087924919,0.40727973315510907,0.5751974138339792,1.4190628201523656,2.192211099998495,0.4615801737390073,-0.33024717521029323,1.632641979509787,0.8235223432316392,-0.7196493210285106,0.11457351425110297,0.4790536979179178,-0.6975889944255114,-1.1224958635695352
TCGA-A2-A3XX,-0.48599993342182846,2.194027753710218,-0.43749974964458255,-0.25474969447321616,0.5676252969581983,0.5010767573505625,-0.11370898558328857,-0.19441635952426597,0.6213199200539422,0.24541013604366907,-0.4990379628554991,-0.0849809933548535,-0.4309622844328664,-0.1700613388755173,0.3139703201989128,-0.4138549574213747,0.8626641147929577,0.3500883714121359,-0.5785228498430456,0.5803214709810502,0.6127217165482667,1.3316927787485349,-0.5960723494754356
TCGA-A2-A3XY,0.24049236643970465,1.856292745851401,0.563879608428531,1.6386953810006717,0.5109490846983165,0.6833578964157324,0.9749936513239301,0.3571341659187816,1.3323811816268132,1.1211404599955344,1.8232248830981297,0.5645158586895427,1.162008021475881,0.6345020508239199,0.7716602465059171,1.4355247842314873,2.214401206136917,1.222766353183992,0.6455810714825806,1.2989484924828525,0.9635311876798145,1.1193462754723238,1.1255672421262244
TCGA-A2-A3XZ,0.8847323600902871,4.993429132889549,-0.8401335147945855,2.2385807036003507,1.396618774007201,1.0922783116737733,3.6038217666267465,1.1408278344229519,0.9888556622331718,0.8893162199851354,0.9076915728675697,0.09689685446619772,0.6555527631916296,2.51141045609831,0.8985749309012763,-0.5731995478110106,2.8793100547238066,1.1890537648785653,-1.4417310464559299,1.2555704819944333,1.533561635121729,-0.2728382097723023,-1.4604286640769577
TCGA-A2-A3Y0,0.5428843146907889,1.061005845456265,-2.6140446657026697,0.6150667179234168,2.3503588281156444,4.3346634429028885,-0.3341124478441527,1.0939152034582984,1.3002604156136326,1.5312347519126812,1.0521002799707793,0.2338484015061015,0.6781815147390888,3.326612486923731,1.471788740664524,-1.6622133354915645,1.4528898674602504,1.1441667430465177,-0.8443984149894834,2.2617785676109543,2.682247430766727,3.7995364188442324,-0.22466169502750777
TCGA-A2-A4RW,-0.5972897327325094,0.4326625986818322,0.7165778985539003,0.01706936236574889,0.6300824255228172,-1.4310860987578604,0.8383043790697189,-0.2392635337168709,-0.36596676125579974,-0.05352961749633288,0.5733697413126068,0.10084513400579395,-0.052714083792886175,-0.9475329883033804,0.03044127975051194,-0.05204386773388673,-0.00012720214283185887,-0.2426548488361084,0.267538045408186,-0.19101141843184802,0.46032584912943675,-0.55730278406477,0.011825137925492432
TCGA-A2-A4RX,-0.726803286746303,3.0585071196381888,0.8189285094064666,0.6461989446090983,0.17831778334152917,2.10982111185668,0.4648747962804616,0.5426881889256375,0.6512181685223893,0.20628068712051553,1.44243321046406,-0.28096611495686463,0.2802559831615801,0.778756259337653,-1.0422818074552302,1.7997781018431567,1.5431488861827887,-0.031021412804310894,0.46335737678624084,0.03789709675565341,-0.08169500573798803,3.992681923078569,1.8806695296534361
TCGA-A2-A4RY,-0.6487001492930492,1.7035613603366688,0.14264600985750808,0.38138245851231406,-0.26155299271117355,0.3154476074228643,1.0300958185327744,0.7947695267853608,0.15575564150808208,-0.4369613678257776,0.85631813817793,-0.2948612171814935,0.07322017398789347,-0.5272349796021997,-0.8288868009271229,1.4857374784463326,2.1545790130734983,-0.47095817621133773,0.6975463664790804,-0.6822574519975408,-0.22939685954116393,-0.44147424239768746,0.534047027506232
TCGA-A2-A4S0,-1.0967054198249209,-0.7865339500296714,-2.620969860448608,-1.2456957528738444,-0.9841642016259637,-1.243772129461103,-0.3848095838784907,-0.605869149123792,-0.610043708026581,-1.0335865062604705,-0.8561494859430525,-0.3415792635591079,-0.48371481029625196,-1.1581599079288525,-0.8868978234930032,-1.0686337831511115,-1.2467211770623683,-0.9368016456850334,0.18670179099759923,-1.140606751180584,-0.8444330795356744,0.2673775298018221,-1.469321454678507
TCGA-A2-A4S1,0.907187754782926,-0.9048666742181213,0.8934734155295748,0.4734231868340245,0.5244631983201713,0.19615102184852248,1.183939028780495,0.6169129286826828,1.0512762906082223,0.04972212785399583,-0.570832326650773,2.1783024221095704,2.929203498996741,0.3344869788632566,1.6170524471888001,1.5113320229050768,-0.735599414754103,0.8427860593236882,1.2817126687821565,0.3841454703797238,0.899676977888852,-0.9019286449998442,1.343338003188259
TCGA-A2-A4S2,1.3836013205961804,0.3564974579734739,-0.13328637160885734,1.2391112855547095,1.2869423737328993,-0.512888180173412,0.877670993848842,0.6649215831989432,1.5488934090853061,0.8098015476141373,0.2290878851380035,0.49749377701712827,0.555861505099021,-0.3764668360357365,1.2375980128196058,0.6859644444657966,0.27491321029845495,0.4647072990413656,-0.0803039281969167,1.3460412996977835,1.2807519899932729,-0.7636338643846418,0.1061675546590934
TCGA-A2-A4S3,-0.05700243061030176,0.24467078559713204,-0.5885036951623278,0.5412237696657608,0.9554307074745374,-1.0191826067633465,0.5212042607113871,0.511180839166341,1.0203897017333363,0.8008078371071596,-0.4404375445354719,-0.13584593244433293,-0.4377788405323432,-0.47729043976695273,0.7041668169291387,-1.6798738789688008,0.4384281164047469,1.4215978303242998,-1.0724909859325507,0.9156340241859772,1.0224510537153384,0.3362832865724124,-0.8029100077699352
TCGA-A7-A0CD,0.2676894263563043,-0.770558757352969,-0.6679310486906421,-1.1808206543327622,-0.6344396171920756,-0.8803189890464052,-1.1019079012996087,-1.610307693829193,-0.17107727555170607,-0.5607601786452325,-0.7797071682857146,-0.9707423899328909,-1.043510215374379,-1.2841114173777293,-0.576004474451607,0.8197385011678172,-0.8405095230207118,-0.8558275175095129,0.7809817018765157,-0.6764173423006511,-0.5919293275179978,-1.1029246440891536,-0.931691916607548
TCGA-A7-A0CE,0.529037103176856,-0.3863224090687893,-0.7525196975797882,-0.716040121213859,-0.03818883169521083,2.3422681245669077,-0.6159312791367315,-0.8949928865700326,0.32022127829358865,-0.5380665295055764,0.438613641891486,0.07445055020112896,-0.08086038249718014,0.5308855571160003,0.030797310330974225,-0.6648270297594496,0.5926297369482318,-0.8852062229256408,0.6798844879144532,-0.1829628848987266,0.11384806568283314,0.9898221854642404,-0.7129129656174426
TCGA-A7-A0CG,0.02776858030372406,1.925890195209487,0.5534520746857964,1.0626184518877622,1.2223759387956326,0.5047317058392462,1.3772736244234054,0.2196360519982785,0.15525923642439504,0.7656510860977442,-0.255756877462507,0.766924063765209,0.834709927559502,0.550683944132676,0.4966110152988043,0.5055913106234088,1.1383436698255383,0.8057283039499742,0.6154738226129944,0.5226314616789512,0.9839793039610085,-0.41254398846214363,0.9214050376051365
TCGA-A7-A0CH,-0.41307130546819804,0.20249262677915764,-0.11912654714541271,-0.121217018966279,-0.5372408696091278,0.15404211019029582,-0.07814468935797235,-0.3549999857716557,-0.2504558615668886,-0.5920518927301339,-0.3354974083271282,0.5342850930255426,0.6151607616995818,0.5658073950557106,-0.17296311620258215,0.18415806706193122,0.43065702223574426,-0.5646395174896197,0.381970634719564,-0.4135467686488277,-0.14984123688641882,-0.48073113112626153,0.29759984530753425
TCGA-A7-A0CJ,0.23531630048037466,-1.0583914431204302,-1.4934545878020147,0.3498330444386845,0.2789492371210195,-0.41246860064888274,-0.8358806192377541,-2.0363601097953583,0.2147022232200389,0.08910798032573183,-0.41312891899321263,-0.7584139501733678,-0.2584094729278413,-0.3592238629291672,-0.11207517693495904,0.8861418253749316,-0.43631544805530775,-0.6319793625543577,-0.32400386561983424,0.38722522453963343,0.2839217618228443,1.63944394960248,-0.9561059742086443
TCGA-A7-A0D9,-0.7536231172293145,-0.4295704878446472,0.030770110107807006,-0.6248633262604377,-0.7142200539361826,0.8055312752871738,-0.0010051044335514247,-0.7737142986432196,-1.1866469153349062,-0.8963209261326768,0.08008927281716072,0.37690479872877697,0.8760902749218934,1.1846453115787576,-0.5620414514224835,0.5794569984556768,-0.25329777087625466,-1.2134724411062883,1.3799713052392937,-0.7347642363720296,-0.3949040522017107,0.4704680716611971,-0.0331063856315604
TCGA-A7-A0DA,-0.5601285220009621,-1.1222956439125733,0.9173141453115478,-1.2268583484125137,-0.9543558057912028,0.7669725473226239,-1.2780733236733581,-2.203945265526422,0.43388961279472726,-0.5187831868278596,0.0719248490892595,-0.8507086287474919,-0.7042583025897852,0.08739084720019595,-0.5988406906457381,0.2917828506549099,-1.42544876116005,0.22015315699299595,-0.9022240433230421,-0.9184207364313257,-0.7336468508237467,1.9706456680439506,0.2681442591310358
TCGA-A7-A0DB,0.30045185684323855,-0.5401678157990093,0.3794728565458722,-0.17965545184626974,-0.6099595518384926,-0.0547145242946375,1.5568307122527494,0.3248534410737596,-0.5888905380324463,-0.49896099369716324,0.16384987908356735,1.7261290409586492,1.8602614697280644,0.8904161283937897,0.8471177445011012,0.48931008410945587,-0.2242713753064902,-1.2913097103009954,1.0515462100817698,-0.02228726230089355,-0.06456654331505961,-0.8466564293448505,0.5180874063586518
TCGA-A7-A0DC,-2.5822260600939115,-0.8052120593940911,-1.98747221732635,-1.646481004288174,-1.6461913335542713,-0.06494114176222474,-1.2173801814213816,-2.3605596814442733,-2.2673387988100866,-1.6814545001394356,-0.49379503217312126,-1.7230261156386812,-1.3128907094635027,-0.66224834016295,-1.8982935064250919,-0.41908250713401746,-0.9065356260173788,-1.5119065995394205,0.6960391385912242,-1.5573817789213504,-1.4064047960908104,0.8466221515136867,-1.8564899124487149
TCGA-A7-A13D,-0.6923587955171512,-0.5772111022933585,0.21575727562029723,-2.21687082178099,-1.3894726451256538,1.3097844235908513,-1.5136594976590436,-4.6495230471108515,-0.16254331694369714,-1.1108686182915848,0.5243410833711465,-1.0637244251371945,-0.6834162860275927,1.7061594469603292,-1.2965918263674856,0.27336678294070216,-1.5254453074857344,-0.6770705064719567,0.7766177214647387,-1.2498124448982126,-0.9081286062967757,3.18647527093185,-0.07961926980334975
TCGA-A7-A13E,0.07296592731285531,-0.5761887658666431,-0.30217055165839074,-0.8839113677633977,-0.31748594881841385,1.281268821138509,-0.2880915960848479,-2.2544200505856353,-0.025328490109691924,-0.8074805838882329,-0.438046723954897,0.6372975101745696,0.786761213517204,-0.024226743708432318,-0.24355796786445538,0.23024956272830124,-0.4362510297541482,-0.7039694144876616,0.7645880081628632,-0.3910373570174201,-0.3952799322407412,0.3898378570291552,-0.39516419002369485
TCGA-A7-A13F,-0.5469479995358035,-0.619237762103256,-0.2775503141446415,-0.9926002729674754,-0.586897903503327,0.28939420329909454,-0.3354310058702993,-1.1118281224978688,-1.2462537213875429,-1.2428998006833267,0.23856925378714464,0.19313801462366825,0.06950776162464965,-0.08682747425601238,-0.17719460126949219,0.38171873302207265,-0.28537643173831395,-1.3259582361589783,1.4403939780339254,-0.6868773671291128,-0.4689044683833632,-0.5032563189087186,-0.9588465166385046
TCGA-A7-A13G,-0.810565289531371,-0.6372889718192872,-0.7900477288194547,-1.1516907771636808,-1.357579336443826,0.18933700935989098,-0.3685430787914863,-1.7957865161120736,-0.5435703890841957,-0.959135165611403,0.43399320637013683,-0.5625588284375984,-0.230015045712412,-0.3976242732119512,-1.3889841548039998,-0.15285464893842826,-0.679387717052949,-1.1028293700788134,1.283418691828945,-1.018378910588833,-1.086205433242081,0.08405937179933157,0.5530363934437975
TCGA-A7-A13H,-0.40999816865074823,0.09536861463892793,-0.24134686926976634,0.8346238119181152,0.7633191454025214,-0.1429548287432957,1.7474027129305365,1.0450418582274243,0.37581758808355925,0.8575916699964007,0.40216688376495213,1.1530134904395137,1.2278966183381181,0.6192515381676672,0.6159366399257032,1.1670752751397524,0.27433258773961056,1.2290046034274176,-0.5441337711553363,0.6790836794792874,0.4243992619033778,-0.8717762660018403,0.2579329731281969
TCGA-A7-A26E,-1.2743023162986364,-1.2037055034697324,0.483169463617767,-0.36970815649883765,-0.8354933168987836,-0.2029583953318505,-0.13794578830015505,-0.7160045081886934,-1.3238387296134198,-0.42766228386935456,-0.6403384463098286,-0.3004863658248824,-0.7223895920506992,-0.42959946912465735,-0.37848787113653337,0.2660810983158083,-1.1147805995017628,-0.2517025508630902,-0.5951321371452154,-0.8026006930696543,-1.0168350313731327,-0.47762654676945754,0.16049394039927792
TCGA-A7-A26F,-0.13480341356374875,0.4171551877787509,0.6317828017046742,0.9789200749869121,0.1438122444165051,5.369959002834684,0.25073109154428336,-0.3599227656387855,0.4960399679941808,0.9113213493273732,2.015317763952278,0.8818002226008467,1.410808700018076,4.070653259472285,0.3551069165009856,0.5879339536569718,0.24983825699238266,0.8913576995725906,0.7432591699011833,1.6043594911192633,0.33597102700312126,3.0793262569257864,1.5999510426240815
TCGA-A7-A26G,0.6444818045471028,1.6598803992719384,1.0575767918643484,1.0574490438908892,0.42046872431226967,0.7018680100043178,1.0695572098147157,0.5563299128823274,0.12646708431992182,0.843694967484464,0.5860909794307034,0.69104395811161,0.5926649650867901,1.3307552364885413,0.1587487222678915,1.0319442689429208,0.9730794577300964,1.49591365516209,0.32625701616092473,1.0053446492717866,1.0545460516076663,0.21514178312587323,0.8942169673589883
TCGA-A7-A26H,-0.12834888439342737,0.4636576207057148,0.6847908119028415,0.31443609565798064,0.04852714199681362,-0.22290584387923187,0.39748567496225784,-0.46575870925425294,-0.2863934361128423,0.08021814582306412,0.408279039261425,0.6177358650328245,0.5907616530669287,0.3175878602314459,0.07995555997309628,0.49931905856763964,-0.028045623440117667,1.1805268790293646,-0.8819415511425585,0.24212079162513273,0.021038167375087412,-1.5051649062538113,-0.09659072574870267
TCGA-A7-A26I,-1.0441682467235855,-0.9688153301419002,0.7200212345771464,-0.6229238015577743,-1.1707277800632065,-0.38152374452628407,-1.1381682400337954,-0.9787468990689111,0.05757973093782642,-0.5050161545704487,-0.4551579732287109,0.509930945146645,0.23768306824465318,2.665106808115309,-0.42804772357089327,-0.04658747599888969,-1.6319102636425447,0.6354297783081619,0.5991858028431797,-0.07178793622587508,-1.1322873020847979,2.1173409612617875,-0.27466842415480563
TCGA-A7-A26J,0.932624768583146,-0.9588611676997972,0.5466965594660561,-0.17841796245623975,-0.8851753152420883,-0.1611990907393851,-0.3735733737038218,-1.087960127871521,0.32009469278441927,-0.10581836971860539,-0.43823509569463603,0.1574272892003441,-0.35727234152294246,-0.17357729781056325,-0.6005701373388792,0.7580806350642635,-0.4359992865700463,0.1963089309174183,-0.8398513366012661,-0.020738467823915103,-0.961428652984055,-0.6002035593052741,0.36639221027931373
TCGA-A7-A2KD,-0.5693283545245851,0.047547837429040236,0.7584726547786101,0.5563248367531579,0.24810079418784664,-0.20677608038909975,0.18141384316604217,0.45998513054204226,-0.13012584690308598,0.8199467809742593,-0.2168002826478158,0.27482446810716776,0.06953777617386474,1.4043269765280897,0.28779374254880585,0.4824072863901644,-0.3289457871914872,0.48231474378846495,-0.25806347630402265,0.620106719195272,0.16263010823278315,0.13312707218830097,0.464343812694785
TCGA-A7-A3IY,-0.05916546758701179,-1.0378647683488482,-0.09257522187289052,0.7101049629701524,-0.39179444818290865,2.9290984340517396,0.6686672093927254,0.6894014842240114,0.07384360918190036,0.09699943582368754,0.28049119336016454,1.3581761771477523,1.9747270134580674,2.362645816083955,0.6564260360785528,0.7826729953628448,-0.8336617141516336,-0.8958962655706163,0.5254021256919299,0.0052603566889700415,-0.25172002800720295,-0.09697826930499953,-0.41410456207943686
TCGA-A7-A3IZ,-2.787448028910024,-1.0217980233473354,-1.5051892923254686,-1.2651050181431684,-1.115628184014731,-1.000365413039394,-0.6847860072750488,-1.1358066844083394,-2.3004738608948063,-1.1684348518605323,-2.167277778264634,-0.6065333468960347,-1.338986237577905,-1.0755645300715664,-0.6416717405181047,0.09420769603423068,-0.9087122805001042,-1.4280407923583385,-0.0480816438396189,-0.8513039051172119,-1.419967398203847,-0.804498625372833,-1.382887586528116
TCGA-A7-A3J0,0.6282031992716441,0.24059813757197518,-3.0006055929885367,-0.610568492336705,0.4781471347936506,0.37276836555965864,-0.51535825293652,0.7628747418908474,0.722610003588273,0.8579734250527747,0.18471010995649015,-0.21349135602792743,-0.08476055348156138,-0.11549969619643938,0.048493991892030706,-1.6651228895800252,0.5292754930444472,-0.7358453854891432,-0.8907886826687645,0.9089153394692535,0.27969624049617836,0.35041203414750194,-0.9606494078737393
TCGA-A7-A3J1,0.8595389795594514,2.506811163406658,-0.3093141847704829,1.7839569946614917,1.3983797994290577,-0.1421334602057979,1.3900451998430015,1.1663025122757176,0.7177545047381424,0.9584959418911387,0.9621976665926806,1.0616605449730665,1.1186200547989624,-0.2541043854926071,1.0769592231989404,-0.17089925933207514,1.2711742339353018,0.4963935200910763,0.20943695261838352,0.7672970935676318,0.9883957776889934,-0.7656413533992731,-0.3236871697303316
TCGA-A7-A3RF,-0.8181947409188361,-0.628513039030181,-1.0048087468514062,-1.876710062791994,-0.7753330923795846,-0.5972861779407888,-1.3382118862638315,-1.3154369194462634,-0.3960823379651228,-1.0756197949930735,-0.8657629714927462,-0.47263051148877727,0.07039362977923525,-0.9398190919775249,-0.9288030697653445,-0.4493498540352352,-0.8825599301362398,-1.6609716992526313,0.5409199323576226,-1.3173321671929883,-0.8135424010813763,2.9246902001631128,-1.1898796384060526
TCGA-A7-A425,-0.5614507996133885,-0.25504411461026016,-0.06650222189732079,0.07276308105171028,-0.5431500711591891,0.6453484573871389,0.7735021064703616,0.7825364216781908,-0.6524955990725848,-0.9146736016184444,0.6674017867935121,0.6986659835737693,0.9362033809616893,2.539593011972422,0.4451485827806432,-0.46813292175058396,0.11963283022386209,-1.3601508705414747,-0.3310121651839617,-0.9495768233262032,-0.3475269771376025,-0.5704677617500563,-0.3035507726166072
TCGA-A7-A426,-0.3167517968290287,0.8394400236704964,0.38538406401132314,-0.14306782108948407,0.22730779922097166,-0.4450225399946552,0.5253241089435456,0.1903969516900455,-0.42397236833187235,-0.877590064722134,0.01981323366329288,-0.5832827729421676,-0.573536964886327,-0.7605267011942741,0.01574514658542749,0.5556206195099762,0.9792388299242067,-0.8565238135980182,0.8611993728443188,-0.7430268467200531,0.39000686884138536,-0.8255680925575946,0.4696349262075007
TCGA-A7-A4SA,0.8480693363086136,0.7581609841887552,0.2641359701752555,1.772062985584806,1.4199768972340336,0.3681349291773673,1.2717178773215898,0.7975230978344016,0.8205216890566407,1.1185783527645474,0.40269980099760677,0.21696211607664992,0.09027128958313597,-0.27838827414852896,0.8514327950944639,0.7133051002577788,1.0512175223238087,0.642544404979107,-0.321574277984686,0.9917629720879645,0.7866740026992178,0.8700430531585251,0.4768462528210827
TCGA-A7-A4SB,-0.8880239027000917,-1.0778012234099317,-0.42373129551185035,-1.4201405578779123,-0.7612874014986073,-0.7572660442857428,-1.0077845814577984,-1.5014203350838542,-0.8388775189772743,-0.9790727844009212,-0.6243654707418042,-1.3043880238905814,-0.9032736521323114,-1.2197553517709672,-1.2646427708395414,-0.17901882271497807,-0.7801299704286897,-1.1734562298345153,0.47195617841294646,-0.5641085852894867,-1.014606263178013,-0.5891314115667532,-0.8651522602977756
TCGA-A7-A4SC,-0.36544526015792816,0.42257112250255946,0.4207045782653393,0.26165785276415304,0.41226959787734085,0.3139558876042032,0.8633893856325754,-0.15857432511145503,-0.4967699464000982,-0.2679268206636819,-0.37011550910257696,0.07968466236072554,-0.018898404829300934,1.663630730911304,-0.09004579922844261,1.416909845588669,0.477291501081161,-0.7441740859138205,0.6912494709211707,-0.4511432638491349,0.04639834126595534,-0.7272870091067032,1.3792299954994702
TCGA-A7-A4SD,0.9706047378795475,1.0909868816141686,-0.21301096596140726,0.5760392092214873,1.7319324253880963,0.44937525596591193,-0.03436103644596892,1.208892292424969,1.4398794447776802,1.9420400131454603,1.1857120387609061,0.5202607604757716,0.8391901447392753,1.8794279920003267,1.1578630593683876,0.8291609215931972,0.5441042675570058,1.2142527095947955,-1.6453597016591028,2.870767474201533,1.5800298871068383,4.035091049794909,0.924549141866121
TCGA-A7-A4SE,-0.41203821952339925,-0.8779458949222365,0.7761779391193259,-0.27188235381941445,-0.6882994534130203,3.1456979130313694,0.30688173453596307,-0.5939269316997984,0.926021636728172,0.31427414397390324,-0.08596193586182393,0.07641173548205599,0.36299071780827363,0.8223144067781117,-0.717419127746256,1.2151688709733455,-0.07793292975240862,-0.2694501425732691,0.6151684842582664,-0.21258427496837692,-0.7739498161087912,2.444553265932298,1.0052579209297436
TCGA-A7-A4SF,-0.5928458113117002,1.1056380088454802,-1.3059640066642586,-0.06466697800288854,0.3666936310821909,-1.110842426437915,-0.07119243658551322,-0.31898810603006,0.1952963707395157,0.26656237370953656,-1.085588009775928,-0.8877196103273325,-1.1956272471572211,-0.5815841184851032,-0.03718358870910495,-1.1373667665478726,0.4188857481140145,0.42237629164642265,-2.0736814011269824,0.43774168328324825,0.4452563523220135,0.4556876566934874,-1.160029687824546
TCGA-A7-A56D,1.2891136996234036,0.7321676053047712,0.5767826195239883,0.19641057364398862,0.23838796198190143,0.059819671062039365,-0.24636975636631447,-0.4985861759744074,0.8746870377104269,0.0894998928276223,-1.2812135261012325,0.5608218988607537,0.93675370849404,2.1528913476775435,1.033374959322585,-0.44517874692290715,-0.3615586944912205,1.1612237566517545,-1.0807254325664561,0.8340513520130939,1.5732115433823313,2.3378463782828423,0.10075268790777571
TCGA-A7-A5ZV,-0.2226722752751302,-0.7942768168940425,-4.565119730546659,0.34927161169367155,-0.30208116095451304,3.0658843988115225,0.04594288908696505,-0.721144063000894,0.17803252410384246,-0.48573007142498587,0.09450361688746052,0.7656574728392226,0.6268393901692904,1.3668118461848635,-0.6428705216516202,-1.361856442059802,-0.66552877374542,-0.21572926339311746,-1.4099056009020023,0.24669748134673522,-1.344576765586368,1.622317216484088,-0.34890017460324757
TCGA-A7-A5ZW,-0.4519658837337213,-0.5368050192773486,1.1124522678327438,0.0020384338437647686,0.1609030476149677,0.2300554912428422,1.1017786389810937,-0.0943809692452201,-0.12634141058122067,0.08830929464514951,-0.11798737458735613,0.07210883424973404,0.12020096349945268,-0.10015475128007575,-0.3882977316026426,1.2626408159455664,-0.25178890723172354,0.01976209888847087,-0.071661892288079,-0.36002618457128127,0.1167834318745961,-0.05889491709166768,0.7498853751771896
TCGA-A7-A5ZX,-0.9100794572860501,-0.6066743778358189,0.7695564738707775,-1.1128006193184032,-1.1069218898328486,-0.31053981823363097,-0.42835080448777496,-0.20551146369895618,-1.2409774233154,-1.1811035155765726,-1.0374036483337532,-0.6745098957121642,-0.8133711013329219,-1.00819555693218,-1.2314568082408677,1.5703252364180258,-0.31119954834470714,-0.37510776453002476,-0.49329900955018663,-1.2391191459039474,-1.2738111827635072,-0.2045705563093894,1.5286043974746384
TCGA-A7-A6VV,-0.3101027434129538,0.5129664787824131,1.062811737545009,0.21424700005792363,-0.16934281288417075,0.8012155370682696,0.5329719416192065,0.6617668974029312,0.31746236570939274,0.42234778346090995,1.0383067815611462,0.9385473573977975,0.7700018554383533,1.2479076054632792,0.45548839821114584,0.7753630023608129,0.6732806434546365,0.5547447098111181,0.07073659004175566,0.61951382162234,0.0008431496945873581,3.8891352223386764,1.4238325299679464
TCGA-A7-A6VW,0.9325871256471304,-0.07505315252455619,-0.8020495651507673,-0.33831056435904355,-0.2575425109319743,5.7679892499664405,-0.28025020555282304,-1.354069889154066,1.0386618430898855,0.30472599882608636,0.6865756720127029,0.4593065893290443,0.8642315034046721,3.1152212255014073,0.8675685156900851,-1.8039292606574713,0.007937788466346586,-1.8459372996976966,-1.4783429467635787,0.6018399790799934,0.5221453631955578,2.478043417116214,-0.13495984559948684
TCGA-A7-A6VX,0.9352406241135179,-1.066447327341995,0.550257355553293,-0.6023177650716646,-0.7243957813552914,-0.4651039760721892,-0.6864591498370876,-0.44677657416367456,0.5798827370895304,-0.18473993795834986,-0.0342207583244871,-0.23879482919245967,-0.3833015330454652,-0.354957261269822,-0.6273021498062444,0.2593899847708789,-0.6751230582309549,0.0011803853910434211,-0.4801609098521332,-0.2694900220512634,-0.8951682126576029,-0.0618904813160863,-0.11311755627493315
TCGA-A7-A6VY,0.6496216144414297,0.9098191028959253,0.24064465181463152,0.30108490959665596,1.2921744590955615,2.3183255120754676,0.5158193994630533,1.293467280705576,1.4879178689045198,2.0135083036802417,1.561353897507456,1.1365711244707386,1.4077134795933988,3.168752305889434,1.082940568986459,-0.5364356397102227,-0.005956710390204702,1.3853629170001853,-1.0851666086376783,2.4016372443539113,1.6302243661273048,3.203536780063361,2.2228933151668984
TCGA-A8-A06N,-1.1299162852167866,-0.44995302683792854,-7.252701587902682,-1.2499574963381488,-0.6387064837630054,-1.1614137700613552,-1.2771951126640877,-2.9241030630728466,-0.3716010850488573,-0.6685302528332748,-1.653077491662063,-1.169268193725755,-0.9445376027659094,-1.0830926524576152,-1.0875076512837103,-1.9468006869374463,-1.2246803863431273,-1.153536803053693,-0.9425171129191897,-0.6219291946570725,-0.6209546872345317,0.5569360821741173,-3.072718960722402
TCGA-A8-A06O,-0.3416879627158593,0.23827905506462377,-0.3094154829502194,0.2827455606814659,-0.13689717655807784,-0.641794330572534,0.40637628191332664,-0.05652021335843254,-0.16430320355608283,0.17229161244275543,-0.7921149552726259,0.25125712078282725,-0.03432693897594068,-0.5134044683469405,-0.3378466686285906,-0.6268445681544097,-0.5076106777344426,0.1334926447594971,-0.8782287727643777,0.19923868361844463,-0.36510353565675796,-0.5454632076327911,-1.3574484453161322
TCGA-A8-A06P,-0.6249454705319928,0.2543892179458644,1.0462683331989375,-0.003287684090756835,-0.7070231430306994,-1.1314784252380607,0.20028619499340725,0.40966638084550255,-1.2328049625327002,-0.9203864189685652,-0.061691108628003775,0.89425923633815,0.5215281138739619,-0.5055903825472478,0.023289989530540817,1.0619309005919702,-0.3910585549796645,-0.571791560563602,0.34577233534999174,-0.4794162324581891,-0.44720571536491477,0.21428032575107914,-0.3254826898491816
TCGA-A8-A06Q,-0.5329368494329977,0.10040947657126961,-4.941809063107787,-0.6824689167472374,-0.8725235685640338,-1.2894398307128443,-0.8442379458221866,-0.8619643739890555,-1.2889977367420962,-0.7933290269766926,-0.7512409607082912,-1.202247504574951,-1.4898365711681005,-1.0700283947401914,-1.0145513975084077,-2.3905098390397983,-0.7252143931103318,-0.9503016683334434,-2.770122436594317,-0.6750015556779589,-0.8415276388609061,0.30197602918764527,-2.595583078489059
TCGA-A8-A06R,1.1378102781025143,0.6405161083519301,1.0055247132538059,0.23613343243473184,0.16398775435910945,-0.21284336507775298,-0.43133978333858586,0.002927974309410755,0.5962187328653078,1.273472467511206,-0.66568364021975,0.4519058106779726,0.08049747241280301,0.9323033628430242,0.3105098295474166,0.21311416375109457,-0.479088247903408,0.9528172769665095,1.50805215900873,0.7656073291328707,0.26265873932654676,2.518238897096256,0.9206244270501346
TCGA-A8-A06T,1.2887160292054782,0.11275670727817799,-0.7195949421224922,0.05082980581029215,0.6795005943972353,-0.3259785028043356,-0.19517442615434863,-0.9838448232631308,0.9165177783558642,0.991761307702715,-1.004471754382833,-0.5902820057553368,-0.25604718131800297,-0.8575391091998091,0.23180966271345338,-1.3915797844544002,-0.163084176956694,0.029235365639291282,-0.9633075954606461,0.4614691368805229,0.778239634417535,-0.7344109844343294,-0.6905671308570509
TCGA-A8-A06U,1.5963426044117865,0.14361784218554674,-0.7915641057003331,-0.0578451907592315,0.6803810798999177,-0.991715470437109,-0.4260499087501546,0.27338402404985035,1.3487910996104848,1.0901227375171723,-1.2553389582247914,0.16383592109116124,-0.03425081456799343,-0.6875435494563561,0.5562109862019134,-2.713470584365743,-0.33210095177388643,0.6812562445049583,-0.939256890447172,0.7963394288276998,0.7711222338461544,0.29117261404214617,0.20627237524345907
TCGA-A8-A06X,0.5203519746414961,-0.453140131656638,-0.4983318040950798,-0.09338630336274854,0.8687896817585032,-1.0713095206107626,-0.49991270959084844,-0.2946140955100299,0.7749682368281062,1.04123989027838,-0.16336448409838383,0.12816888186856848,0.19530451496412532,-0.3083268014251283,0.7474046842417846,-0.24324376640778161,-0.33309466814458927,1.3747764301194407,-0.36167948866774813,1.2263185865471842,1.0454432712916237,-0.6995963571483887,-0.40988222579108147
TCGA-A8-A06Y,-0.8126312840243984,-1.2152470512216265,-1.3047352747815089,-0.7239586684774951,-1.679509448014591,-1.0579220747549298,-0.08685255789234969,-2.4096506185730533,-0.07412172318704507,-1.00712242902549,-1.4144660545240801,-2.0405634063428915,-1.4054141379821978,0.2530852558358018,-1.9925136764869888,-1.4302554310174305,-1.3877168996114064,-0.5826388856203486,0.3220661949234669,-1.6817105673236659,-1.5858175723712915,0.006350780151150341,0.3762774324765349
TCGA-A8-A06Z,-0.3191999629050612,-1.1881275304056182,-2.137405168853052,-1.0240383887137359,-1.155365846376381,-0.24229037346218396,-1.1199620531904466,-1.2780051667847219,-1.0914116273600285,-0.8160772162066485,-1.2373198990485192,-0.49959076315215306,-0.4086116829075151,-0.6883533408090257,-0.6879051383557808,-2.348976264222167,-1.5515573959635884,-0.1715493718134239,0.37703443964003763,-0.8510453826802956,-0.8995368272521024,-0.0452324303146234,-2.152594064263638
TCGA-A8-A075,-0.006687752059384075,1.1608646511675393,0.23971359461791536,-0.11036123146721812,0.9108568030967582,-0.4354710148116465,0.1292677887478771,0.4957180884871312,0.7261895255844747,1.119080756814891,0.35130001567020674,0.7426616859368086,0.4056402935304386,1.4232331640449452,0.9469958913741054,0.2821177901431851,-0.13042333678454843,0.5021879071407915,-0.37932845994277203,0.9130302478332549,1.0960873718807578,2.427505403239829,1.549854884155652
TCGA-A8-A076,-0.5732944369635596,-0.0060108287344358205,0.7751486841168655,-0.33530034753874177,-0.5317751161822949,-0.58127739925671,-0.23867238240134273,-0.4479666401058031,0.1058500941767407,-0.16859698361836073,-1.6666012979854228,0.5734879226986791,-0.0756923757939884,0.239035204927531,-0.03006027096668662,-0.7250410085265585,-0.6239458468925914,1.0364276570777196,-0.7368969434215432,0.24482845919552967,-0.5169263980678797,0.060146472354028126,-0.6802438578582216
TCGA-A8-A079,-0.6744907594765952,0.626752604097529,-1.2106803885057624,0.9010042783858622,-0.41569103159702564,-0.8460639825196693,-0.3504380312214166,-0.9264121205813856,-0.853193911821331,-0.4988428993637728,-1.3643395613683365,0.29396578801779416,-0.38654862761405906,-0.46161526439084183,-0.13595779485925538,-0.22126746404697378,-0.08963987483567512,-0.5986747222524212,-1.9468575555795629,-0.12347783334424722,-0.4922983508289582,-2.595688188666653,-1.0643130227810347
TCGA-A8-A07B,-1.5453540438607016,-1.0969905601748893,0.16896436516393537,-0.4894113969726889,-0.36775652064280695,-0.47789347054171877,-1.0847917351110723,-0.8378417715935097,-1.5255420504482218,-0.013977850756897838,-1.0576905551132518,-0.3076408726715644,-0.8204119441727179,-0.7811790868128894,-0.17794942172088785,-0.25858182978258704,-1.113621066809082,0.2112092543811063,0.306536828017756,0.5535135206815516,-0.39900775497511254,0.8677042359832922,-0.028439688916361554
TCGA-A8-A07C,-1.518211619560432,1.2736375739903834,-1.0832450413314876,0.4301099765299928,1.242003798498656,2.860930358512611,-0.0053011907905680215,0.08219375413103397,-1.4512200428143955,0.9538185457546543,-0.987948097460402,0.4777149127440304,0.15430013814032703,-0.13945091807623392,1.2752485823941317,-1.2342894159506184,0.23297244821078678,0.6250840759904915,-0.6134525957015828,1.411951163752628,1.7546068905583114,-1.017850477765469,-1.0638928895373558
TCGA-A8-A07E,-0.29652596861183195,-0.15411782625205714,1.0760379242147997,0.1785050563348101,0.6877368425068414,-0.16474361323054182,1.2228372600521695,0.4706277989964201,-0.40680314184774696,0.20249151632257648,0.4088734429379162,0.6497635721739311,1.042922520842994,0.19609351915465842,0.15830248611156258,1.3986058843971851,0.38367752093982604,1.0814703708218822,1.5852640710483206,-0.11319066347892376,0.5182316934968839,-0.6391731398495892,1.2684625322237246
TCGA-A8-A07F,0.4731726879957847,-0.21782112967972966,0.28518538088113893,-0.04504012838741389,-0.03663706930154062,-0.533266436765187,-0.20009329977317056,0.5599950773738606,0.22837382318629879,0.585215560472787,0.36364835878658897,-0.17953758756291768,-0.6075463949433932,0.16933257379642183,-0.06837741417595831,0.33002600327463466,-0.9617732162344894,0.2183002032938056,-0.5579404615668255,0.17322773275488845,-0.09254786467234305,-0.19970403413979382,-0.4391249883609717
TCGA-A8-A07G,0.9970834168650468,0.8006068063641975,1.0173379655219643,-0.1221130851304752,-0.04610147384970706,-0.8562188675056976,-0.1804240572964577,0.2553535057377963,-0.010407687871715603,-0.17364446287047083,-1.317102053383104,-0.34056581149243265,-0.36798904794192305,1.1563015812481798,0.06879543425038177,0.26647510122723156,0.3391648564614614,-0.17435347671849707,-0.13303737212204228,-0.4003155394833461,-0.1099312591028023,0.7599732733040345,0.24668394355300863
TCGA-A8-A07I,1.289034979265004,0.4563075156170401,0.7961698734910699,0.5504625445196787,0.10488585881365414,-0.29118500402472175,-0.16511711003650517,-0.15252180557542247,1.0573592159802119,1.0672418621352562,0.6378161386478434,0.8204690549505828,0.5782996153968941,-0.3093852931453346,0.511732460948397,0.2048123435639707,-0.008851312135146392,1.0038301864766035,-0.0460018982287052,1.202337506443433,0.18223684733999362,-0.09959506115499808,0.3497069569175095
TCGA-A8-A07J,-0.4253202870437531,-0.10475245824628099,0.9334712128446591,0.14362399746077137,0.04351303400744042,-0.7041915121043887,2.1345193524144337,0.2182284923544066,-0.2527813783550809,-0.049621103751997235,-0.7665328358371989,1.6460977990329904,1.3907031471393227,0.38946159558291304,0.7557512969956255,1.2113732136322444,-0.11789169360253789,-0.027915998015492657,1.0360894028915622,0.5024683536200331,-0.006131571118489774,-0.9876382562847009,0.3152282079711661
TCGA-A8-A07L,-1.0660454662039514,-0.5262917323389757,0.42993197145798423,-1.0590896517765518,-0.9118245306082355,-1.5202929185072709,-0.7763815205140556,-1.381780833462562,-0.8100271311278765,-0.8397208678753043,-1.2215539512908646,-0.7194362561335667,-0.9500136341961298,-0.8907326895414329,-1.1365429212669198,0.07388712258242597,-0.016556847058121014,-0.3370581287105049,-0.390056960909173,-0.7958052820593456,-1.1476195331538905,0.14508775873675722,-0.5947951711859963
TCGA-A8-A07O,-0.2534962503870179,-0.6990540719905376,-0.9839008947643243,0.06035306890631405,0.632089819448778,4.228190315598555,-0.13074197119428324,-0.8704447526779016,-0.14455986797767653,0.3340367445266575,1.1693805003887243,0.05720932435613359,0.3549749514961479,2.5048121290568286,0.42901911059850373,-2.088892827328763,-0.2173836958093538,0.6980505124811651,-0.3035761988916477,0.25620710657667906,1.0318854392780503,1.8002565663435353,0.36418615958367184
TCGA-A8-A07P,-0.020282451131382218,-0.8686152165586984,0.10855405686212437,0.130269943713697,-0.3067021698660511,-1.4333741258190946,0.5466074588280458,0.1762904846331324,-0.8525061550272954,-0.32132257236466294,-1.5226595714401592,0.2755236786501242,-0.377216925826008,-0.7487913527966203,-0.2762925316682459,-0.9139183255397375,-0.7802965875973704,-0.395791472778626,-0.7307867605243797,0.11887445172291061,-0.5326505032371345,0.08384049954002222,-0.5277788209421176
TCGA-A8-A07R,-1.209989744114021,0.48313867194139026,-2.137825695518563,-1.7220875511456675,-0.5741634700768072,0.44381918527393904,-1.7483224591135982,-2.531726250389451,0.5928495632520927,-0.4001128256029571,0.18768784906559388,-0.9242781694336452,-0.24962296642716267,0.9457578938235199,-0.9740799383954267,-1.7156745863484657,-1.1858475548218306,-1.1142152176159776,-1.2603760183679644,-0.03880918288322304,-0.808761897606801,2.4881975513802854,-1.0139707280466175
TCGA-A8-A07S,-0.15250839429654237,-0.14055565637887624,-0.11650036616402804,-0.2182600228908832,-1.10303510388312,-0.013549782611491222,-0.8442947821110263,-0.191049707361377,-0.1638339433006214,-0.7106200624733172,-0.7900776075783372,-0.037351355735975436,-0.3034561706545168,-0.28635763897636124,-0.4769470169143109,-0.6608932818956497,-0.9668846957706271,-1.2540775311246304,-0.22444130791145755,-0.48270336546467446,-0.9542312438794006,0.24095836266507104,-1.1040444738103041
TCGA-A8-A07U,1.741750410314809,3.449038852895615,-0.8651060917862174,1.8696011047080185,3.05868536988444,1.3867997767698943,1.4258948278198007,1.0978021184308469,1.5259578904756232,2.407183138769979,2.128129936325562,1.1715941314930043,1.6734930625796676,2.785873106550246,2.603246994949204,-0.30612134663767904,2.395343159438427,2.3643956446920575,0.6232566358816324,3.863763258845297,3.550968334259464,0.42676592836609095,0.5769542675812726
TCGA-A8-A07W,-0.8567432356502008,-0.5160948359140717,0.11200744823373665,-0.15052201793277548,-0.20676798464605003,-0.9794802985510827,-0.055890948349790234,0.2924717122871921,-0.9809543009376723,0.05714775548750216,-1.1775049236355608,0.9820755312914449,0.548708007442846,-0.30585937188123224,0.35805045284293874,0.10425068727385045,-0.884368125517244,0.19952453490249022,-0.3833033457940684,0.16242688881439504,0.03678964646306629,0.4392886512392264,0.2910016651888683
TCGA-A8-A07Z,0.985908536136452,0.29781277990150473,-0.86593036243819,-0.7829877623652923,0.4077613327389924,-1.5497475187604781,0.3639467027848168,-0.3083672444633916,0.7609140023114336,0.10187366155512097,-0.3410464968183033,0.22233754115226678,1.1053294982954411,-0.4120747321537979,0.21451515272226293,-1.0199275747972576,-0.5435344675269445,-0.32571348989489013,-0.5685876587428514,0.20045370958091638,0.6100928005005064,-0.8740607300459042,-1.1327456040236124
TCGA-A8-A081,1.1485659119896212,1.1078092380387965,-2.771859219573619,0.39431052715968734,2.105790283325358,-1.06551715542707,0.3410521888952765,0.5762628956672657,0.730974366215245,1.3081138156383985,-1.4553176747465912,0.503403891319811,0.19418217744099925,0.04759013695059468,1.015151764560605,-0.5951787087286425,0.3144170495241905,1.0820277445578979,-1.2651346202816816,1.2511464916406227,2.0505990329691413,0.4076123139850252,-2.1547462025810296
TCGA-A8-A082,-1.4598358394856057,-1.3246884003314667,0.09150255992630756,-0.6878511200353443,-1.3644840687859014,-0.8140359593522883,-0.023108781659671573,0.3276523830243883,-0.9314249700331293,-1.022618524600099,-1.7585711140459623,0.6897931612858631,0.32752074416568416,-0.5788925677538754,-0.5226385038606096,-0.03708084989047035,-1.6256222883377887,-1.1555822834124851,-0.27238678830598595,-0.9279721248081444,-1.7018217879171937,1.8346706859041801,-0.18674035838722824
TCGA-A8-A083,0.493338134585675,-1.119084113588992,-3.0090793139596514,-0.2750571399099088,-0.7616610639480161,-0.37624653019186494,-0.9504066467348694,-0.9138505794599396,0.13118029967983033,-0.5097456680895495,-0.6806277849847918,-0.997828311446036,-0.8428790130159665,-0.014303480271694037,-1.0407666952292223,-0.9494122305404498,0.4585989981759381,-0.9322510672114841,0.24236349504348864,-0.7216471128661524,-0.4123240917928079,-1.1699810367958252,-1.6074651582965978
TCGA-A8-A084,1.070335821115271,-1.292360934805034,0.4203943894255084,-1.5264767768447527,-1.0379138971211697,-1.3113498782400024,-1.684410772676815,-3.3722790141380976,0.620219406394979,-0.07101526124689027,-0.5464935907967168,-0.9070552070407195,-0.7599252843177685,2.3948471344086686,-0.7013971989504387,-0.43354923763862296,-1.604463285912416,-0.26079108511911014,-1.3473800970248269,-0.47505006187577853,-0.7764294431208504,0.03201622627982071,1.1999300432760027
TCGA-A8-A085,-1.9071609035796904,-1.1615609650064942,0.43175720137296175,-1.7461195979197315,-2.929594522068543,-0.7985389746345478,-1.8980129206142748,-3.423015394705393,-2.3828910937460526,-1.4915154478049686,-1.5301460054626095,-1.4384627041023144,-1.6273948282907467,-1.4202932986259704,-2.0788162814828604,0.22025714549236183,-1.7733276993400637,-0.6468511129584186,1.5535175163795536,-1.7995455895864638,-2.3863532041781848,-0.7089274504512425,-0.4885987685585151
TCGA-A8-A086,-1.4661263381116967,-1.1177503514656624,0.8348160211703435,-0.9492741672507833,-1.2014192907608152,-0.35701699740409676,-1.4080675041589477,-1.3728187729334793,-1.2115422735393893,-0.5961619212480861,-1.617501763976643,-0.019841695285855082,-0.7344361615562734,-0.3036328081500837,-0.632748919587275,0.439496014722808,-1.3771247829306523,-0.3769542246316329,-0.05532871411288242,-0.4961143574690587,-1.1131911592141999,0.687190921188405,0.1547140489113476
TCGA-A8-A08A,0.22851476374154517,-0.6608757625810399,0.12431042994909317,-0.3451330638368811,-0.4611439348716096,-0.4295387767742156,0.5756159494117291,0.7141884913583887,-0.22336505877086688,0.0197710058186377,-1.3692695297842312,0.5455185931575897,0.07679517219984353,0.10057150794098801,-0.04817862508297522,0.19101446715270023,0.05381660894609279,-0.1264375250287802,-0.9207863306157359,-0.22451659212354266,-0.7345807157283227,-1.7082430371637431,0.9165932420520659
TCGA-A8-A08B,1.3294655398102702,0.08395386733243942,-2.1441729277176065,0.29315583203933643,0.7566388053389028,0.3450009567671478,-0.9868061658626963,-0.10878869725835705,0.8592165549982674,1.0750960647038568,-1.0777060876664217,-0.9213325654937126,-0.9069475986177317,0.5608432117166212,0.7175171923534852,-1.2274813566276417,-0.22727659635622738,0.3557834847261916,-2.17469868496949,1.2415555542502088,1.1415342310788335,2.626191253699188,-0.9075895247875615
TCGA-A8-A08C,-0.3544715576651556,-1.023423664143047,-0.546833862016604,-0.4308068009041771,-0.3050801105024701,-0.20503720299766795,-0.6280025838157973,-0.05038211518714279,0.18925633683600257,-0.4877384780778577,-0.9190276578736173,-0.6952688348254689,-0.6048980557774611,0.13249747268354392,-0.6267708269556582,0.22819361936258842,-0.7396631433172123,0.27734004565664355,-1.0247716334458186,-0.44592467960745175,-0.3112067660066045,-1.7322695430571546,1.0778854242505
TCGA-A8-A08F,0.6983847875488302,-0.47794145607596356,0.2854313099716769,0.6488379046764329,1.1522840370368168,0.49628804729315407,0.8244707514879247,0.8561372090235462,0.8872336626795565,1.4513873061340044,-0.23145559896109338,1.3983437961121754,1.2053891883341579,0.3769555004298118,1.4341818004382467,-1.2029783514662538,0.030941479497152157,0.4070868407365782,-0.18630480719717807,1.3601145328931603,1.2791976762288872,-0.45255327835500514,0.38528619468423114
TCGA-A8-A08G,0.35795879785422025,-0.7464046247912893,0.07575727780455102,0.6195615417225858,-0.08585935935871669,-0.5731372259237002,-0.7326400059356464,-0.20297288072717953,0.04595340707873987,0.4122287001967751,-0.9266544304869326,0.556751792756974,0.14345121965881813,-0.24386929969882792,0.2643414111940833,-0.9013793917901857,-0.7102899381664335,0.19171228316707273,-0.9787218563534975,0.27591378377587567,-0.06684892990568929,-0.32316203590021264,-0.5927883793472993
TCGA-A8-A08H,1.0004095373306505,0.9077070088765893,1.1217735890788068,1.0948327490435472,0.988992414532765,1.7200613581059554,3.5673284311085185,0.4857100976226458,0.577432695016372,0.18687865145753554,1.4601466543306252,2.1506690969563746,2.605946128291543,2.740224498521262,1.8406854172856024,1.1026208475779344,0.7983462109883475,0.07824032552950595,1.6022732953704861,0.8530399914106812,1.4756578953485087,-1.8584963335400058,0.5407988578790879
TCGA-A8-A08I,1.4430639687069067,0.8468279431204543,-4.357631002136932,1.8037145378345296,3.2243428455306926,-0.03700684587225004,2.1081369294104597,1.5075122578620588,1.7431367601726484,2.0862694633635357,0.866003949936992,1.6934194037768089,1.4578405004688917,1.216407512368971,2.5015338559688223,-0.7862990539020279,0.6703130905472408,0.8868003484975986,-1.5437365608230287,2.794016138400347,3.1338701993584985,2.44332773274581,0.1961583147703131
TCGA-A8-A08J,0.8578965569650355,-0.36402656075378054,0.6744907594765952,-0.6834008875338411,-0.3969392351945231,-1.0771348805889784,-1.2649497224194397,-0.5777931282120109,0.35186133974315525,-0.05159559534892972,-1.4883958610185388,0.8726970779121087,0.30574521681046096,0.24990182065097863,0.1222920241039598,-0.38931437741101815,-1.2191798911096732,1.212696963515114,-0.3296268186453599,0.0,-0.30051618320074036,1.337785047959552,-0.3664102767171792
TCGA-A8-A08L,-0.7480893325006996,0.3588894516812534,-0.7551470198648631,0.5631962530052591,1.2941288309444825,-0.7701107604714228,0.644490978203781,-0.6318813684320274,-0.6223883239639544,1.0373331911828634,-0.7200888106092016,0.19318794075626836,-0.13966956577485973,-0.5928457889273814,0.9467606214440848,-0.9051909002002245,-0.48078701457450856,1.0524858884559196,0.4999450520174607,1.0488627136643627,1.6272615175253253,1.4468105253501222,-0.674247788498342
TCGA-A8-A08O,-1.2370006692334656,0.06544676214298531,0.9677012286531881,-0.9803208464783837,-0.8747139702883449,-0.15601745205776582,-0.7958152539389803,-2.156655989505418,-1.2312270306174862,-1.0223025110452917,0.05264758399562278,-1.0015609830404593,-0.9022109393290437,-0.865884768715964,-1.327903729302035,0.48673809616827185,-0.5204409646749382,-1.12654610354098,-0.9669200852747285,-1.0616553139842981,-1.05456850998379,0.049365762632081873,-0.1165874682399533
TCGA-A8-A08P,0.34720350008750805,0.48453182456525906,0.6464406959669441,1.5577845341057563,1.678149099701785,0.49832227062544715,0.8312820043380946,0.5408036310812581,0.8194130269887826,1.927775236193214,0.17252529916471623,1.2464305726576763,1.2572422708739357,1.4081733968540444,1.418590776352915,-0.4184007342800175,0.7372396914766547,2.5710463120688063,0.1399982883104453,2.292745465497151,1.2824911558242116,-1.2204989171736365,1.0996809183989258
TCGA-A8-A08R,0.3615108342785245,1.8045119983074056,0.06574904531120769,0.7561574544339819,1.4872711313689846,0.753881278130423,0.6796086712619749,0.2139482639994005,0.56996365720719,1.7986427362498645,0.3649887550381575,0.9467231499616969,0.6382273977052849,0.15333170606866733,1.6672635592892633,-0.529590073811234,0.91408513723425,2.1030645347710872,0.02603051938937064,2.061271011406424,2.0726740854208066,0.8638667651595073,0.612076571569049
TCGA-A8-A08S,0.8120463280821428,-0.3928022129638826,-0.28821725136082976,0.2923368530743545,-0.5977234070784911,-0.8348562665496926,-0.3085491394781571,-0.07697670302376217,0.8175655362057964,0.10600629698723321,-0.8314775652542166,-0.6051799323681104,-0.491178034990718,0.21559780140116547,-0.6348682472867052,-0.7083216135927233,0.3703592216230373,-0.32587921011648935,-1.1622382204877482,-0.11279522519104361,-0.6318280805298603,0.8186000157438396,-0.5940608710734594
TCGA-A8-A08T,-1.1506083943989327,-0.03283494741470937,-0.22176010114321196,0.09820800293138755,-0.5551218282923265,-0.6524233718230411,-0.5445529750273719,-0.27022129233615555,-1.8034439807495397,-0.6719159086011186,-1.0043664080291035,-0.3458241578018445,-0.6697231917651925,-0.41591255437158464,-0.4828861813522386,-0.15574781890276834,-0.859081767339798,0.31616224590874437,-0.5117743330801218,-0.41234286794318964,-0.553681545151156,0.958576837187904,-0.5786265013343588
TCGA-A8-A08X,-0.5287191642198935,2.2195836598898713,1.0276568718669268,0.38892470342193036,0.7398670427503767,0.15962361218972784,0.5170629288894392,0.6744907594765952,-0.15001716013207197,1.264021213188722,-0.05555800771570811,0.6744907594765952,1.2214141127827198,0.8081212009584519,0.6968611381436783,0.46890123022188496,0.5721960233378336,1.3682980012841515,0.5844830128363476,1.002242870161441,0.8173833368030017,2.4630359346343114,0.7655923408138611
TCGA-A8-A08Z,0.252670505443129,-0.9873976927854187,1.096048850133686,0.3063293789574208,-0.546114038163601,0.3981429409700462,0.33400315003722203,0.18926893697346492,-0.5389263719996951,-0.2991101909873003,0.5651455667034214,1.3950846636537089,1.1520440054635206,0.7167162162066526,0.475408495255435,1.7181262639351262,-1.0428287622423025,-0.017883182848291632,0.4402637364335987,0.1592203083120494,-0.49359077634128473,1.5735810864592883,0.8433593458617936
TCGA-A8-A090,-0.24974381009389926,0.1593524346070272,0.223347497950763,0.007849731484052162,0.15004338636725953,0.3838982486004605,-0.22707133436679763,-0.13789169473023927,0.24208104584690499,0.6503859368294548,0.5190427049375262,1.0886180530425547,0.9197167391313062,0.08068061180245541,0.8196793632771219,-0.06705587286059668,-0.20270761217313374,0.4904998689651494,-0.5182909338626035,0.5334604334340302,0.4224343242226994,-1.5491401443841097,-0.7958172723727548
TCGA-A8-A091,-2.133804295018749,0.3993937385209621,-0.4314898981755754,-0.5253536824088274,-0.27578532145757767,-1.027710760348519,0.25384922012808075,-0.3105859114059196,-1.8866959272449622,-0.785341732350035,-1.8213024773275668,-0.05855269751199647,-0.4320293664701561,-0.861894795114639,-0.46502377635023195,-0.12364340618555857,-0.5905264468024874,-0.8265108288768102,0.6938434544437654,-0.6004467356901381,-0.39745833867636676,-0.4992342821114632,-1.1219638783446189
TCGA-A8-A092,-0.18754117871008918,-0.6700879727863481,-0.28191454950132877,-0.6185528153791995,-0.4796666988792532,-1.5373533191406228,-0.6026069551805352,-1.1454831501027134,-0.28000599137407073,-0.2059345703340916,-1.0581889271198957,0.24868149073439713,-0.5526491122141348,-0.9279245715085371,-0.08380135009211462,-1.645258017941357,-0.4230395557745439,-0.026070830534484116,-1.5299029800341817,0.0751823144258087,-0.4877532018876377,-0.0358960545144835,-1.0969445759472185
TCGA-A8-A093,-0.8666772309854631,-0.9813782221446915,0.7732806864245778,-1.7247552618692732,-1.249477476024404,-1.9036596173417002,-1.269624643292096,-1.1823593847097487,-1.311527777284414,-1.0593219623440966,-1.0908555881978446,-0.8570256834578003,-1.2441957104875034,-1.2372642385805142,-1.206010810817849,0.10947233223116605,-1.3924985698846946,-0.6220345339173889,-0.7179449311788177,-1.1608802535636757,-1.1898727735984183,-1.1023582755063606,-0.5939980975400213
TCGA-A8-A094,-0.7223750870143738,1.11876582369592,0.11292468189402605,0.35107541568890305,1.93329493099029,-0.24675857886149075,0.4498935354694355,0.28915155328108294,-0.11203055416513906,1.9316431508862297,-0.20641905432486723,1.1852277714494952,0.8774831568591812,2.343277290329261,1.4748335643886779,-0.9422791073826268,0.43083661673952056,0.7862003864256177,0.2606418494661486,2.3784136664231856,2.0645892326111497,1.8137104237099033,1.1168249875013156
TCGA-A8-A095,0.21432540424348612,-0.13021240675151444,0.4053622423643681,0.023793056226722793,-0.19897938572130722,-0.28727993215287384,0.12761112467283192,-0.9042617789450762,-0.5722104363928987,-0.40866689116178184,-0.8403182588051497,-0.3332110275735827,-0.622608254837466,0.06830523377369001,-0.23590675079972817,0.09267369306304306,-0.32236990288173517,0.21683934416323367,-0.19692254398119247,-0.2637050444376195,-0.19514869620440742,-1.1201430436251265,0.30442243004307634
TCGA-A8-A096,1.7122226954814708,-0.4189599669477612,0.8728741827001898,1.0617271294518242,1.187896289674579,0.2441831093744218,1.0418956509457074,1.1184037110830296,0.9503396090391119,1.65278087748779,1.3653956557102267,1.2299442511862142,1.0878804921350185,0.34791274970071767,1.3994715917363325,1.0743960908095567,-0.30587699798789353,1.6155133112063758,0.6778083910009838,1.468661967803695,1.1895329525197558,-0.6092743076013278,0.881467164124745
TCGA-A8-A097,0.7412022211783719,0.11841517925755939,0.8930471881153068,-0.2478743935371994,-0.3433565963634477,-0.19939931147779782,-0.007049288234003945,-0.03754278113994578,0.3969668904237604,0.14252092613640324,-0.6068219387139372,0.5164056712617042,0.17793188417136632,0.05262868637123896,0.3018390503613496,1.303327242340074,-0.6062302564954397,-0.0962027079358245,-0.41202049530162127,-0.04604436489984118,-0.15486809224171416,-1.5659727867766302,1.0310315226984508
TCGA-A8-A099,0.07632968640848885,-0.7090571413011092,-0.6831792419357766,-0.20353529854339378,-0.2542784935688285,-1.2988023268491404,-0.5034487273930944,0.15584569358899825,-0.7152456310553624,0.04120778494251816,-0.7832334499304902,-0.7443194200211686,-0.9627551492531864,-1.1335371257230331,-0.6362944500842076,-0.7136799102613821,-1.0135709230956387,0.018208939189103625,-0.6246845220862588,-0.16902986735428627,-0.4988543098501144,-1.6544183870654443,-1.255652226364963
TCGA-A8-A09A,-0.8245412015878976,-0.30954772672145847,0.8682737372277399,0.2773609103724485,0.5534116836437288,-0.7966853047971898,0.3710659408819377,-1.2756905515311296,-1.0962748534792959,0.6774934987200673,-0.45654973037862095,0.18459230210892885,-0.30326909509732236,-1.0388054746715623,0.23340691812136632,0.8990687068403099,0.4381142813627968,0.5921205057550436,0.09685604080992306,0.3335080461818976,0.21100127686517448,-0.022943892604485032,0.25662722769165536
TCGA-A8-A09B,-0.6340449991885083,-0.6901250994948981,0.020296680418341675,-0.9179630431440537,-0.5230648686222023,-0.5907995446343288,-0.8279391391411767,-0.5294869552846695,-0.814151713945831,-0.6948384938749284,-0.46410429392822156,-0.16990574491719784,-0.5291334648289691,1.8086164357518526,-0.576928574185294,-0.06212239060236679,-0.9006344769034877,-0.8777125343131191,-0.37425577033648877,-0.9753416340609039,-0.6016597268980522,-0.733264569853458,-0.7189275155147278
TCGA-A8-A09C,-1.2041882442725864,-0.890597907932737,-0.1242321997322538,-0.5044060896632827,-1.136877626237429,-0.8323743556503572,-0.6662309701088732,-0.9942705692012419,-1.0653298824396702,-0.8014984313312442,-0.47694160065485497,-1.0898300472291578,-1.0085040691169331,-0.914792132399896,-0.9855894337724603,-0.8367174395094785,-0.8521809370337664,-0.5310694903767004,-1.286474767967222,-0.8140991497671113,-1.1426496219770428,-0.7306976587049964,-1.5400205950379946
TCGA-A8-A09D,-0.26683062295954285,-0.5627071266531967,0.8661344681649322,0.2316965482794615,-0.02928974836484196,-0.9385479618505189,0.6783726845724053,0.3227280327542387,-0.31841059844092323,-0.18967038810661643,-1.1909501487077914,1.1942636404665612,0.8974296726307652,0.07287529182759309,0.6412401613300162,0.2656808918467018,-0.8614143444285502,0.2157754545427666,0.5183064584267203,0.3166396373020883,0.06032625928143425,-0.35912023224553363,0.034625788448823164
TCGA-A8-A09E,-0.10737381267157291,-0.10150573455050088,-1.0850400900127444,-0.7666795152659233,-0.6187846979188975,-0.8724430045540061,-0.8183484833413701,-1.8141796462033295,0.6597506688964014,-0.3782606736868967,-0.266375117114412,-0.8606594402640273,-0.7853898205114461,-0.7660237369017445,-0.7914702847237784,-1.1985759237584572,-0.16100485079143462,-0.373642245755038,-1.5522197996850464,-0.3529832777399857,-0.5818284312718939,-1.8837509303554083,-1.8212977647471458
TCGA-A8-A09G,1.6049470605282283,1.3852974473686017,-0.8527518618934172,0.5275372620028234,1.1713629793242235,-0.18517609526077883,0.45011475342220714,0.7562783242826987,0.8764179220866916,1.237485091725585,-0.2996483581344079,0.4244610096238784,0.1140911634018426,-0.4569499502790696,0.8499647842937026,-2.0025455200343902,0.8329811588594275,0.6446659134298267,0.02032507693487535,0.9141679630686759,1.3549125058714302,-0.299903462270813,-0.2023027478826411
TCGA-A8-A09I,0.6882789329291426,0.19404454395932833,-0.2455064323070273,-0.19526350428058958,1.1354838429481213,0.2967714635777635,-0.26926414058798137,0.6630570938100921,1.0948680355048848,1.4815379858123503,-0.751511643865622,0.8804912978352645,1.0314048269379208,2.6370459565446853,1.1174407948287077,-0.5522974908571922,-0.441809446785262,1.8640826034765543,-0.6583582953748734,1.7289108733115275,1.2723170942198458,-1.1990246764474766,0.1023979701216322
TCGA-A8-A09K,-1.0889665147059606,1.1339692659785496,-3.592625769798619,0.9047345958657248,1.985394063419232,-0.8021510370271754,0.4542413364945151,0.3284927273117216,-0.3357664780650166,0.9859828096231362,-0.9415772861026491,-0.4005048315549283,-0.42613335720161527,-0.7905637976211926,0.9176348652703714,-1.4530725786511394,0.4858231216095165,0.7030990891262148,-2.50333179981772,0.9344240288995449,1.9009054871158002,-1.4189750702187345,-2.7715578851616107
TCGA-A8-A09M,0.3651412338477331,0.8844882882785599,-0.6968668221049517,0.74666108331135,1.187552381194539,-1.594486696612837,0.2827917823621028,0.8635534165235955,0.8995784421661422,1.2199116466340183,-0.7817035661396222,0.37962234429123104,-0.052174806398114795,-0.49943347896983703,1.1171432926136762,-1.0532705773445694,0.29979324320465245,1.6599735176881556,-1.3097040427392574,1.4009688006301537,1.2315022511209053,-0.6744907594765952,-1.1392697207359381
TCGA-A8-A09N,1.1356790884436594,0.10750897865177704,-0.33888778875518294,0.4351194697048418,0.319125686545371,-1.144947677392872,-0.1137038245100885,-0.05740610356808245,0.4072445391300272,0.46419665819260675,-1.021814105441575,-0.6756228348234412,-0.9043478612771191,-1.3112204674455241,-0.026834049428710257,-0.9938477405266084,-0.25284835441144576,-0.3787587167547429,-0.6194309884101936,0.036082279009821264,0.43601496146639956,0.7293536275450214,-0.6453901354573688
TCGA-A8-A09Q,-1.2718531228516532,1.9257919171120201,-0.12931636257398463,0.9487146118938897,0.6662368457767968,-1.0586561257622282,0.9713091768629419,0.9022015891058889,-0.5946071639161272,0.7198419464132138,-0.5746956686864987,1.5104215745940759,0.9474415692926408,0.2619517762940119,0.9607088202375541,-0.69497265653283,1.1285576488445836,1.0822689125791116,-0.35930976453786445,1.2543476320250389,0.6969672666698612,-0.7428575220386363,0.23366600650196076
TCGA-A8-A09R,1.4720231771737269,-0.48253243126769213,0.6019166785226677,-0.10584657326653188,0.5098929519235067,-0.7416450323873626,-0.32006581743121554,1.0057176663289353,1.1778655144515535,1.702102463037152,-0.8693620917908609,0.7586154890466449,0.42433002005821613,1.4437663269344532,0.6769861167777386,0.026656504497359654,-0.38893508037359265,0.43097234984657845,-0.10391841693302996,1.3950858630688558,0.4743872528956548,0.36246695174017735,0.934962512222304
TCGA-A8-A09T,-0.25581889133435654,-1.4366806694152292,0.32232695599942596,-0.9221974083078616,-1.3152686704808263,0.6010579823500661,-0.7880681233761553,0.5443533592889457,-0.8618086075781408,-0.28753702165134476,-0.8436396593071023,0.18288314890540053,-0.5883773058679218,0.2047752242202965,-0.2822430229097872,-0.6041595240288249,-1.2634604794713702,-0.9205833226662354,-1.4410583394125194,0.11382022444274326,-0.9670341677211566,-0.650025809598541,-0.3640587411581143
TCGA-A8-A09V,-1.413890504458341,-0.7378506165345575,0.43466700971361305,-0.18402403275151336,-1.6594951174920054,-1.3029858794823475,-1.1025964300716264,-0.532253754434583,-2.012195832195741,-1.0485688045937283,-1.0531322944745487,-1.506921053196529,-1.6635953287627494,-0.5693936809865714,-1.2039245074138074,0.2662540785278106,-0.9826238093182023,-1.627881197136281,-0.7003228874194191,-1.5410120785573211,-1.7227211934374465,-1.3441294887627642,-0.44985652423431544
TCGA-A8-A09W,0.6741870555430236,-0.1813389315746331,0.049161333953510446,0.36167611982457254,-0.06340062751279486,-0.4992511740839726,-0.36228537763454627,0.4491733768645064,-0.2855678126706573,0.17423575580383874,-1.4872536731758037,0.12598823965690784,-0.5596153483199788,-0.47019984650413377,0.2501773192982417,-1.7025747115961563,0.36075062257669377,-0.0209395168646528,0.603218327496039,-0.09763130800914033,0.03884759784804739,0.4925380820628119,-0.6286381237007687
TCGA-A8-A09X,0.26955372972428787,1.3799234774314204,0.2528741675197408,1.1938551680242238,2.0510626877229643,-0.5812863791459343,1.0225157690357236,0.9839034580398063,-0.05066767865230614,1.446976869507754,-0.00012960313553601034,1.0233728955934291,0.8167788203069271,0.8703811286768435,1.8142933376785864,-1.6330898430154321,0.5187605644623309,1.212986821432286,0.8827953872013226,1.8209906558751563,1.9497905811120253,0.28186226952424925,0.010931185692915018
TCGA-A8-A09Z,2.096847852938978,-0.43037805352497693,-2.325567377356628,-0.09294244211614605,2.1934607636182113,-1.6414515753387187,0.2357862934142034,0.7366242610226997,1.458269676651351,1.5261431957084441,1.5992947179006003,0.6566830713455175,0.20567865545514802,-0.6491406610036543,2.288113296408335,-0.9484292191366376,-0.7353734408753011,1.7162805766534535,0.028352147849239975,2.717247283945692,2.722902018429575,-0.343910552354382,-0.4987395246202551
TCGA-A8-A0A1,1.001188846286618,-0.7151527904952616,0.48136405825272166,1.6931724363726581,0.8452748464655232,-0.3820424934447801,1.6276971112112073,0.7014831507756268,0.41196705358559793,1.5091718337758961,-0.1487498776448796,1.6146003179543702,1.3252224984541048,0.6398974613263053,0.6640756063600151,0.46570044186205883,0.25005927016141816,1.5131587705568708,-0.6837083538586181,1.5387726651493128,0.5674916950144901,-0.5701889526821567,1.2379559015948967
TCGA-A8-A0A2,-0.8949713891341787,0.5237772433202467,-0.04166084832187502,-0.1508983112042073,0.29791325137689606,-0.6033303341944097,-0.06591821458840211,0.6530958983237063,-1.3076063474229247,0.5699983698526176,-0.07028251656888242,-0.11245332028467787,-0.6843866042821313,-0.7555376054246001,0.531960020876416,0.12617358360804307,-0.43203174381932197,-0.09092759568560385,-0.2802229694168559,0.10911964390326576,0.28135360872342435,-1.7902102111425373,-0.2154048829030225
TCGA-A8-A0A4,-0.1814448801217962,-0.6010077055586404,-0.22199133567340812,-0.5172755096851906,-0.5667684327122045,-1.659935742610552,-0.6106410059844122,-0.3451032911301748,-0.7768681825085912,-0.6424947465922759,-0.9907285224534632,-0.23404111335289984,-0.17329463153885694,-1.3512203178167732,-0.9122900500689374,0.05223779313697215,0.11521710476151185,-0.9304611968441105,-0.30557904725051055,-1.0461880394224448,-0.5878688278228899,-1.3231053020822052,-0.5563210720133945
TCGA-A8-A0A6,0.659041216888307,1.8292287876613937,-0.0698758841190095,1.2420978439326489,2.1133459173490454,-0.28318979780690157,1.4955682492103943,0.9483085322866083,0.7886237672843176,1.8105263165121015,-0.26943791751368285,0.46010493380121087,0.02052624440552074,1.0736011815267703,1.7195895057407016,-0.09920568797700188,1.6099007585826006,0.9080210993878044,0.49757424184332194,1.633404020658773,1.9535061415053974,-0.712937234187797,1.0622163331148156
TCGA-A8-A0A7,0.6457003885617605,4.3712099463511365,0.6109801927077463,2.840087226064226,4.323521328916483,-0.8889753156141058,2.097220681394703,0.9062673128283177,0.9867994904312974,2.20626821955896,0.5183491847151721,1.6878122513291514,2.057350648385254,1.553467172990523,3.4025306206583523,0.3971319383208276,2.535416376743067,2.268107463777942,-0.835957479052731,3.2045892632997104,4.478084433992309,-0.5077900134830144,0.6828551447343397
TCGA-A8-A0A9,0.19363093734194348,-0.9398486178171443,0.3746353791064884,0.3218668431152155,-0.07242663203782286,-0.6585263646619869,-0.11338337034162982,-0.30298073919300156,0.522513438909179,0.6596997231466447,0.10632068183262029,0.2352742371506613,0.19632977971233012,-0.28799220194341957,-0.03223961125453835,1.0023891412861996,-0.6134329466875189,-0.3596715918275841,-1.5700792401847532,0.21855328655273473,-0.10007581039084484,-1.7010748405501523,-0.17076680593747368
TCGA-A8-A0AB,-3.0918605278794122,-1.3718400105466728,-0.317037260555221,-1.5288993284655752,-1.5014942585273205,-0.5861017244297811,-1.0892180247701937,-2.5519244939855312,-3.947283481898317,-1.7044807544944298,-1.6109682770368143,-1.6597628436197853,-1.6024825619612173,-0.765278924716347,-1.9076777878988114,-0.3549929362588019,-1.2981299826350179,-1.1458096313133284,-1.142995051115298,-1.5290714876408869,-1.6704425694427525,-0.4984168418029225,-0.3721342746058844
TCGA-A8-A0AD,-0.5966802360180796,-0.8462885094885001,0.5517516052969704,0.3001898760129699,-1.0018277162963565,-0.6957804222975464,0.5422135519192838,0.4060411824133194,-0.8965062958887596,-0.8625932956821624,-0.40608060478045155,0.4242150668876475,-0.17521265656814625,0.0,-0.02138119484465918,0.9169021505790279,-1.0326141133781266,-0.09073355859885417,-0.2975150359123082,-0.13560617481842233,-1.0160399428755937,-0.28824118183394914,0.3867038171191323
TCGA-AC-A23C,1.667721608701761,0.052545595809751246,0.2942416285325732,0.24181923422528914,0.49038456009947207,-0.9678377099331219,-0.27511270558812045,0.7398313370059312,0.816463853192058,0.9205862969525125,-0.6747608207572678,-0.009698455702181124,0.08891472006039595,0.6874931435650263,0.14041487268108585,0.6975499847181676,-0.5290405405787757,0.37899983911553775,-0.9097867039465376,0.34751881262339257,0.26977353279070737,-1.393116478252485,-0.34225761878202954
TCGA-AC-A23E,-0.7128592453662355,-0.5636189793390589,1.1043117796690345,-0.6392514206725839,-1.28705277173065,0.15565215406872107,-0.11762267918153158,-0.19301168171869387,-0.5734316678523899,-0.5333895260347152,-0.016633802179029804,1.2760642317121036,1.154548135387174,0.1659137151458868,-0.16247815273630867,0.978010672434468,-0.3664361385132887,-0.19067840806967323,1.1058464253603002,-0.5606108633444706,-0.5032978022529273,3.63920818386174,1.2297755344872368
TCGA-AC-A23G,0.6307840878998493,-0.2776866498717352,1.1720142389033297,0.18629546747427808,-0.07725491649972654,0.6556947647949805,1.2960346153662228,0.7321727376385115,0.09332492105125503,-0.3366125620024347,1.2058662237589068,1.0977209366933107,1.7544424270923429,0.6280313066901941,0.4550074152507236,1.844980691806816,0.5712227123964555,0.5622175832309564,1.5016742841638773,-0.4246603170267166,0.2073431757897202,-0.26685225335854035,1.3969161111154431
TCGA-AC-A23H,-1.5226118192118536,-0.5777736965627732,0.5228769880583484,-0.932739043123534,-0.5850585312610739,0.03974081919431235,-0.5234567062953283,-1.2201340503740021,-1.3626881122200993,-0.6590940709203927,-0.3419699352648114,-0.3096558297993677,-0.25395507503827214,1.5620399620772059,-0.35967771565264633,0.7932997403389631,-1.149804068780524,-0.5341285631357414,0.5188590879332735,-0.6543750872648717,-0.2692651360629384,0.15160790186465564,0.10912258488257938
TCGA-AC-A2B8,0.5933900070295316,-0.34198410976526433,0.6275334550227678,0.7137381845127552,0.3741352836226674,-0.03356874904631892,0.78258363476996,0.9888217349200475,0.41495457356763593,0.24818325045856698,0.6973823349812923,0.927068834083688,0.9249636696996325,0.18537797215878427,0.4397854771924112,1.8646752507523061,-0.003900543023465254,0.32016828023298705,0.6872411799018373,0.15598854831684847,0.16309957536853237,-1.090602053465548,0.6765446629983637
TCGA-AC-A2BK,-2.8635036531399085,-0.8317757769996582,-7.345379642362106,-2.2803084829177878,-0.1387465199853246,1.4426576558681967,-1.5064974000267068,-1.9014132897583818,-1.4990571163956314,-0.7600618099581065,0.15847699122709416,-1.6355692124279662,-1.942308782365178,-1.0253952890929372,-1.113961273992881,-2.3040954261300635,-1.6110149318751599,-0.7095045527211501,-2.0550205995326656,-0.660630820513833,0.11629032355733097,0.44417726398366414,-2.567392395031246
TCGA-AC-A2BM,0.03892579750961309,0.4319624762182166,-0.8308986294761085,1.5335372105194698,0.21866914363523138,-0.46956101241542,0.2674240904772345,0.2908646097113654,-0.22599897606192335,0.5578201665727972,-1.3523057724946448,-0.22457919311828103,-0.23801236863632969,-0.5383854195033132,0.18206015147306204,-1.247774211184854,0.032451861276785655,0.7104255486160279,-1.5513093585517754,0.7343132889037063,0.08466183988040485,-0.5831184469997173,-1.2558101712285596
TCGA-AC-A2FB,1.0835161433549827,1.1432698733372268,-0.38682027084184045,1.008419772526133,1.4448674366868661,0.8738945944235925,2.130015571900461,0.916721260286774,0.48833188628116125,0.9948067598629617,1.2504292994600366,0.8921039601175426,1.3137249358843779,1.5216821497715343,1.2395032495125344,0.5770512589236904,0.9902903055769781,0.5937862666778786,1.3310323865149152,0.6700445003410462,1.5417606156015322,-0.760451508962067,0.5262634945317495
TCGA-AC-A2FE,0.007491261429732918,0.3110479370882867,0.30788213473640963,1.6449676606415462,2.5271978044746524,0.4053260938169759,1.529055849865902,0.9784489193013867,0.8944644513580028,1.5210753204309424,1.4156286576200776,1.1593017266619976,1.5886447778493273,2.2913563220258664,1.73798422674493,1.0458208601594274,0.4637128813127137,0.35303278936431354,0.525799325989874,1.0964625730165727,2.01722182491886,-0.33248685840975356,0.8647395917920948
TCGA-AC-A2FF,0.21938654928660353,1.5392343740600292,0.30090771512266123,0.5729994643382864,0.4427957143554105,0.7732440811066059,1.5753774786947417,0.6411532791778516,-0.10215545525838501,0.08250586597042449,-0.22315086301187836,0.6825577736171181,0.9128280585055683,-0.07177082861707837,0.12396512523792963,0.5315201912911918,2.069396506463337,-0.27055615798158195,0.9780018027717753,-0.009141663403958685,0.17302949027774167,-0.8431187031560743,-0.179150049815767
TCGA-AC-A2FG,-1.3579408550840402,-0.326061208312526,-0.7651087352156533,-0.374912406909188,-0.535446792437215,0.09695446154421904,0.08155505471367196,-0.09009318467178493,-1.118985395766206,-1.0066641370212104,0.5816984301014586,-0.6208813391488822,-0.3389428739233878,-0.3328609842911734,-0.7722597957522088,0.5839652824912097,-0.46435133317176136,-0.31986218051211984,0.41434649305104926,-1.1372716298050505,-0.7212972340315673,-0.6495909927486607,0.6919725475919993
TCGA-AC-A2FK,-1.0240851325728475,-0.12325455088628841,-1.7156013162543275,-0.27287710569369666,0.06704698302339078,2.527706500682713,0.9553962309249425,0.1390521905121705,-0.4995268711587635,-0.2919729845693731,0.35779484843360365,-0.8075962453259452,-0.4809866641182276,0.375126169148017,-0.8237345375194483,-0.38984541420108565,1.1215268542332468,-0.3744085091395797,0.5869446851046777,-0.5805411612199437,-0.2180958651869032,-0.34867395932463946,0.43329849425219713
TCGA-AC-A2FM,-1.7650452225672029,0.04776787102501265,-1.0942127719091164,-1.0710486207587038,-0.3697569502949516,1.099820089975074,-0.36457886254406346,-0.07820764299769423,-1.013959345825955,-0.9023455890602399,0.10717995942596499,-0.2506098508418834,0.1362843150177609,0.15369349893688347,-0.4986002077193066,-0.4987713832362962,-0.6022335579259408,-0.8471402447728072,0.29522068464066364,-1.1184005971114575,-0.3302294498051922,0.5044170579510107,-1.5445630817127949
TCGA-AC-A2FO,0.817762636231769,2.83631554049175,0.4804779240730031,1.7382857907333837,1.3319647446823826,0.22578349618669838,1.805022051657591,0.2596834538000419,0.36716761452410657,0.7752960075418999,1.3643399421874989,0.9426115391708606,1.3709945494912097,-0.3922772758668893,0.47288408087755934,1.3154651839150882,1.6110594041731416,0.6362534873299925,0.7212582609697318,0.5563873299677897,1.1399426756626958,0.19642778590492618,-0.004184000028080971
TCGA-AC-A2QH,-0.6570825226385254,-1.699406079297755,-0.20754377370749286,-1.1760629533388591,-0.6234836120868082,1.4117024944934202,-0.9329274341637571,-1.6112774541126318,0.7477473431970914,-1.3621263437187872,-1.0872477156012843,0.7483814279809239,0.5077920847580256,-0.4486727191317473,-0.3874952937848361,1.7278218011300908,-1.362632930659338,-0.5544765576470985,0.8019687217346196,-0.47247865216023954,-0.528624835329966,1.4914902357194435,0.6132311833009061
TCGA-AC-A2QI,-0.4473239674473723,1.151875296454761,1.0073341611867161,0.01818531555550542,0.5439165752503852,-0.4687419451863706,0.7232857973632864,0.702488045909431,0.06868431839980423,0.46145478254857547,0.3031776514033806,0.7489328023475311,0.2812492846975283,-0.6508017535415715,0.6876212107407371,0.4324485866564185,0.39184976458761794,0.3962894063700382,0.767104494900546,0.020465062337805536,0.42151013621334277,-0.49356167752940594,0.30632878679778547
TCGA-AC-A2QJ,1.054403972961587,-0.45637756642827026,0.837328899864111,1.2722262098445654,0.8117956695840233,2.294262883993641,2.5315252331004854,0.4140993520677885,0.31139452387303757,-0.43333713967093795,-0.24488433155897388,1.8310314362368667,2.877233372801556,3.370478500751695,1.1827782911761844,0.286166963016308,0.5228345356994021,0.3331936628587172,-0.09591702456873158,0.4821544148104591,1.5340548104899474,0.40816594181287724,0.03143175394910147
TCGA-AC-A3BB,0.9407607990573982,2.673754287606452,0.892816632558945,1.7176835174741858,1.8069366813316619,0.02542404130312946,2.2829951110947238,1.0458203116629834,0.6672646378590704,0.887858418105853,1.3305596410745373,0.9037252327847081,1.3732681199625947,-0.35248988444432316,1.432775367524689,0.7691110962977439,2.088061101871039,0.43561692417001213,0.6020030046365746,0.8059063053467899,1.9560060139026572,-0.4669739361645389,0.5400035906204587
TCGA-AC-A3EH,-1.5711249951033452,-1.055767109114841,0.5201631663965623,-0.9713800140732867,-0.33387758795438877,-1.133143705894876,-0.3984077983324471,0.5731342350684355,-1.7058990384365313,-0.30840392976101166,0.2689663295598621,-0.4276982972193915,-0.8436700142148034,2.0422382645474704,-0.5538913627369161,0.6034523309131077,-0.6339927656569604,-0.6040147196709246,-0.4063638148000081,-0.5104940369705407,-0.3628245092354055,1.1314835625194528,0.17002001065267502
TCGA-AC-A3HN,1.3480963201033613,1.4448266435408184,0.9100681380918647,0.6511194066112789,0.46764021338785844,0.5801008285576011,0.8422518139810168,0.8425380996451222,0.5161451905745627,0.6241114196322934,1.2007042684716696,1.1604080768325358,1.3819095823845111,0.12906155785096654,0.776847285587846,1.1634198345476332,0.3152419050828311,0.13582535296158216,1.3029172731855097,0.3053232752763351,0.44672622812904444,-0.5850481193290923,1.8325908364134
TCGA-AC-A3OD,0.30667818496247995,0.5442007407484616,-0.6449952676926023,2.054769235830954,1.426551551108077,-0.27291100345831204,1.9178271803105436,0.5864143207727823,0.44134544947386267,1.1577277690985,-0.5627356140394258,1.343676063586718,1.292793680362619,-0.001943614615508002,1.6501678546302343,0.3021581693946376,0.5621796313403878,0.6515336071515092,0.328396904361241,1.1834837101989504,1.3664490996312093,-0.08506430844593454,-0.2602279284074422
TCGA-AC-A3QP,-0.018190793689868544,1.1029227710322984,0.8219883612996077,-0.15586005388811988,0.29551771653788994,1.005913690146095,1.6704035004722944,0.3937733868827114,-0.5183711257656051,-0.6874857260170221,0.02388964642121932,0.7175839525214781,0.07976794706632512,0.7207816478785021,0.9913768017152415,0.3496640624374326,1.075703052498265,-1.1633932127425386,0.1405928643884669,-0.21362156673673735,0.43029731246522535,-0.7724808601877092,0.4104557904632098
TCGA-AC-A3QQ,-0.46552029334395534,2.0226090300587254,-0.03838249902730503,1.1374022467785252,0.4605311646800338,-0.22083959379062015,0.4880794949744277,0.45098403689853284,-0.28413454943273564,-0.43304859497905945,-0.31619909844730903,0.05461576131093101,-0.39128911019462914,0.8238960178885695,0.5854616312504479,-0.5754021255900064,0.5619473373715205,-0.7846415486891685,-1.0430561818334954,-0.15624116526579085,0.4904806180568975,-1.5179546518966929,-1.1103386538374296
TCGA-AC-A3TM,0.5737759559872768,0.2096873704107105,-0.0715725185728895,0.032309710214391406,0.8905402851937673,-0.5178664595030885,0.1257304797125417,0.15392487018022272,-0.28861523464140226,-0.332301607113262,-0.14717592872026053,-0.055281203587238696,-0.3836721584081173,0.0008194706527822616,0.7139475676089421,-0.04343639014999558,-0.3679402722177608,0.6141044999864858,-1.6731159225647734,-0.23522809855681315,1.14443098129425,-1.802822493564282,-0.8630330702667063
TCGA-AC-A3TN,-0.008522197417874073,-0.7082666672726452,-0.08787975773945611,-0.5076696222976143,-0.2708407362063275,-1.105426957632972,-0.6430100096853268,-0.19834508696836653,-0.7370060671232468,-0.6806244084844371,-0.936111954455834,-0.8811632985539208,-0.7729054568310103,-1.0339111070787403,-0.39820145575389077,-0.593641799708219,-0.3684681991386898,0.48208517930027306,-0.5092443279238211,-0.9182749669023861,-0.043963789297026115,-1.0786562596627627,0.3899365666512457
TCGA-AC-A3W5,0.12834802746909998,1.1296899947074506,1.1066969184448794,1.391756366133619,1.2549950697158323,0.23327938113538005,1.5955203841741152,1.0365336000051992,0.9293246659586681,1.299602239944591,0.844168072381992,0.9004792952997673,0.8667256748655527,2.7531296478103413,1.067492142157282,0.008295523163540548,1.0822317848081346,0.7819021115281757,1.0370108866278644,1.2038596645243234,1.1911127154595313,0.5406362676262894,1.111674694823831
TCGA-AC-A3W6,0.8561418320852745,0.5306564831370866,0.9782695133175253,0.8561717171092585,1.6321018950639807,-0.8248111821875689,1.4316566999180662,0.6720352486594197,0.6899192819160999,1.0759952358988727,0.42177524221682666,0.6515336810427538,0.9356409391840588,-0.7063388701487373,1.1277837888757278,1.243885564198462,0.6963742126262589,1.2852952226294274,1.4485797788508565,0.5849691017783163,1.2419653513027682,-0.9970433102225293,0.7616563122715242
TCGA-AC-A3W7,-1.1242141097627258,-0.5730969744921955,0.5940184837238927,-0.7763026031342142,-0.407187191127575,-0.31167657816368083,0.04702936939727367,-0.45360999646691336,-0.32652367733338633,-0.5538272615272737,-0.10174732604142787,-0.8158276272511898,-0.5417888594217929,-0.2375367271269298,-0.5993274965645446,0.6416125422484794,-0.40490459090099595,-0.4736636384614077,-0.02977514255157008,-0.9819010559740704,-0.5285872072719832,0.33901680423866426,0.5529617187244464
TCGA-AC-A3YI,-1.2060945307504343,-0.12049083691072746,0.9889909647785193,-0.3765269446651963,0.025495979829042933,3.043721042803379,1.0985469140571085,0.16066488658928543,-0.2115825763492156,-0.2232254152789779,2.4165497827642524,0.08086087313484973,1.3089398188497683,2.203740409491773,-0.16272128257728544,1.9839080384354189,0.4213723853098377,-0.6525836698732623,1.3426045797187687,-0.19331798604899075,0.04879320977937567,-0.08203946887360213,1.3392456024995933
TCGA-AC-A3YJ,-0.6503947513000577,-0.7491173078926506,-2.032643328711844,0.14598476339010147,-0.11338708752501546,-0.688497304091113,0.5348810777452112,0.29141550369132846,-0.38458857636120686,-0.6297637119777905,-1.4115802916669666,0.7401226971329287,0.985790986205271,-0.18510737322759807,0.4030522841702092,-1.9421784461383351,-0.8969889376472027,-0.812445522622176,-0.3666231231079643,-0.26971267974592317,-0.23936691333812032,-0.5923098775422906,-1.4510493065144878
TCGA-AC-A4ZE,-1.6642728051822293,-0.4968431733045175,-2.2509583854163835,0.058206897194162124,0.11326831951114552,-1.0912359462396788,-0.9256845622571782,-1.0717572211076072,-1.503106780753642,-0.5909817728920144,0.4859976870771754,-0.307333283040149,-0.06119387410658373,-1.146431954761328,-0.8179735931178697,0.2871224180823896,-0.5495166726722199,-1.144115147701375,0.6091914606209697,-0.4464403953285908,-0.3227840008523366,-0.5939456736013575,-1.5706934801736938
TCGA-AC-A5EH,-0.5628250477552023,-1.419841888432543,0.7737416497913576,-0.3403558336158943,-0.1523890826035433,-0.20940813457803556,-0.5288528670336895,0.6784473477813325,-0.009923321964469429,0.12912664860912304,-0.2600110833000967,0.7129579189504192,0.8833475032827129,2.566358732011519,0.4400984643986434,0.22982071388970168,0.8342817837973816,-0.11271183641509096,-0.5064757910270685,0.24771216045804717,0.2840433661813944,1.937566218966091,0.546104074768067
TCGA-AC-A5XS,1.8891582745465918,1.8334073742123964,-0.23826919572003033,0.48500830247942506,1.1611081796227436,-0.09807622904487345,0.9869781068721989,0.6932453394722433,0.7834708168904531,0.7242479713696043,1.139026682859077,1.1080949315727708,1.6182320118075109,0.37148374356618585,1.3205181197173224,-0.02144402234179607,0.9989493695452263,-0.330712617641998,-0.1794326993465917,0.720212760528738,1.1464274805842036,0.09287802826418516,-0.6389098527099918
TCGA-AC-A5XU,0.4841220775670539,-0.1484071812336921,0.9544173282902418,-0.8813076029166383,-0.3530183766578788,-1.2321753329804723,-0.877454729924436,-1.3313810898953085,0.08596681818990246,-0.18801553279189442,-1.6463714779580492,-0.37676192983341955,-0.6807692052980261,-1.2656636327302413,-0.5246391091678076,0.42034770159319035,-1.3281307256730774,-0.9244783369970159,0.8704786600233974,-0.5190155347444312,-0.5611834230634021,-0.23928111561843687,-0.03602646556227776
TCGA-AC-A62V,-0.8623757991351286,-0.7459908380235566,0.558904056141399,-0.8992190673275032,-0.6760103255001926,-1.263058626827202,-0.37848699106528094,-0.23509757690696276,-0.8555904348078741,-1.2380076791685237,-2.7504194224492946,0.18032554933574954,-0.18322458918468768,-0.4872890938864096,0.1086545449190058,-0.9537930781061633,-1.2276722279047976,0.2142384266161158,-0.8024528101507734,-0.8490475666519017,-0.4551411180612526,-1.7276049643016078,-0.17974532659858244
TCGA-AC-A62X,0.6456432566869837,-1.1639011468704799,-3.632246418555256,-2.1059188959761075,-1.0972602548211237,3.3866232561954956,-1.3423357704554024,-2.9786868448181005,0.8873617963013938,0.05779547977048429,0.7375533378518943,-1.973593055005357,-1.100613208507443,1.6588477733807894,-1.6771727116917823,-2.047281607784765,-1.3105856820351554,-0.36431704862323316,-0.26440679918429444,0.2038423941718556,-1.017576338149518,1.7037693648618082,-0.4940253118886817
TCGA-AC-A62Y,1.0328089151013087,-0.6891062416210624,-0.19272060403879193,1.1045767802506283,0.025056131041803837,1.7835934141211036,-0.00674354176376514,0.24292865850223416,0.5649516956091603,0.25928948142971625,0.9755873462235704,0.8869884409218087,0.9367438331650734,1.1752555376899503,0.8558171383677198,-0.23704270038255107,-0.7818993757991497,-0.5757416973129375,-0.24742399645376872,0.2526442931687503,0.3038925783959746,-0.19216701076442094,0.7622491791453067
TCGA-AC-A6IV,0.5037511646680221,0.2081701316215937,0.9471791566269078,1.2959667972993774,0.850119229090904,-0.5943824042104581,1.3355906800826045,0.8486447186381281,0.32167583873790334,0.34621283148932214,0.07000185410066995,1.645027603930639,1.8338990928191155,0.35973326885781354,1.1608813822757906,1.0822975462777078,0.8205122232046803,0.22754194937810399,1.2412713321341184,0.662855596927554,0.561460812916095,-0.7996897556027127,0.667085280013876
TCGA-AC-A6IW,0.6286629570651666,1.1838024304686932,-3.4367863103527325,1.6119433611523137,2.5586797131425745,1.9548175633171159,2.9502298346889355,1.1515438454482587,1.4677584163601074,2.231410960124156,0.46413971514833324,1.5028386586018296,1.5004741644130715,-0.26924899337305275,2.2368270628217624,-2.167195496440581,1.0435124788659162,1.4948826424212793,-1.721312962484136,3.677189862842599,2.4742109537835653,-1.8083771324814668,-0.27860405547717565
TCGA-AC-A6IX,0.5741581213350935,2.808387759200328,-0.7580580355456136,0.7863921095519408,0.6053323101329996,0.07577535810883815,1.2128453866413134,0.7080568730017124,0.4029728262066479,0.17081736364684902,-0.19834056377722561,0.2893583090387862,0.5727852245869143,0.2363892514536586,0.24856268984274202,-0.1866557109201935,1.5229945536989524,0.06930857634380094,0.21577200282845588,0.14031846064083942,0.3738044873349949,-0.5713804532390095,-0.3761285793551886
TCGA-AC-A6NO,-0.48927544315395405,0.03990826614438337,-0.05034430539186334,-0.3926136167044048,-0.7451228235848861,-0.40427531331637845,-0.0845475205417906,-0.16583697686872134,-0.7533100691887951,-0.7201286023099512,-0.4459664298455786,-1.5251773662659363,-1.2663955849403068,0.8376915584816074,-1.5452903758939582,-0.62846810590099,0.679124006643854,-0.8271623492988501,-0.5727284836939196,-1.113273150232169,-0.9317898006576601,0.45822419926839614,-0.88135125053768
TCGA-AC-A7VB,0.09977964986547268,-0.36913727483000447,-2.5101546428024593,-1.4901252554316338,-0.8558282829626297,-0.8273091952018196,-1.6511962359623138,-4.214645851231181,0.3875591360540189,-1.1075635092032072,-1.0859823415212693,-1.8967471295300087,-1.3746668201358951,-0.9015443629233497,-1.764645029620091,-0.9882814333550409,-1.409032320810262,-0.8397783640421811,-0.7329933837842029,-1.0533565133693434,-1.2700440386293044,0.08838472676681995,-1.6683059024611662
TCGA-AC-A7VC,-0.43484320813026045,-1.1735036083672532,0.1198635547560131,0.2593816934691259,-0.4270887617575451,0.9139680144915785,-0.14985962448233625,-0.8649790077998104,0.313424883797302,-1.2954474483447416,-0.06296854824791942,0.3496676276089959,0.5481921195176562,-0.8206757573892952,0.1048250204068441,1.177635403676122,0.11800905738925048,-1.7747675572645523,2.012068020519415,-0.5466625320115485,0.08013706161691857,1.2382811205065403,0.15417396119606258
TCGA-AC-A8OP,-1.8569796992649623,1.0393252810385007,0.17228694206938316,0.5030555269974183,-0.1915761735057974,0.6715240798054638,1.0113422032272192,-0.8083683099756949,-1.1992940795861815,-0.41827310769515863,0.4265004462498312,-0.407734623409429,-0.14038615777229185,-0.18631221615051835,-0.7044611147662126,0.12619815272278773,0.5886893250953846,0.19087453973958404,0.5839594119351195,-0.5373511588418158,-0.0713607657144342,0.46278989296953904,0.9210555928442127
TCGA-AC-A8OQ,1.4954461996754032,2.9473903365931386,0.3591880542942271,0.7928727289675352,1.1158712552703594,-0.10980322077254857,0.6751873208986247,0.7097121555002022,1.4307162690702049,1.1605950433372698,1.1154797218201786,0.7148131271293434,1.0881400701487223,0.3689143421691339,0.4337974020726078,0.04452820316586441,1.2781475685098431,0.8441799929076816,0.867982597799116,1.4458117953422558,0.7060668609046882,0.99646067642183,0.5958613458632789
TCGA-AC-A8OR,-0.6809528812384275,-1.0395973298983205,-4.125123457527819,0.058954226398975726,-1.0762917310572508,0.34819996726532004,-0.6951040987318803,-0.42715198149595446,-0.3520219694574994,-0.9390931822677462,-0.24128291195738893,0.7124030081801642,0.7297694461798414,0.15034461160469031,-0.08241951140768436,-0.2760778679952313,-1.1469876033035225,-1.9165896104370315,-1.3989046175379998,-1.0474396660103822,-1.1189547362113061,1.4011346117334664,-1.7964254155974817
TCGA-AC-A8OS,0.10444079310546621,1.2320999979250615,0.35789502115045313,0.4561216214330485,0.5875602507454403,-0.343764464012672,0.855097275683643,0.7507770117638898,0.27306148133676467,0.21679966053410366,0.639624390428082,0.453823067829154,0.4214641878663186,-0.7146944831825117,0.4129404864796532,0.3222867339968641,0.7629607708341307,0.09254314280458366,1.1410490841207162,-0.1428318502633513,0.25008301121536386,0.5056842798269328,2.3027666169308656
TCGA-AN-A03X,-0.6978935697147326,-0.8140523925143689,1.2356895787567397,-0.39753985482462284,-0.24223971821205853,-0.5712461803323416,0.05776119797338897,-0.15212135767065266,-1.4295848087444378,-0.3725370329350461,-1.3752709710579054,0.21444990246394866,-0.19374420140011245,-0.05650974387354958,0.3327957583923489,0.6854124323782517,-0.7461842722162223,-1.3984266955604003,-0.2515122147213039,-0.54489678679256,-0.06486990987014445,-0.17114948546067868,0.5667618326516976
TCGA-AN-A03Y,-0.5782494123952848,0.3022542813944188,-0.736352012981633,0.2416314976512836,0.7988018818228513,-1.1202903634874335,-0.1802629288018302,0.29676870577326014,-0.6874054508344907,0.21365216547573945,-2.197636104461847,-0.5095558314808194,-0.9615194987210638,-0.021453373357872323,0.39887116769930464,-0.9381231750937757,0.15231383825232586,-0.12899026569246838,-0.6793265694701943,0.41358956177319167,0.4601145896038844,-1.639410841655599,-0.5570879326667929
TCGA-AN-A041,0.12758933050962112,-0.15732270001800608,1.1817605566387197,-0.31094914232176696,-0.9426682858402955,-0.2788255079715085,-0.37363913529701526,-0.2613762790418066,-0.283326005884746,-0.24793746405264744,-0.7722360213548118,-0.5708788456579345,-0.07551734795095931,0.6055983652963735,-0.7109918459281087,1.069031307800399,-0.8834664211175711,0.15490577634384767,1.4986702750202026,-0.7021110537750427,-0.7612432028199136,-0.014237766406457786,0.7375708925156937
TCGA-AN-A046,0.8287969505447631,0.059031818591437156,-0.006112332671234019,1.7466634788292896,2.003231827933482,-0.5539447808123346,0.6198495533293549,0.5532745968634438,1.1071830812510481,1.6871976230250123,1.290472362765339,0.5934821350763865,0.4416394190650032,-0.3117679277822844,1.6934161407685455,0.5067549728153828,0.48294558089190043,1.2576618251880383,-0.4813019215870036,2.1059783638626057,2.099462603930604,0.49486956207859223,-0.047536933268214614
TCGA-AN-A049,1.1292068470789651,0.2151553224826094,0.5754394751218825,1.133126619954608,-0.07644079029140703,-0.4005455675913879,0.3321359546910734,0.20953732704576794,0.5621163942739738,0.07242121480377751,-1.065712326924302,0.6420761762910385,0.4142887501911662,-0.3350189187687399,0.23838160495878008,0.4710856187673715,0.14403743650600329,1.1748645457845621,-0.2171474131756158,0.21531386642998032,-0.044438268865880926,-1.1351773981097448,-0.18013430603597672
TCGA-AN-A04A,-0.9395650033595765,-0.7460238550812432,1.132485663312165,-0.8964356509614186,-0.39047388126788946,-0.03493129360767793,-0.5753056831639062,-0.9661673459275252,-0.3981800282158274,-0.44294097975732943,-0.7710837336588455,-0.023385056193421197,-0.24686117596368104,0.30382907131110287,-0.20645438395321475,0.6474994646345099,-0.6156666840516258,-0.6392220204906529,0.14036733158961898,-0.5603319595768642,-0.3817065060437841,0.5137905191353204,0.37516928366499436
TCGA-AN-A04C,-1.2643214760503472,0.31871178588366106,-0.8722738286639501,-0.2446781814378863,-0.03882425438557648,0.5500880967598033,-0.5614521186962632,-0.2292275645447494,-1.3739555873290508,-0.13883604120282486,-0.05917191750548532,-0.9648940228383618,-0.5828974790337772,1.8560345054323708,0.0278476247680523,-0.6194043956639966,0.8154336253237813,0.14989330184733718,0.19924934456960844,0.06127745234844755,0.15294321148425077,-0.3469322594867747,-1.0577193248030563
TCGA-AN-A04D,-2.2577803167163477,-0.7862257992942951,-2.7454728673983135,-1.918835496896357,-0.8080648445745834,0.9450004053153571,-1.7639564884176269,-3.339871036932214,-2.1759390206952633,-1.4641575189438532,-1.2961313642179044,-2.3131412678225898,-1.9245610744648889,-0.7720219761514809,-1.324264207460348,-2.911251969753138,-1.1465976349145153,-1.1090153473244466,-1.004996007918856,-0.6392553700982359,-0.724243295268776,-0.615605707962196,-2.7742996245712273
TCGA-AN-A0AJ,0.6101014446639497,1.18754125644106,-0.2930297549228249,1.307426653243147,1.8972336614518526,-0.6745242468514693,0.5680951373119886,0.5237624321386573,0.5106677809752567,1.6558458829235083,-0.3184304010594575,0.9554196158713057,0.8549536637258326,0.18864972478714093,1.4059984446770308,-0.46367216389259247,0.2257506069982388,1.2812524513561883,-1.00873660465873,2.06140553174376,2.1020842854591195,2.0818466294945592,0.3279955079178459
TCGA-AN-A0AK,-1.1702051202930068,0.25343738261407955,-0.9041571963009802,-0.7244042041269686,0.648070386422075,-1.3894836097788814,-1.2806026844684049,-0.1559559250927095,-1.2747707618954125,0.4513243076835077,-2.6166235960762965,0.12208869207139209,-0.1858887183625986,-0.5896491523729789,0.4035844505471919,-0.5506173053459732,-0.6658622913352201,1.3456357145420075,-1.698597657093166,0.7242576889089763,0.8640091846890192,0.7682692367191353,-0.9257677120758616
TCGA-AN-A0AL,-0.13792093368282365,3.6274160607937556,0.864714101356699,0.7011084908009092,0.7837640969994273,0.9966781055233093,0.5360073943600094,-0.1767918166951741,0.5509295172863642,1.0242509876729382,0.8131229952335479,0.24225259670116264,0.7344317270286466,-0.09842801015672367,0.9849176562668628,0.17897428308628494,1.9758014509057777,1.2018726984326844,1.4699521456311255,1.7848424867267463,1.2209524801477243,1.6767932157561576,1.7239902408929506
TCGA-AN-A0AM,0.9671186360261594,-0.28714925489904597,-0.08745544159267994,-0.36742402136799873,0.8720146097251429,2.4344935508023715,-0.2375612945121291,0.7613695614182854,1.2533361324715173,1.4654804133346582,0.21172580434611135,0.2974897573759756,0.2619104922092978,2.4922096509551532,1.0287944642205062,-0.4569423087524712,-0.19469987587977305,0.7897067198737348,-1.2607040854285525,1.4935965330624588,1.212979227376182,0.9502600607937226,1.2866419272290797
TCGA-AN-A0AR,-2.720266390972828,-0.8296226476381521,-2.308675868724431,-1.7167378315287367,-0.9579283157839373,-0.40444398217049177,-0.9306994933733794,-1.5032409375425284,-2.593453671667984,-1.2979161423139083,-4.142735141002454,-1.3579036621791376,-1.435498508136748,-0.30846762428674385,-0.6942050458469325,-1.9988759942569554,-1.2234883492247495,-0.7940023020334448,-1.8608876454503411,-0.8922992804345222,-0.6722262159678913,-1.3774177215710885,-2.6630738372820457
TCGA-AN-A0AS,-0.11370123911366492,-1.4233441297874334,0.8621461562921129,-0.7132487193524314,-0.35700110984472966,0.29524252906195775,-0.3082495364624508,-0.4868512737837654,-0.6500151719767555,-0.2540602096948707,0.41753624037619713,0.7824400421115071,0.3551014546910681,0.9013306538971437,0.4669341082911069,0.7959571950697033,-0.7209413661888225,0.022069684110754575,-0.06988090223678352,0.5811072402045305,0.03198992263323011,1.5213020384430564,1.5975632457368336
TCGA-AN-A0AT,-0.037279098249170146,0.8787338544758292,-2.1094497221854396,0.09293447945839851,0.776070874420706,1.9208017841557972,-0.46471468304652813,-0.9482360311751536,0.3307336465163749,0.43587502365601855,-2.081677647259833,-0.6216765363217776,-0.33057932448289573,0.43090888198579,-0.010799620676028692,-1.7634818585118068,0.40944850330332394,-0.15106275551389325,-1.6765840443076558,0.4787333716342864,0.7873359998624978,1.2302861504677063,-0.6346823215558746
TCGA-AN-A0FD,0.4865765459466848,-0.38855847368239566,0.6986960888003568,-0.34029572061184954,0.5538216629298043,-1.1875789545627367,-1.2820710902553802,-0.6895948601552094,0.7440039420131054,1.176329092156706,-0.22124282742962315,-0.29188195953697604,-0.1284615755851205,-0.742872934512748,0.528247168229857,0.5059611997118175,-0.6714745508434117,0.0946196541227892,-0.023689478316631395,0.535175484645005,0.7334858455942255,0.7913041797977549,1.1612384833374856
TCGA-AN-A0FF,0.7687453262544809,0.9950437447226945,0.0801049203849615,1.025305601568914,0.12428237370888277,0.013217446660266443,0.5480591669610106,0.041163271334172996,0.5562844766100087,0.11894403800153647,0.23887335886981423,0.7437746138022139,0.48158365848627804,-0.0583428943760439,0.5901247957481244,-0.40706382379652023,0.024439001028612885,0.05577784053235615,0.05341901674970777,0.11514376887786791,0.09866614720507583,-0.9537315089082966,-1.1099783387612547
TCGA-AN-A0FJ,-1.3221002821658756,-1.0134400453262409,-0.4718182276065587,-0.1345633993094922,-0.20493695511436688,-0.21197676786358968,-0.880615400821244,-1.2354348305350964,-0.5464812810557821,-0.3204355054350666,-0.30072774489765236,-1.0548647611168727,-0.9512279760770997,-0.32303387368585423,-0.5097974454022299,-0.40704750993740796,0.21409046490096936,-1.0421757003091947,0.8242886421109695,-0.3763932455175099,0.047225393029727405,4.093852703071239,-0.24890183953280132
TCGA-AN-A0FK,0.05667791304021294,-0.26496791683931337,-0.33043254787421045,-0.16370261175272605,-0.6411022291174019,-1.1255738725379385,-0.9426410205175793,-0.9032288925335653,-0.5177558720956252,-0.577328983008515,-0.3139340456993016,-0.7976475775154731,-0.8554093409964981,-0.30149277710695627,-0.45451436424464553,-1.0972972725952679,-0.8078430561525716,-1.7596781991992212,0.600235713693069,-0.6744907594765952,-0.6287589923843144,0.4923575367374506,-0.6805739261193434
TCGA-AN-A0FL,-0.016963211968334842,-0.44464684612459326,-1.5697346302430757,-1.3575967305782661,-0.6528914552053233,-0.45243368176180343,-0.8034405557575341,-2.310530903603739,0.5424380364131685,-0.556986921884814,-3.3994638116432654,-1.4618487783149587,-1.1759795615256283,-0.6944765094309993,-0.7619656249688881,-2.2036479262252957,-0.986818510200471,-0.7952741934561575,0.8784078837436132,-0.4511099604854086,-0.37668960390707473,2.445283056078959,-0.4758411614120043
TCGA-AN-A0FN,1.4118311614442942,3.1101258155761142,1.3007793754650443,2.0800319884569105,1.681594370174502,1.5283985681895202,1.804911647561962,0.7552812858189647,0.7498322666464324,1.3179258688350577,1.53147083636359,0.7385889522295178,1.1442349711873119,0.483159887597453,1.1300422084016712,2.275500058588368,2.3143489952508536,1.1557634044054816,2.166622238172591,1.1763057147423883,1.8659720818619394,-0.7084451287345357,2.025487172026381
TCGA-AN-A0FS,-1.7339978107802334,-0.6341062174235785,0.6667935629422559,-1.2018977731153249,-0.9383630826779364,0.6744907594765952,-0.16869671342269452,-0.7577398909340557,-1.3251197759419249,-1.183344000278223,0.37304603839772965,-0.4097661932289746,-0.02580061801977964,-0.642911844538277,-1.2829610141689776,1.3800859977505613,-0.26524319805287594,-1.3817906330052545,0.8647561080593185,-1.4014596368944665,-1.0201990939771,-1.2806767880899113,0.4971056482720414
TCGA-AN-A0FT,-1.1145805175212158,-0.3290823284536882,0.49653568984199975,0.030325600612325154,0.2646725262057479,0.3403469913739051,-0.21175636562825723,0.30267189360901864,-0.462660656201381,-0.34933238730178423,0.34204770417795827,0.08770390802647392,-0.12495815638436353,0.37022709144571575,0.7187758188859835,-0.2606410295228109,-0.5594056593437625,-0.9367686791129619,1.2070867421258467,-0.17385847614895192,0.6043449046538067,-0.04680060215016026,-0.06195385040092044
TCGA-AN-A0FV,-0.775485680837873,-1.4139961651136077,0.5670444989223424,-1.471855793105568,-2.081818310862648,-1.450161218486251,-1.870936547284246,-0.9483251661248978,-0.8018069823519397,-0.9571537488855942,-1.792353994573926,-0.40789160828518417,-0.9043034598015056,0.3262266941171847,-1.1560851850715654,-0.7862341363560017,-1.188155378664156,0.12144271398759038,0.6059447523460952,-0.9034700024147767,-1.7768477248507735,1.8355192655237043,-0.47164949291575076
TCGA-AN-A0FW,-0.40669309111261054,0.6467820179244592,-0.07811453770880208,0.2792681067513248,0.33857742664649315,-1.2240136502129095,0.24522783673824106,-0.18510469282107456,-0.6540091742787782,-0.6782873580082182,-1.202140169847663,-0.4346278240070146,-0.36874284278483194,-0.8648691376752212,0.011800002769075316,-0.5027785115078076,0.130318780527363,0.8833716814169995,-0.18937897302578746,-0.38420005416628156,0.49271040800250354,-1.7559260153788296,-0.8981968179415261
TCGA-AN-A0FX,-1.241046989615558,-0.10621601079282023,0.24716862862880795,-0.323403816404919,-0.2787831547927125,0.3595255495152885,-0.7772331121807077,-0.796751237978217,-0.5136346799019212,-0.5183649257991707,-0.3462195046257951,-1.0203026454448754,-0.8581451958466179,-0.28920918612825797,-1.0110878616612307,0.3725899343399062,0.11914819956927554,-1.121806118558705,0.191398621564145,-0.7398194509105932,-0.6150619955733873,2.1149370267418517,0.6888150643700043
TCGA-AN-A0FY,-0.23878616575720474,-0.09353511602915644,0.7128334217849935,-0.42453077994999017,-0.5760913176568292,-0.8092132383880105,-0.07989469013144529,-0.7549035862437549,0.05332926173202683,-0.38457658237419745,-1.1235831113993915,-0.6666918544221022,-0.8230514903653594,-0.8291834508637035,-0.8289722395257071,0.5548408275208794,-0.6422626779175375,-0.46812551343137937,-0.7106716831782559,-0.2843069255111087,-0.6919375551879382,1.812005286042175,0.003777530519604259
TCGA-AN-A0FZ,-1.0349206157934985,-0.10570685927387301,0.6317940904219786,-1.2722712374021488,-1.277657292731331,-0.7815982985650451,-1.6670862357438145,-0.8147804514618712,-1.3532818378511942,-0.7939339542323308,-1.1547552250747477,-0.8998264292949338,-1.063819972542143,-1.074545795273667,-1.3557366503677428,-0.2816585181307842,-1.3451682260773878,-1.2263136514858286,0.7097511482828549,-1.4156157781802905,-1.418867410930488,0.14446337150637523,0.20154001078869888
TCGA-AN-A0G0,-0.7706022859276982,-0.22541945566964075,-1.0233749517020334,-0.7265860137731528,0.3024962110539981,2.2299378859012475,-0.979485199085112,-1.3296801982919217,-0.05214376916599823,0.4344469730542127,-1.2934038430782815,-0.2066666300889165,-0.6127373130334204,1.0567915686733942,0.45422570470832957,-0.17971520278595374,-0.6289212649851634,-0.21939174659025407,-0.7549185632093134,0.2541530190280284,0.6777864718278231,2.0869574694618658,-1.1459728032859953
TCGA-AN-A0XL,-0.7744336817155106,-0.6171148145855254,0.5474619132113441,-0.002310016837073402,-0.4906194150756936,0.35649309421016034,-0.037245982413668,-0.5189641010169181,-1.6194273834775792,-0.5673001010360934,1.7418647414874797,-0.28954761491974057,0.3484826033677165,-0.7197135719862086,-0.5236306786995285,1.3282823953842189,-0.3160524079946634,-1.026614267305975,1.3359399013395405,-0.8503711771871384,-0.3450767197658759,-0.9980350605285215,0.9250512929847123
TCGA-AN-A0XN,-0.8859341854050662,-0.9818789778643163,1.2205147264974598,0.23790433773061864,-0.3209437011780031,0.9249494406524608,0.2765862717324048,0.27666137643719085,-0.3642032253193866,0.14806731605973347,0.06919867847114404,1.2687764144133775,1.3617737391458367,1.891627262744115,0.5475716344352745,2.3222665417947304,-0.934788640727304,0.21129470416989848,1.3822833387416682,0.4948278670091128,0.2616732599505229,3.1831836568660483,1.8600094798195035
TCGA-AN-A0XO,-0.7875444374518369,-1.6371407862126797,0.5342701254496824,-1.556337706290474,-1.588094565674872,-0.7489972645461666,-1.586777044129241,-2.2970492799447335,-0.8212404090412404,-1.026579191758576,-0.42773251920565364,-1.6665323166769348,-0.37309333811255685,-1.028229248709668,-1.7889676921598876,1.0009789859910416,-0.8187273354656653,-0.15969098514493588,-0.13354645906238843,-1.6255068725805086,-1.3035451719953164,1.109548142633971,0.1767313118412987
TCGA-AN-A0XP,1.1818991781021928,-0.3317947617836041,0.17711868535555902,-0.41810613455685486,-0.9810112154452723,-0.9876261988106038,-1.3956145595326774,-1.607991216835525,0.6620194598937842,-0.04883087618515527,0.34804164389385284,-0.6999509221878984,-0.5344787221927414,-0.6613818772368106,-0.4160072270616518,-0.4717515719499378,-1.2882972643944066,-0.18575443439710856,0.6915105423206779,-0.0009055051304523283,-0.7340361751137419,-0.16639011575235493,0.9961011234288176
TCGA-AN-A0XR,1.3800794047431357,-1.3969851427278688,-0.6036214752928193,-0.42048167382902324,-1.1905253170640746,-1.0365697771939175,-1.4756412306223219,-0.8946615911492554,0.813131682205964,-0.2642755513444475,-0.21939018524978882,-1.3371458647779697,-0.8337572961074813,-0.6029212433728742,-1.3619208978902952,-0.06884234290152393,-0.9379353081915686,-0.25825148848323765,-1.0898954541394552,-0.24963646491733238,-1.2582448496384921,0.09557109215355232,-0.1361396863205328
TCGA-AN-A0XS,-0.36431787768450047,2.12429738090569,0.9189758911200036,1.069092855728562,0.9293442033535195,-0.7491204995904315,0.45262054865634804,0.540571289248359,0.1391159412061862,0.44385500068170536,0.022027542420659765,0.3748678689921719,0.2843752511405189,-0.562269541026221,0.6549887487393835,0.9483639282840334,0.9201927106256241,0.5270132561317479,0.28044636047373095,0.529429172710737,0.7144271550399818,-1.0563401571591235,0.884146272218827
TCGA-AN-A0XT,-0.740027663954985,0.08243267163870986,-0.5345937934872366,-0.4299149649623185,-0.8672678224331368,-1.2669457612981685,-1.1051832696663078,-1.4003965542027874,-1.1648072817408133,-0.6096229809830018,-0.2713089116134014,-1.6568744169196268,-0.8650409008287664,-1.2041847443350748,-1.6098427515606437,0.24752728811924182,0.5182256380637518,-1.8264900356961788,1.8183901759150305,-0.8318065358746558,-0.8774031009636807,0.20910445878388,-0.936796574048995
TCGA-AN-A0XU,1.1049908661605192,-0.521049756368795,-2.017866740621904,-0.9803865715400537,1.737600668108936,0.5700036825600121,-0.060072404716182144,0.533243324418627,1.4153604949004517,1.5593761233725094,0.6121582113734442,-0.20133319594218185,-0.3309140810705054,0.7784579562367682,1.1224015134533365,-1.3591091781377724,-0.5282498974779026,-0.34081617244877205,-0.9671190661019997,1.1917346577608834,2.076264293258752,3.6900312390772227,0.4541933397775331
TCGA-AN-A0XV,-0.21178789164634074,0.970743453286751,0.5437398841451958,0.10472066095101333,0.07689435078380394,-0.48775737457981344,0.27625568732850897,-0.6081378342092607,0.6606791400232699,0.43795452049654665,-0.5579288908719922,-0.8104704253236081,-0.026679103589617795,-1.1268604942067535,-0.6098154264335034,0.7261491998227694,1.010314271486505,-0.11350355211922579,1.1247494435059655,-0.05766286838293951,0.16639641742674463,-0.7882569008821643,0.003932143672154774
TCGA-AN-A0XW,0.6064961330912126,0.21243516220786582,1.0253776665048562,1.0363738494105037,1.9604973476259033,-0.17573288186692232,0.2730733183902875,0.8798819197783553,1.0810459478114463,2.050926137108918,0.8738982973647896,0.9348337204517927,0.9453519019037009,-0.09099156204037107,1.936069292938894,0.5919214785065536,0.3103474793324281,1.8390855634876588,-0.08178829156027878,2.4036292354023963,2.2195209266245173,1.1309969009054306,2.01321825635875
TCGA-AO-A03L,0.3167938959690298,0.3201476421577621,0.7391801600070078,0.33655525954580195,0.3170198991193789,-0.3619902534402965,-0.17665200738372688,-0.09735913225255412,0.31147732580144377,0.5182781097861276,-0.8506182363041337,-0.2174187031694026,-0.25302407298895374,-0.42368300101218537,0.261599153288518,0.4717088170357188,-0.1486195942874847,-0.06968071484136489,-0.3076500431675412,0.24153423692469214,0.08438543507572704,-0.36604634690563165,-0.017775006659735786
TCGA-AO-A03M,1.3456213112314794,1.7994387295503829,-0.16903360988055346,0.9834066531981118,1.9511363582494405,-0.002518056963508041,1.051050893609277,0.3943004669108936,1.2137712774560347,1.5897916748944323,0.603555129055321,0.9212280290869616,0.611795869425591,0.749737809857375,1.4803449697717368,-0.1048950534205058,0.957276731572041,1.298292512774765,-0.6582180693731569,1.953865795206774,1.9450020720171908,0.7034328926668264,0.12714237027225725
TCGA-AO-A03N,0.14368912541406284,-0.906311511867395,0.947702383183134,-0.5863890345618114,-0.8095077619938548,-0.5368917190239471,-1.8069823986797129,-1.9897037027824094,-0.8829653974021938,-0.6385950441245182,-0.5443639485218948,-1.6537222136511651,-1.4084053985487033,-0.24990972323678412,-0.7335357882020143,0.06108932326380549,-1.2084070511912828,0.195078359229287,1.2304714184259185,-0.4510343350000769,-0.7503047253670436,0.731250656488488,0.5593987653638176
TCGA-AO-A03O,0.20496794002212762,0.3470463984159648,-2.0276134084355917,0.8386056921396609,1.0823542577791356,-0.38582031922110377,-0.01460885442168672,-0.2255826219467562,1.3225919496900314,1.3480535107619185,-1.2847676727122093,0.11816049068060336,0.05703728841706788,-0.4055699286829164,0.4044981708763217,-1.2420974000671492,0.23447624110958123,0.8900955219773395,-0.8646069785154851,1.6673650835176856,1.0728603101431626,0.752207846688218,-1.2052334298331595
TCGA-AO-A03P,0.007978342190822692,-0.22434092143632758,-0.35421095682608733,-0.6010795091223297,-0.5220385790189755,-0.7170714270691891,-0.7427489909805105,-0.7332050027687153,0.04830862437621259,0.1337543877803364,-1.0090461590283228,-0.9424755110914396,-0.6740285323695893,-0.9237941945240624,-0.6611860499816365,-0.5225746823216226,-0.8313347757859951,-0.2037293908219318,0.4902540435085718,-0.2594552629314929,-0.4873602338362944,0.6720856703339199,-1.2429625910568305
TCGA-AO-A03R,0.5181796492112701,1.637001015778873,-1.265544187843126,1.75602519011994,1.5374051971783367,0.3879286031757455,0.35738635193683455,0.16627596288121244,-0.12196477681606512,0.6555883064515607,0.953259807881729,-0.6998545185147929,0.27004319854193676,-0.1568797370840898,1.1899873223140123,-0.4568975574450432,2.3430237642993537,1.7314787050383629,0.5145297742754597,0.9692605089450805,1.9719141319561586,-0.955826268105751,-0.9582640853137193
TCGA-AO-A03T,1.3738851661449292,-0.19358472693917606,-0.9114611598350295,0.5739641065353952,0.5582034519888638,-0.31635936589318503,0.08707946832480658,0.42087538252706047,1.0128375950626902,0.5267703325684097,-0.46523967074141365,-1.1710971916021111,-0.8083281900794352,-0.9845520443887927,0.32666362720847303,-0.7499500948995648,1.2173263612477523,0.0890682785113432,-0.14961385610554273,-0.03748894222846445,0.8517555239470067,-0.4247416874867077,-0.6027676731670091
TCGA-AO-A03U,1.1770372795650106,-0.3797432535688375,0.5059942075328353,0.05767548560856175,2.3756849449710047,2.8579301885526567,3.879746223076847,0.9473484449988325,0.3220931825225856,0.16632387968609513,2.3278266241852155,1.231258557519121,1.578877537819392,3.5700192540716076,3.6593253338849063,0.6981060990671801,-0.1704612811224613,0.08176017849555522,0.08538104579103291,1.030312152047937,4.7833097198839925,0.8287249305158056,2.3668274314608024
TCGA-AO-A03V,-0.8441797040283314,0.2588490028093785,-0.24017882320155787,-0.6221577544675368,-0.43713219026612726,-0.561618331465675,-0.32296028256001874,-0.7545735544746602,-0.3168244756193881,-0.2091856809031676,-1.1801311703240134,-1.471102705520586,-1.187751416389591,-1.3326387999742189,-1.1216861484501492,0.6916934427149843,-0.19318901923685516,-0.8071430270213724,0.3259649894785722,-0.771700959667702,-0.7118091387478243,-0.10721085344140246,-0.003940282875539166
TCGA-AO-A0J2,1.7007748508928946,-0.10872174447361892,-0.8971526257210833,-0.7920935255205296,1.9595732574909481,0.33403744452938827,-0.253034628742282,0.5514935569268281,1.292672765565099,1.622681398246667,0.47951265253883835,-0.7058408769752987,-0.37712276967122116,2.4127391886214666,1.7824432943982946,-0.6426617375697483,0.25768547175019657,0.2666736440192481,-0.6068511322916532,1.7881128328129468,3.0290527664389892,0.6718215061560526,0.09874828192731308
TCGA-AO-A0J3,-0.7674931771582315,-0.850686424639666,-2.9678454508075567,-0.9145974177223498,-0.12649813677924318,-0.9880271464995467,-1.2416352931182835,-1.1631749904908035,-0.48114946196765923,-0.28610138979405847,-2.6068535262934143,-1.517615571079976,-1.343127187583364,-1.095576203607501,-0.64501949778051,-1.8373755654441744,-0.6900411554957993,-0.8776316125169551,-1.0750606978717003,-0.5643853452212496,-0.1481122572407975,-1.665545786753497,-2.893728628358501
TCGA-AO-A0J4,1.1627522551798795,3.610052200448277,-0.18836958767122006,1.295915742685769,1.0440132145701118,1.4589636812251525,1.0791527231082136,0.835139773563532,1.2521486278407452,1.6101557975433018,0.5032530343698451,0.012946480564405538,0.19700563626899328,-0.3995056419073629,0.6467726635262432,1.007241124095936,2.6747368363722788,1.1918677269889666,-0.10222230576398615,1.5016918371396992,1.1721480929308998,1.2152700636406728,0.6813771226672619
TCGA-AO-A0J5,-0.9779236540581817,-0.6759071523425767,1.0277649484105849,-0.5441395526424003,-0.4361573274987951,-0.6661775235582894,0.23914242489031556,-0.35517239260931294,-0.8721603937295257,-0.8473832002283097,-0.49125651933052483,-0.02632149819255699,-0.3636023269595762,-0.8158808592739911,-0.3115535136229921,1.4151895315678484,-0.7665156490179588,0.033168430477449266,0.5690500641912741,-0.7648918097842776,-0.6352445336513337,-1.5767609479436915,0.014019834610175886
TCGA-AO-A0J6,0.7844443442115371,-0.8436911015565708,-4.010627551731688,-0.5716753166405946,2.554160073948667,1.2082448134497132,-0.5296345755937328,0.7891224334066261,1.452085686846605,1.7234377019978804,0.7559400684045539,-0.2016167479138926,0.3211646882292129,2.790976330465448,2.5218235925266073,-2.751143511606143,-0.2571728554125675,0.6951239026911703,-2.0671666053673317,2.6881298274193837,3.6439250759860355,1.7511165569023592,1.1656187916387668
TCGA-AO-A0J7,-1.9982232480924604,-0.8806734269131272,-0.37552921236033704,-1.1278593587260632,-0.9401675006142287,-0.5508679139515483,-1.024289273761994,-1.9071316093837474,-2.326847342532408,-0.7754256470407203,-0.7836933879685989,-1.3433784186631998,-1.1434068270188376,-0.7412789897732248,-1.6379233170759375,-0.9819844083705698,-0.8621740409982626,-0.6744394935804953,-1.7937989821941152,-0.8420396389956678,-1.0031602142430227,-2.993416492703278,-1.9342365650842595
TCGA-AO-A0J8,0.6632110843051446,-0.12097230902249397,0.20713799085126866,0.6001795649424947,0.27814973638776325,-0.7420719111692144,0.5822291946980384,0.5301376771192988,-0.009099411985933918,0.578299709177051,0.45645446928497346,0.2683720792993949,0.575264712349589,0.15347927141541884,0.04897135334549267,0.49153690398783983,-0.19465728739014806,0.49653159724878276,-1.0266046708460297,0.5382884556422104,0.2254864151044786,-0.33624521048675254,0.25651456248583826
TCGA-AO-A0J9,0.5487610121158086,0.04695247876052633,0.7757063332242023,1.789335960444374,1.2217986989573038,-0.8202565116826055,0.9822921081032497,0.5434697873762955,0.3335721249073147,0.24317387051180506,0.3891519985506279,0.8374080806017771,1.0872865976773176,0.5866318123187081,1.4765518417980967,0.022012935690461748,0.7924619905986134,0.025236001135121824,1.0257201455730283,0.7884690574558902,1.5294977237979692,-2.2588537573829646,-0.24643936281510803
TCGA-AO-A0JA,0.2725753044410873,-0.6671189456029213,0.9407749609062465,0.31477822690596474,-0.07740744621778195,-0.38932334286453,-0.03055519024448493,0.560109798006118,-0.3057662505073421,0.22867046435190205,-1.237830405511724,0.554634959044735,-0.3445873121161271,1.9798209971553629,0.16981015735669144,1.352173053646229,-0.3461625957777924,1.7388307570277823,-3.9225900874027243e-05,0.21318231458190695,-0.16719223413336856,-0.9308959176962183,0.869797552021736
TCGA-AO-A0JB,-1.2908039457860694,0.44643693363040415,-0.5913999311955005,0.9328283585135612,0.10015939470210297,0.6499747360671132,-0.3396274089472343,0.08361086760560169,-0.7988529129877056,-0.6472730192729517,0.022692613754333804,-0.23603136311108877,-0.16923064354843897,1.8959388690109962,0.4903898375163988,-0.7911040430405055,1.6981421818683842,0.5687395072370091,0.15574268263074248,-0.5947846232196463,-0.07711693222834366,-0.9834847482722514,-1.1101058915546922
TCGA-AO-A0JC,2.108484692380607,8.80818251141819,-1.7857004269992667,5.498462050441369,5.31573533448394,1.4518435246701975,4.3587802258365915,1.5775151405577374,1.6325467703742407,2.0132933642338076,2.9279932919371285,0.3871620933354411,1.8868427783559538,1.863446104727521,2.4750667930149377,-0.12495782762046313,4.215158672673285,5.507599311867925,0.9036805230905426,4.924967150432498,5.117765801270366,-0.3903948831631836,0.1974387363729431
TCGA-AO-A0JD,1.368897210649557,0.054962644873090896,-2.4026944624091966,0.6538309925649468,0.4973501629048008,0.30891720395793315,0.01833971458213557,0.1658518200592427,0.7080133488241769,0.8660504030167575,-0.6415641785900253,-0.49222145284675767,-0.7166807160446871,1.1810330437382242,0.10583227606689494,-0.3900631362227581,0.37278624968475765,0.7859865418154346,-0.9003262042974027,0.8254188333792752,0.4670373844125929,1.6428785761082938,-0.9132676523121147
TCGA-AO-A0JE,0.6348053002518134,0.2851239535834813,0.9942599057497028,0.7612662047001151,1.707052676946978,0.4589404053389304,0.6212695454573725,1.1828579078408723,0.9876623830010701,1.8200313798322354,0.07047291086327986,0.7796686362410232,1.1468133227104544,2.7443600848419973,1.1135631548057796,0.4324553868625958,0.5844199667342228,1.5965866403516633,0.900794437501408,1.9752313500137928,1.5251470472319646,0.0030259748587453334,1.0699921402185333
TCGA-AO-A0JF,0.7079414308666183,-0.2529074417278885,0.885617790588155,1.0718990255056189,0.5322575403158255,-0.07429963465535434,0.8641094220605725,0.7123774700890647,-0.20875661613350746,-0.0018125226911608757,1.0459874400157216,0.9366187754253403,0.9880910662425998,0.8789005512153915,0.4848160995927976,0.6744907594765952,0.003416106524426598,0.18406231042992605,1.7510276482913338,-0.06041428183786644,0.3061138731228269,-0.18837934634380316,1.6775377803083753
TCGA-AO-A0JG,1.0929030364983081,1.9686469983746082,-0.023607049527399847,1.0817057095941767,1.7747894426783242,-0.12201102027556102,0.834849629736281,0.5013475666718024,0.8987257067309184,0.9129415953589313,0.32451821427326955,-0.18492138433271657,0.001028602577846531,-0.9652227232154982,0.7304977583486051,0.9719114470067943,1.4511912487203318,0.8163585138855928,1.5498195446856604,0.7949684855616236,1.5018759842980545,-0.8956399238890508,-0.18224941236441203
TCGA-AO-A0JI,-1.32998000570527,1.3338985330700468,-2.6216324405466307,-0.6728657654466975,-0.40928463050840536,-1.08338607133117,-0.17595669874037492,-3.0908330801823243,-0.8250043849227513,-0.5805542582893546,-1.440292135414144,-1.897196178701822,-1.2792452366806377,-1.4692754885108406,-1.538743033509729,-0.04194013301514776,0.2004479150535736,-0.9153477512180919,-1.4590057210869918,-0.3997689041435859,-0.4776198885300293,0.20176417227252072,-2.217821038410389
TCGA-AO-A0JJ,0.46003056097792744,1.6774009811037671,0.24063532823807215,1.6243344947186202,1.2090249094070928,1.191053920066013,1.5064426521093448,0.5882927044794367,-0.05161622280804781,0.8920151193096153,0.6374124538463231,0.713191767385626,0.720488047188731,-0.08142268805778091,0.9559385562454842,0.8489713073745601,1.371224343925266,0.4079906702588578,0.7921793225578964,0.6034540404270327,0.7761494030437794,-1.087425399137914,-0.03139285291350647
TCGA-AO-A0JL,-1.3737559483124606,-0.7348316781565755,-0.053873217775282825,-0.8663753038270969,-0.2873954469291706,2.1532618339719556,-1.619786906619902,-2.3408198588156046,-0.45565188976501986,-0.8924879905298009,0.06908871208939912,-1.3822570779218109,-1.0276372929357829,0.5157399594841353,-0.358944071313406,-0.43263584031772223,0.2560852158947281,0.014920719989881908,1.7730927070407208,-0.752495358789787,0.007904147754974215,0.6309650951781027,-0.25917427956730943
TCGA-AO-A0JM,1.0967933276648816,-0.5232753253584178,0.9427882976038225,-0.38337809604973044,-0.21034577410605246,0.17075504467515326,-0.5312562148330351,-1.3342220586635947,0.31642511235002263,0.6035564216332292,-0.16637070133285276,-0.00867850493357645,0.09270361629474885,-0.19208119152537187,0.023046637308663052,0.9688509424985722,-0.23153977004810958,1.7699510614737253,-0.17803263331602776,0.5625505553372195,-0.07546932198382861,-0.6672441152493362,0.3633587990674324
TCGA-AO-A124,-0.02993445949888325,-0.9927562215866785,-2.695958458186978,-1.4407106982374989,0.5107235396348775,2.728639992693852,-1.6944095463381073,-0.8161122761927113,0.44038074413478606,-0.22372528675911582,-0.1561817064024469,-1.4232108456298007,-0.7958503172525743,2.283032115915122,-0.7104575113995792,-1.6611183005843024,-0.8294926117746095,-0.40794361267935536,-1.7433522812360156,0.029609591829649416,0.005501604875024451,3.5204447064702524,-1.034056449088153
TCGA-AO-A125,-0.632935649741507,-0.9376708036681962,-4.10379519943661,-0.703869370299924,-1.8332710595112018,-0.5027472147695595,-1.932167257665665,-2.523668514098691,-0.7885564384830452,-1.1889839246279876,0.19386749343235257,-1.9628482526923292,-1.3350726558691546,0.31602382246033484,-1.4004388335550368,-0.6574951093340169,-0.42816789564153684,-0.49844165203055296,0.7951349714681104,-1.7515667338457312,-1.1623960135415052,1.7712844248719157,-1.154647724632714
TCGA-AO-A126,0.32497131656272055,-0.9241131478831018,0.5532653760662208,0.12089431314308491,0.22118762972503803,-0.9893511986506079,-0.7206518725095684,0.3752499556124561,-0.2569652913749163,-0.02548480852895161,-0.38092684743648875,-0.0097681382479895,0.29953454257494017,-0.9896404279758029,0.07723108904542968,1.0671269422710892,-0.37655595289062144,0.48130166490890086,0.6337201689902728,-0.24405445564170425,0.1774467117336317,-2.5662291777982067,-0.7047875735645968
TCGA-AO-A128,2.176918482486862,1.7293633488200273,-2.807174222624919,2.2590681416619516,5.455096516266176,1.5151265922790134,1.3839802735197968,1.3413350647276103,1.6506416538259554,2.8574175366632755,3.312285071871558,1.8721719547747875,2.3466081686398588,2.123703275786351,4.565763418531295,-0.1638502642845667,1.6444430698368793,2.9938644286131044,-0.345065844944952,5.423107644399319,6.313642214701942,0.9058562210543624,0.9736370156904047
TCGA-AO-A129,0.7714113454490448,2.847445605913841,-0.5999843442466978,0.7295292210956444,1.8289828092224896,1.3058425891871834,0.6511146627585478,0.6038955231191704,0.9848518492440336,1.6122964902104235,1.0479341527747603,-0.05875790249823294,0.42061024044196454,1.9161646867095752,1.4291199668062948,-0.47695318125672626,2.292959526274503,0.5733710438870298,0.08167807358627485,1.699471578867805,2.212755285592104,2.0924505206257984,0.27233674997508456
TCGA-AO-A12A,1.2642510634330513,0.7155820367439223,0.35761989636221975,-0.10576711264482619,0.12180540215698187,0.02735658688782958,0.7783977438063069,0.7066881614674047,0.5646685414034631,0.23819507707876114,0.3564484843175191,-0.5937930968858689,-0.3010027753149459,0.1627229534870203,-0.14464923829118015,0.49272810304382847,-0.23004003740651507,-0.33380192448412166,0.6508618637771489,-0.36586200067650326,-0.13694918040266282,0.2361529924071037,0.31845800838978555
TCGA-AO-A12B,0.9878396252123157,0.5384913672376964,-1.6394759241836934,-1.1012007704113718,-0.4098863044062635,-1.5709589891302702,-0.8049479309332346,-1.3928475126496622,0.06491587836332904,-0.4618312610293453,-1.8608599527706755,-0.9662213586315894,-0.8230367603326493,-1.3543185202168906,-0.6620152347545762,-1.027553117470648,-1.2041722217083848,-0.5475639143366889,0.19158822243270443,-0.4774338965262569,-0.571325191322825,0.43540173529735876,-0.43632456783774676
TCGA-AO-A12C,-0.5028958795037223,0.12350414700409093,1.08054334840274,-0.992877262987039,-1.1428869501842223,-0.43916475051534615,-0.9444308784082073,-0.6086057101671112,-1.1439530203547519,-0.6741802146214355,-0.7462848670028889,-0.3082246768641763,-0.9146788541570482,-0.8198269118568938,-0.7877142913114781,1.7541008995420784,-0.7170505729360339,-1.1762217900253977,1.1690141057571128,-1.1986390866180434,-1.2212776255640574,0.17408549267683615,0.7840235733640777
TCGA-AO-A12D,0.6508712714778205,0.653297266578391,0.721341254115219,1.0787095295938367,1.3547853599850452,0.008356038495768287,0.02219500460880799,0.8861209468015396,1.2845327252713794,1.9369611861375542,0.45223325931089503,0.943168705391751,0.9203360947389566,2.6413497482348087,1.239671964246464,0.18844417231916574,0.13875826615262118,2.553708493661809,0.7448398039627157,2.376072972711483,1.3302191564580774,0.049811672477646625,1.3910704903392013
TCGA-AO-A12E,1.4075233448334878,-0.2571068707522946,-0.9560853482382378,0.45011401912926574,-1.0011231460477297,1.069650165741532,0.251001189854814,-0.2833202502562814,0.39057775496983466,-0.4624210058118457,0.9178323813813593,0.6936514163204894,0.5346702565961,0.258476601634138,-0.15893335832561997,-0.20240172127540285,-0.4894788206540354,-1.62226823416456,0.2612323874287961,-0.3813372412066906,-0.9076237285563568,0.37334927541975105,-1.1169862979583842
TCGA-AO-A12F,-2.622274934207881,-0.42831257620539454,0.4070811715535239,-1.0459622701914697,-0.9032657320382153,2.617558747402242,-0.6919070507115532,-1.4595465159891328,-1.7798056340509298,-1.8222619084190093,-0.26887599803129153,-0.3728516469227883,-0.06127061854273469,0.14105623535376996,-0.6689660281995691,-0.7543408397667524,-1.042954100454622,-1.5742193685934296,1.2900752339956432,-1.0071475445299871,-0.6783442431542204,1.2967620911836255,-0.40648181587851334
TCGA-AO-A12G,-1.850072866678042,-0.026974578242498656,0.4660752211840726,-0.38353927682501426,-0.16901002061598266,-0.6374390070067368,0.21814403320464512,-0.0322652609854705,-1.4882649369490712,-0.22590370943213361,-0.728142155298194,-0.40028070261576765,-0.7928691894998104,-0.9764239305703988,0.014340168843749621,0.32079110179091525,0.3932452112366186,-0.0787253205117961,1.2398643608945632,-0.4165086146289425,-0.12183528890372815,0.11729394590003536,-0.26374335594570014
TCGA-AO-A12H,-0.6443083379406555,-1.0862449253010071,-1.5580156056881513,-0.6123996686084002,-0.932746629494641,-0.5237190569932577,-1.2142207370057392,-1.2098991050297154,-0.22230272548531113,-0.9083292304140981,0.36309208386506775,0.024921359116700986,-0.04040155252843045,-0.6322128390114785,-0.19818913284054582,-0.40042767745488445,-1.2186518988297852,-2.055533815291084,0.2997570822054129,-1.2327411410069995,-0.8872405904080324,-0.13860773561919484,-2.3265057827514313
TCGA-AO-A1KO,-1.3930877575364022,-0.7242444801614477,-1.1990215170889087,-0.5071724500085573,-0.4506383748592812,3.269834404135107,-0.46910347776942507,-1.2628723518103158,-1.1738458688127131,-1.094650353020267,-1.0364698296836947,-0.5065773110257895,0.3327639766950972,0.3553106610039349,-1.0006936448847445,0.22480232818696955,-0.38073858060678395,-1.191838779061826,0.011151208443742565,-0.742347708523672,-0.6130949111780003,-0.9786407405516324,-1.1552287010918563
TCGA-AO-A1KP,-2.339908563992376,-1.1158430031679036,-0.6460047370527098,-1.5875497928712416,-1.4439314807843868,-0.5739852320113992,-1.6571187249005115,-2.7469360156406197,-2.1478445281162384,-0.8711707924043419,-1.3310590537076241,-2.944139398983318,-2.232169035075255,-1.5029434362859324,-2.2849295658601014,-0.22358450126307253,-0.691557912580417,-0.46733823323914947,-2.291869473269403,-0.6239237550074633,-1.5490317508678952,-0.7786972993720074,-0.7949341305352148
TCGA-AO-A1KQ,0.5749568882051395,1.139650973446541,-0.05802405390395614,0.5280741167583796,1.9812383686973936,-0.7442598049025412,-0.19638247795777186,-0.08211795678550801,0.6140466620047634,0.9537482893087268,-0.3265513191822058,0.006939992307282525,-0.10266201939899834,0.7071261984052113,1.4483095773392456,-0.20175285871884427,1.23280451642795,1.0764860858404721,-0.9283224380253534,0.9835347911411442,2.1001964529846204,1.1403887848050138,-0.5024490521431895
TCGA-AO-A1KR,0.261049853961064,0.09822340882338634,-3.1753739804171808,-1.0100219635114058,1.8555652623171703,2.7760660553153857,-1.2540755021435142,-0.6769579382910131,0.9716585914707281,0.5724951662734903,-0.6236709793271761,-2.1302999015686357,-1.5296133846214925,2.090428923301495,0.507180898185927,-2.307919069979163,0.36359522553908147,0.5328915713012513,-0.504215591172349,1.0648968959824132,2.561044580752844,1.7159674351834193,-1.2286094958282405
TCGA-AO-A1KS,-1.1904043660034118,-0.3897016831810711,-0.8574308951607429,-0.11135135492962389,-0.26198478587196306,0.18206107608148067,-0.4637837107910839,-1.1328544074163767,-1.3953994047027587,-0.07957671253431774,-0.5479674511759249,-0.304731166487826,-0.32357498154925607,-0.22096766430888357,-0.6199405776225385,0.44065820540705813,-0.9130007574845245,0.3982276108937632,-0.4132611986298411,0.24277709445258758,-0.33006348681658254,0.05390950381655028,-1.0005302643824017
TCGA-AO-A1KT,0.07695263013490004,-0.32705453482662095,0.7788209568584908,-0.2600585624166241,-0.6506371675112697,0.6635207046102686,-0.07980123518384771,-0.7072524083568656,-0.42754758302738455,0.012245710617483335,0.3066885747875385,0.09562426304395358,0.14070671804137605,0.05205932603382502,0.1213273591080898,-0.35802295663769274,0.26750108927819943,-0.41056333011827684,0.09119678475261453,0.798574237802142,-0.18493719164121428,0.33750379265008473,1.4994514777073085
TCGA-AQ-A04H,-1.520420073057054,-0.04904558677333281,-0.26812935308123853,-0.28605786378197146,-0.17550375319013467,0.3840686191240525,-0.23069162092957313,-1.82818524238132,-1.7610456943162607,-0.33788289319328646,-0.2613060025713618,-0.4239885961621648,-0.15315988592805596,-0.7722639524614302,-0.7824712436787191,-0.2489976886596463,-1.0846975465262059,0.028635141633881124,1.1078967946448304,-0.514347546325059,-0.21159054901349905,0.12128638648841283,-1.1826606561657125
TCGA-AQ-A04J,-0.09514675564191256,4.832721783157049,0.13533406820316052,2.4957173501111245,0.9569297687031558,1.747690173615407,1.7056159727000741,0.7408056285912986,0.7428470990663705,0.632236262047105,0.9366284758281889,0.36119881137768683,0.7715211245760364,2.5044842889742593,0.3127618927281562,0.242771372556849,3.0721628442928965,1.5687005709335464,1.7371637402551043,1.5040720570962898,1.024779262363522,2.50362385584116,0.22704284978275127
TCGA-AQ-A04L,-2.249304665944874,-0.5481302814293454,0.709302856498811,-0.8979297862284061,-1.1029320737425863,-0.4213885467617796,-0.7470413891749654,0.1189556071429829,-1.474477888199065,-0.6779895794840828,-0.39727946273998804,-0.6369314819860096,-0.9921717903223501,2.269925675371903,-0.5213760969700927,0.11968857081533975,0.44203746724479703,-0.30898212642774814,0.23688187866390575,-0.3992683882728978,-1.0307953526211087,3.595566739735988,0.1996899796901131
TCGA-AQ-A0Y5,-0.4961735273979567,-1.6052421397165353,0.8850136712184459,-0.4449422127196746,-1.3921522146218976,-0.2337054876071935,-1.1712875282881199,-0.7179745172110049,-0.7091793093545268,-0.5674571353561063,-1.0027086952930933,0.6190316308904283,0.5536091077235924,2.139466313380826,-0.3741900513296567,0.16540388872222653,-1.1598008270773879,-0.4290503976393136,1.490822235471067,-0.7560194137992143,-1.1699224641552282,2.926029303725152,0.6280424815340881
TCGA-AQ-A1H2,-0.8241462293955178,-1.068135199800721,-1.7846231328941315,-0.02860812586796381,-0.30123342483577,-0.6389990303420277,-0.9423568360482348,-1.461459987993393,-0.2688439646179237,-0.13109875885596364,-0.6391701753175041,0.17775693146817081,0.24605227507556696,-0.5902107012686225,0.006567040056850813,-0.8189359069868881,-0.9380544429080426,-0.2740743851017494,-1.4691169044201684,0.046798364695626336,-0.36425373372060577,-0.14877391745175875,-0.9957320004969596
TCGA-AQ-A1H3,0.0619096624932395,0.651931622154436,0.4522404691112398,0.024435953606162603,0.2564700906735343,0.18156016963032848,1.2818106253651194,-0.6155415052960425,-0.4569921932178359,0.0952309808478322,0.7115577921302308,-0.493015150399523,-0.26748240062422013,0.2960004688366542,-0.39950107208535524,1.0086442193788163,0.6750037972477398,-0.06363092694596953,0.528643830469636,-0.20781114253533284,-0.03541427310689645,0.035302519987675716,-0.1779344705855759
TCGA-AQ-A54N,-0.7199338990552518,-0.9336769969725698,-10.0,-1.266429541448815,-0.07404665331449448,0.3797890477833684,-1.7949513171457512,-2.514451537858556,0.35461102293953217,-0.3784520287046704,-1.938108448581172,-0.9721098419924232,-1.1571772957783006,-0.31412268724962844,0.021886093127711264,-2.8177964910632967,-0.5590661348838953,-0.942833369645007,-2.668951579140949,-0.11419357521780309,-0.11205681841968242,1.370938954201885,-3.551013436208022
TCGA-AQ-A54O,-0.38411169486136615,0.5129695828419201,-0.47716879538721807,0.8053810889810334,-0.06754939819585243,-1.4613447617869053,-0.2680518200601765,-0.49170503609006505,-0.20194042677585347,-0.2279116173352414,-1.13725166777572,-0.5581829273345613,-0.690209378645352,-0.6078273920309543,-0.012935419889543514,-2.162293004826082,1.2477147005104279,1.1621781684525119,-3.2436341003313487,0.06250312588758514,0.09481186699002643,-2.51834838419215,-0.41926519608235246
TCGA-AQ-A7U7,1.9324371814614536,3.9242458590207177,0.6344952845361759,2.7004325155904647,3.052396117826992,-0.39751628784263365,2.3580240137096737,1.3086504057849166,1.5961902639918106,1.8260872585704466,1.4372367672099624,1.246575649281514,1.4971544949417008,-0.23463223671284195,2.027103015713341,1.749085245327493,2.745765289676278,2.128711652486096,0.976937170250272,2.2822240729279204,2.3756861590125555,-0.7158472801894508,0.9046588563104204
TCGA-AR-A0TP,-2.0499217165918884,-1.2310247605965494,-1.2488507726530353,-1.0210623919501072,-1.130058161704759,1.4610992852755698,-1.5827231523907739,-3.6723326603561177,-1.1265104603979632,-2.0146831166051387,-2.0730415228289663,-1.0211302307313537,-0.4625925230849875,-0.4120256624285797,-2.0185898980142913,-0.48965084936473646,-1.0467167745488808,-0.2382138369113929,-0.337979885463631,-1.9788769334230119,-1.9038351166630614,2.6541077248270812,-0.9375796561022064
TCGA-AR-A0TQ,1.1189238841034992,1.6111120094566747,-0.31655311861491253,1.4667143246955952,1.2850043541085352,-0.14139377231329894,1.0821592790416694,0.08100423188580222,0.8102157678600684,0.6628823630086534,0.5320730877502129,0.6511813244700426,0.7975303923114025,-0.4383249286647588,0.8641153188440988,0.5289641826367228,0.8262857556732406,0.6774183437759697,-0.2717456114363973,0.8481941733137729,1.3964089104017317,0.44200336478975394,-0.5760684167647512
TCGA-AR-A0TR,-0.9639081014156676,1.7159263483665241,-7.388630612436434,0.5986801796874861,-0.01647304306740503,-0.8615854607693548,0.1322707555844116,-1.5873986810189042,-1.4955444511383793,-0.6156287542045759,-1.0131208877559617,-1.5117484761717188,-1.3490785174096755,-1.2380807473125948,-0.7529566830504711,-2.555918828939644,1.0176913193099062,0.070532697335653,-1.9509357318582912,-0.20182648504365666,-0.1918517558265222,-1.1075004621989264,-2.091469721352839
TCGA-AR-A0TS,0.39125628475361574,5.8986931168407875,-0.5288565082994064,3.3765572550443186,1.3157848038566946,0.5903118522668563,2.5524183673069776,0.9644575082329977,0.5087824902103701,1.1474836923255245,-0.005024899124618797,0.7140756049528505,1.2077617297211962,0.9284259167776311,0.6412685380141955,-0.8317903138695294,3.3188825324157785,1.3647327929954658,-0.28904683039555107,1.5831480900530297,1.0008218770236523,-1.2744414991687194,-0.7512764640219358
TCGA-AR-A0TT,1.4335024570103185,3.6641777437186054,0.33071751240350883,2.6094992513035495,2.414006803646424,0.01750857237766352,1.9841350392865773,1.220581009411842,1.0709590168499983,1.9455646071216608,1.456205836014697,1.379223563864622,1.3121670715661078,2.568488912733717,1.6512049490381486,-0.12814429736953,1.7230621609240528,2.2859735612996013,0.1135849049394732,2.852554232467648,1.8740472826734083,1.3427915949665703,0.5708371477063674
TCGA-AR-A0TU,1.263802381362449,-0.27268037110011223,-3.8494170374773224,0.020986003084991007,1.9435420027954484,0.9242252561853715,0.21901985186614015,0.4754322727996133,1.3619424875689439,2.1431372735522722,-0.40167687241659805,0.5600299910577885,0.5719163945490232,0.9843177846232679,1.4332434787757957,-2.679679730427044,0.08528062132643054,0.9252413925150985,-1.6286632934168852,2.3876626644646697,2.4000988515436967,1.0408608073719765,0.0818683951425709
TCGA-AR-A0TV,0.8236719981661725,0.49034254460759735,-2.302953479692392,1.2420150515054427,1.4081448755614632,-0.31063978017310256,0.6744907594765952,0.6067856498362161,1.1692864675516905,1.2627892872166127,-0.5548460703923535,0.3739766183312511,0.0986796962046032,-0.09142860683825152,1.0918589166817108,-2.035722224027451,0.7868520785279515,1.4867798564941068,-0.7159770664208162,1.5617319489542543,1.4509697681304279,-0.9418670892230216,-1.412924728613115
TCGA-AR-A0TW,0.22000800855982341,1.3758681980268466,-0.8819280063842169,0.32447767599558197,2.366288899040895,-0.707383794549824,0.2325637300241774,0.755022731735793,0.8215046219876084,1.6023421758700473,0.6834588876589434,0.6753202473733623,0.16515348720052905,-0.44640652857833035,1.750800090590361,-1.3560357419948406,0.2657283620697203,1.6620818826378385,-1.3298799711822775,1.9530433590043006,2.555487565154653,0.45003494728368243,-0.4041282343752757
TCGA-AR-A0TX,1.29536772388595,1.88510224424851,0.03583035439483597,1.296390671738785,2.005229482776465,-0.31885286597834134,2.068005308783146,1.0331518287129118,1.2185934226463921,1.5577562765542043,0.6142384629527576,1.1720547876431242,1.18894188551156,0.5435338769319774,1.6380508324318823,-0.321434734166962,1.1557792626233117,1.7449758914037858,0.1986996388888504,2.0890983462920594,2.2183458516430568,0.31508010295798156,0.12452228778962844
TCGA-AR-A0TY,-1.4907592496810218,1.4326330332644053,-0.7132178372020069,-0.7622294395874676,-0.9165087547632232,-0.4144923296452316,-0.5211191849288614,-1.510356790682295,-1.3771122390881685,-1.174682998533659,-0.8628837663523613,-0.7324657510016038,-0.6593866197497549,-1.0646254643411914,-1.395858681059147,-0.3693794378382635,0.05611107948367279,0.023841647028230467,0.1104209730460309,-0.653006564712023,-1.1002446653187221,-0.40899794138413414,-1.5270531440118988
TCGA-AR-A0TZ,-1.5423610193458954,-0.4042480430494751,-0.7101723780082027,-0.27795770730525954,-0.8127825857143369,-0.4025608554561489,-0.6923498070733657,-0.20568277626958184,-1.3881041925747197,-0.5754749296759197,0.5575078573527454,-0.5989396762838309,-0.5772401400194576,-0.3743537102837784,-1.2172329581231274,0.3945855777722413,-1.3119121440695345,-1.0688802955583758,-0.8562009168902371,-0.7777325077130309,-1.0314204159854203,0.12701453852096167,-1.3842912211664378
TCGA-AR-A0U0,2.025058249668739,0.7352966392034586,-1.7719015569127408,0.5675086829924924,2.9834665593418355,0.4065109591110421,0.28991445837878305,1.3022525768654893,1.8070377786251648,2.3337677101100196,1.2935328461025635,0.8154636241153869,1.1094026490514084,2.14612127631596,2.6012641222395083,-1.3357447997848944,0.5312882200794042,0.8970022738036624,0.1881392758764029,3.514057885324491,3.753877415529731,2.242220737285056,1.1050571734341494
TCGA-AR-A0U1,-0.014877549437012609,0.9792423483422367,-1.2215736944486038,1.3286742053432061,0.5389696127769937,2.477337667512352,0.19585370039702268,0.24669109179951967,0.2140492658993348,0.8341726272806933,0.06573360181058509,-0.31826217026416403,-0.4775946864828851,1.4746877103307459,-0.1994949228843337,-1.7444168742542485,0.2985703565209161,-0.2675072225776895,-0.6022754382832254,0.7812450302697456,0.49450511807281994,0.7702105888213561,0.09839921180173854
TCGA-AR-A0U2,0.41763011281816204,-0.33206593257899003,-1.0057389968577888,0.18734898384012935,1.2046407847003238,-1.57266126551076,0.013936782380279157,0.43865743077794145,0.3507875987408548,0.7620447304621903,-2.0457798900907203,-0.09368321584256503,-0.5278456760441029,-1.313790465169861,0.2945744146409298,-0.8190141092604679,-0.6853282105330387,1.5270410165909887,-0.6391625691810005,0.7443800596578368,0.9429947354331037,0.5737269557935213,-1.4856475602519315
TCGA-AR-A0U3,0.8559912448163701,-0.32247090162705006,-1.4457260534906415,0.1722990105980671,-0.24895478157572706,-0.7388034707629844,0.1622506009413762,-0.33436384847345735,0.10513997618577979,0.3989734909800504,-0.6891809327666482,-0.7053308625278942,-0.8009198096079462,-0.40580155954855407,-1.2957962462071875,-0.41005532898492075,-0.2547412849117328,0.21583370631599022,-0.5064013528049875,0.08099981490644591,-0.6380319907340194,1.0813748306886448,-0.6439470226184122
TCGA-AR-A0U4,1.067384475696221,-0.03900404014403166,-1.152676995789724,2.3697513497687903,0.6768485660875135,7.137868203910525,1.7102067073953282,0.46751759607438526,0.91300681498812,2.01742446971616,2.60919304925192,1.253661086938782,1.7152909115552402,3.773833614609055,1.3227486736424503,-0.08637240397126626,1.159958603370762,0.7578094628132097,-0.33580705051915194,2.1807553047490638,1.6099528789592104,0.9850535559157158,1.7404031329817502
TCGA-AR-A1AH,-1.8771391033738851,-1.08648400226557,-1.1734757989765228,-1.4285736980531025,-1.613408170499475,3.8739248299294533,-1.1312026380786875,-2.193668083830102,-1.94833025189919,-1.0638340159374693,-0.6744907594765952,-1.7541689152826294,-0.907953776787817,2.500732184721844,-1.6619138533612707,-1.3776648419645845,-0.8138945792169648,0.2848284126921583,-0.11168721210491199,-1.1257899354869816,-1.1416266094308831,0.21068187309001352,-1.8570029479083567
TCGA-AR-A1AI,1.2327911609139384,1.62714368136897,-3.303135803123791,0.7516316605275943,2.5453136485514887,0.44235153579262204,0.8245957847008324,0.9996119572150093,1.3374426901955838,1.8197922291074085,0.9398817141205806,0.9987855333931897,1.1422681216578614,2.8320195167761346,1.7386479014245664,-1.8936341383277535,0.3572208309662299,1.4904936882602593,-1.1806667076569999,2.7061357386257114,2.7700843312017662,2.7909020362157753,0.3269395213326018
TCGA-AR-A1AJ,1.8731915468543605,3.455423061369151,-0.44077393177357616,2.3726450911913606,2.8857365256056595,2.4804039545906673,2.915713977845283,1.1000546226124195,1.536623366434575,2.337663137376789,2.5886989419561357,1.796670782100009,2.794588207298914,3.254512751026641,2.283710585666981,-0.41908564871571835,1.8525869222351383,3.129193517630714,0.22979377951164578,3.8102344367474426,3.1001547712007644,0.45174536608052496,1.8415903528356843
TCGA-AR-A1AK,1.0887398423838224,-0.3672840480999773,-0.6175374886200053,1.5346340521117754,1.161677293314803,2.0361045804403735,1.2047883129560204,1.0099132743311503,0.9044196542665964,1.3332553036460235,1.468182078800994,1.297222190918797,1.493928069717894,0.5694967806384913,1.0789511837494552,0.39708745432758014,0.657114178257343,0.5057778830056159,1.0696654679404611,0.9160004805612869,0.94796141467248,-1.0949706111648838,-0.39409859107347334
TCGA-AR-A1AL,-0.4593688955008033,0.4014127650650963,0.5711104678642845,0.19804584846739395,-0.24368365720000917,1.0193673310532483,2.2660707255029,0.33831168970343084,-1.0939117614973346,-0.5606557098800665,1.6461405072401043,-0.3807048257565669,0.2881906759026934,0.1620858187416478,-0.757740618581887,1.8626939888358625,0.3486274472214275,-0.4660511870324753,1.2719919515616402,-0.5323556523991005,-0.45615325281244296,-0.5907098030390482,0.7263810650238034
TCGA-AR-A1AM,-0.7612521685686281,0.3996242156475712,0.12124111246917228,0.6443343020154259,0.2632208521135812,-0.24089262832478472,1.16129311296134,0.29905584827043286,-0.24649621929958543,-0.2811814879661027,-0.1389377606818608,0.2137151729612473,-0.02943843195675834,-0.9273399089962847,-0.19637923945199884,0.6706661761127533,0.11748202368803358,0.13021700397384195,-0.4373002958112872,-0.29935331927534586,-0.18550341854720045,0.18177739087188413,-0.24661590740829548
TCGA-AR-A1AN,-0.8787860342959435,0.4023906895158211,1.004243058265109,0.24466181904040118,-0.4863457878647757,1.3759535071938427,0.7047677452199609,-1.4770256792109429,-0.3616056266658188,-0.6541227067732056,0.6618578992025522,0.23114222469843448,0.4342791243576275,-0.08157987234120052,-0.43820741290362974,1.158580726954111,0.17134066104510762,-0.5957154682301884,0.2808982498629613,-0.42789593054333397,-0.4120642875365063,-0.4650329081978055,0.31642910776786376
TCGA-AR-A1AO,0.9391486547693455,1.481515787832649,0.6302065447427329,1.719508459433379,2.0112998726763758,2.7617450866504925,3.0950448070454315,0.7599727886020475,0.7698299383714733,1.295742264117319,1.9696866874323582,1.9802265137020205,2.7960374967392543,3.5953012969571394,2.1236029932071,0.4499959041717074,2.034698766241673,1.1771505775587987,1.0026388980715557,2.000908109816432,2.226586381032541,0.03543787722256633,0.38947435509922174
TCGA-AR-A1AP,0.2632989525769898,-0.7432077845733762,0.15007477943455724,0.11267138521170869,-0.09788760957454828,-0.09378230205965878,0.42187655906823424,0.5991920609196892,0.3574314117557167,0.5860961035961688,0.6851937503211304,0.5676035145027043,0.4024988868177905,2.233128968655631,0.2089154643807731,0.3352270060737609,-0.1674616945514074,0.15574496864572482,-0.6543210940002958,0.2494505849691387,-0.08257655399900567,1.009963421845226,0.461301697187133
TCGA-AR-A1AQ,1.612502945094152,3.015501283599747,-0.3456639340019374,0.9050667864053773,2.4310131072750623,1.6420613449844244,1.3778143177618747,0.5836209826103663,1.4419741025201245,1.9038127655735253,0.6412429746132186,1.0461349075467885,1.1365965815701815,1.9035899712097009,1.8934525543488698,-0.3479788356995525,1.2790911430687364,1.6533868002558925,0.06186738443987792,2.6216737817959554,2.815744260874857,1.8369248347685785,0.2636644158969279
TCGA-AR-A1AR,-0.2179128399269907,0.7864061812338918,-0.15255069609671143,1.5689526965666225,1.4841850788233542,4.358662100400559,1.8029942780551815,0.6322755444403103,0.40095215795228833,1.364500847249094,1.9809632943369448,1.305121083029027,2.0789999492729025,2.212524194517301,1.3402532477144158,-0.15853408026057747,0.8307378440933316,1.3481485759582565,0.4442120358352114,1.6801274381792528,1.6729398349997096,0.2807185414574728,-0.15657705808503397
TCGA-AR-A1AS,-2.565874354325635,-1.4269960910787445,0.33003213989838875,-1.1337998738680968,-1.946414964487993,-0.5225107037948283,-1.1932043267793944,-0.903569572775595,-1.7012595152081877,-1.3200750044051246,-0.22231967212071788,0.02688686488758096,-0.5135519116104418,1.7344929983356043,-0.7068425886508571,-0.13269346686489458,-1.4789355495163055,-0.7570968567812155,-0.9403249910121954,-1.2153939397865237,-1.6816864560586982,1.6371098033394278,0.07719109212485852
TCGA-AR-A1AT,1.560837397961506,1.239645474268039,-0.255953991391776,0.9750986120757438,1.9142321093262011,-0.3224317633005166,1.554211175653198,0.37954980164225466,1.0626164899458315,1.5008236291241148,1.3927809891792924,0.8030089903565981,0.5404978224786188,2.049088829145735,1.8586099821703848,-0.12547496422003546,1.1826533405922872,1.2338607384458935,0.9365382868864883,1.7131800525115184,2.2796734460368895,0.8920180617520707,-0.12996950688161676
TCGA-AR-A1AU,-0.4166397301267029,-0.2554791893690512,0.5382283247333339,-0.5664337447257897,-0.7976037504217465,1.2282434817658499,-0.7627044257649775,-0.5575980370945487,-0.563358405430659,-0.8584578929701808,1.053100690427686,-0.0502757486784665,-0.14136886552277803,0.30892942901090464,-0.8314915940288268,0.041396460317680184,-0.44468526679486753,-0.9705674832954013,0.1718466076050767,-0.7829815778927677,-0.9239303808366582,0.16459018070534112,-0.33238438379266
TCGA-AR-A1AV,-0.156054091914158,-0.8920367949008163,0.427539058393141,-0.6314644354737141,-1.181307819378693,-0.580550826972234,-0.8627677887499408,-0.1562377345257613,-0.8092356086792913,-0.7223654784283823,-0.481738427748446,-0.3284891790351609,-0.9158803390343219,-0.4711264185812011,-0.822722071892547,-0.4072116498012804,-1.5036429738362915,-0.49456591537459027,0.05374149593489034,-0.9148863433046966,-1.1665747281632768,0.08035229194559068,-0.7554523730751852
TCGA-AR-A1AW,2.0052711195638193,6.540130998117865,-0.6490863176863615,3.6465964558990023,3.863762167535879,-0.30245359512478587,2.8556526699761102,1.4109311910514921,1.557040725608362,2.2302379601062206,1.6257256556263802,1.431513253509966,1.6114151108681032,0.28782037493856066,2.92817372144506,-0.4486593000020296,2.995626108535415,3.2793547415592443,-0.380136951805244,4.256670748305202,3.898823027030071,0.23414403592189784,0.8287846182062211
TCGA-AR-A1AX,1.7104082882091338,4.520764030386403,-0.16457915606295676,2.7789922672046283,2.442076377300808,-0.0847185943160744,2.078013635809602,1.0406049106667277,1.3183296582987418,1.6194987617376408,1.2359266143477396,0.41429825064685577,0.3441505923164107,1.0173216805760383,1.3794176772472324,0.08832361701749056,2.9543799792168377,2.064336217275252,0.2177226824395571,1.8854749470307548,2.059001892533508,-0.9053456738788661,0.14328443405195873
TCGA-AR-A1AY,-0.3055110628495874,-1.4304639483343182,-0.8539992873230249,-0.7360291045864824,-0.6990324309343925,1.5828629850318743,-0.9410275367839688,-2.3887593939610943,0.22648847515164913,-0.5722370546419397,-0.263324915797468,-0.7917474066564466,-0.896183645902151,0.44016839368816,-0.8881790588017431,-0.7127268228366321,0.10957034267631646,-1.566836596684302,-0.8572619387931206,-0.6896090417946057,-0.3555009366932089,3.389797799970147,-0.5499782500022214
TCGA-AR-A24H,0.07093705627174383,-0.29955303199198663,-1.9233246386465435,0.4649512288306756,0.5195888649786137,-0.2638844644547133,-0.27070846724963604,-1.8027669986828452,0.7104094775873229,0.42903869366755243,-0.02054359385221238,0.21272475852069075,-0.16556504460131694,2.032657400095443,0.36576368659398667,0.14096076063157806,0.061158794084381365,0.23931582909830348,-1.34607833381781,0.7901214822523943,0.35124698121764153,-0.5270699599617741,-1.9939162090501927
TCGA-AR-A24K,-1.0064034573122431,-0.6323339641496095,-0.649265703418104,-0.980179184198708,-1.1437626549075282,-0.3754118955346927,-1.729887325570308,-1.802240458541899,-1.9534130165182155,-0.9085387585799992,-0.5844873425034743,-1.7146218652110814,-1.3891395466088203,-0.55374152590606,-1.4088777449104246,-0.4958493607365636,-1.1484580725439058,-0.21256959584222335,-1.6889554085222995,-1.2319905379535174,-1.4468840601548503,0.274643643056139,-1.253178949806589
TCGA-AR-A24L,-0.5109880549563836,-0.809033930890305,1.0723095859837208,-0.45504082737000356,-0.6634809546179705,-0.7835609169172871,-1.2493393204809193,-2.411687334720622,-0.8700919812310949,-0.5253342483259368,-1.2008988251990262,-0.6263462704489431,-0.8597527960679855,-1.03786284211125,-0.7898481614404846,0.6629065735639738,-0.8135774147570186,-1.0918933623044857,1.0886561886629982,-0.7351107842786572,-0.7580269581842665,0.051480499837220285,0.6633612396678765
TCGA-AR-A24M,0.09074507410244917,-0.8801559048578947,0.7482228589260045,-0.28623116745364446,-1.1246402602978516,0.030270706100726855,-0.10964823710168164,-0.4624625964953142,-0.8906159473996313,-0.7659929116473513,-0.7205932908100319,-0.34568507045344765,-0.51651039555731,-0.020843262910461093,-0.5430808235262323,0.30026937762232303,-1.213167883885347,-0.17500967466162504,0.2856712026224067,-0.9184511290018058,-0.9816893097590107,-0.44363290528910493,0.8093058373073606
TCGA-AR-A24N,1.4453296162314346,0.013475488663200403,0.42473509832992035,0.3161305547015879,-0.4711570434564638,-0.6110781132837767,-0.8774250137532995,-1.3134368375037682,0.7141721714253788,-0.1458781356999875,0.41280240171788224,-1.0169456473570915,-0.9701801452830019,-0.9091949090010254,-0.3966587097061396,0.8563868102238081,-0.5327348701591547,0.2134166199025961,-0.8951451928419973,-0.35548026803777016,-0.35432523587570025,0.419926137092951,-0.15326749593431466
TCGA-AR-A24O,0.7238108345039672,0.6553733108167665,1.0135245698394864,0.9886233195724745,0.3550223606625661,1.174019534094531,1.0279102987290232,0.4822087782783952,0.0022589590695548567,0.4081350960869153,0.959724552735927,0.6034639213891507,0.8626743468530478,0.3201767786651573,0.033663432417181026,1.3423056869013688,0.6153487367463469,-0.07489380490227816,1.7104835054872511,-0.02294026449515731,0.14234689084136648,-0.011336247018201316,1.87713334695458
TCGA-AR-A24P,-0.008195779291351655,-0.22687515570129044,0.8420573200192655,-0.03297584642922336,-0.7311498221083642,0.4673208646582959,-0.3954395610068114,0.03835310814430857,-0.8052014094280685,-0.33106292521802944,0.46624879674794845,-0.19729433223333337,-0.36489702729884954,0.24480264617679803,-0.2774986880771386,0.5387518130504196,-0.6051950147603002,-0.06847965530396483,-0.1398850008340837,-0.5039100407299639,-0.6526331425156701,-0.14765452472286628,0.05985371289542725
TCGA-AR-A24Q,-0.19282001996117942,0.9800605677963686,0.5173903049472025,0.01619125214293258,1.1370281005712821,-0.14624895039308758,0.4230429704897811,0.3599418085300352,-0.045368032400294876,0.8491289895411526,-0.5312133420780341,0.2171186189883954,0.18174056204598085,-0.7915303383910006,0.4396393338307442,1.0744382212551122,0.5890596564049329,0.3582618131252862,0.21159560379644263,0.5487391492315532,1.0721950305088241,1.8002092528041465,0.5586506809339452
TCGA-AR-A24R,0.5516625837363417,0.4102865692157279,-0.1028424512372944,0.9128656868415506,0.5578127593630062,-0.6648217137883762,0.3159672002306713,0.2641412560175966,0.16451318183337862,1.000564756713288,-0.5027876123476003,0.04675920815550635,-0.08260705528138801,0.018925731758565368,0.2764889484386659,-0.3128008879659863,0.04934076956614743,0.6482049990257195,-1.8053849283489267,0.7498651082282666,0.4865203746950414,0.29369250239943806,-0.8216844806962004
TCGA-AR-A24S,0.3350201236306182,0.603414965862,0.7352962065737797,1.294787583377048,-0.19242252376124103,0.5366765290614094,1.6114534387959594,0.32006932559721124,0.3420286772876962,0.7921495325520203,0.29903137706055216,1.7066287897916512,1.6906837543279787,0.5982540564365145,0.7500730197494222,1.0870191325843404,0.5522351222053571,0.6989797004171542,0.41722682258077565,1.2686682178854043,0.022485815474928374,0.3020633465587765,0.340566462130332
TCGA-AR-A24T,-0.4482996726308355,-0.23080410150606936,1.147306998408353,-0.15408135075803245,-0.22332319032460957,-0.3371682303484582,0.21489513508515815,-0.22385408074728194,-0.9300525599272583,-0.219159596458155,0.3803248128322847,0.5184099553551607,-0.21135471320823615,-0.8222329265972401,0.2533380477377806,1.5041318833490456,-0.5412310927981959,-1.138545314130003,1.3700166683906434,-0.5140631776051096,-0.4283164581193748,-0.24889292812835626,0.9064969571813221
TCGA-AR-A24U,0.7491251112252502,2.8933124639410317,0.2571572114319886,2.00135440352305,1.2104070497733512,1.0938291033013054,1.6405625956856644,-0.05075644089905083,0.5842586763643354,1.2553678892176179,1.4660454803292995,1.466444465726882,1.9001328731463745,2.53219685140856,1.2794966172959603,0.5500494650452089,1.2766377122173436,1.8987342463532675,0.1621202298293934,1.8621726368811433,1.4450947462674024,0.4417744290238736,0.4643269555149682
TCGA-AR-A24V,0.7668068848737616,-0.8930548990719199,1.0358300351863416,-0.2677496636809305,-0.5881896539619783,-0.0649488963688696,-0.7175101127503422,0.18707814569816603,0.14505332921525738,0.2304756717715455,0.1528180741884926,1.0691928216785074,0.9646717134981256,-0.1897891603459728,0.343221777885323,0.8071503056860942,-1.083485149258261,0.2976791977304167,0.5456126924988215,0.3933816776496074,-0.3109958342231326,1.290096939828924,0.7706051759616924
TCGA-AR-A24W,-1.325458328856433,-0.38626199821848606,-0.066596282004368,-0.9312959135510557,-0.8934594728960844,2.7010266465446118,-0.04484194222719398,-0.5933276058319603,-0.8452132985338549,-0.9139773702774315,2.265799767850317,-1.3552339428521436,0.08510908513402149,-0.38378689605001265,-1.3660672524570645,1.0854957536080578,-0.5615067294746624,-1.3498530933392532,0.41823909913405083,-1.0972530736292743,-1.0409091870029685,0.08275039798672161,0.500082599604987
TCGA-AR-A24X,0.001973602821924167,1.249476338494578,0.48432187379714736,-0.317217052025007,0.05705727658624954,0.8883756844409267,-0.1587658417049016,-0.30737465844311357,-0.5327263224014582,-0.10429195541483535,0.9786386944134624,-1.1572040734335711,-0.8008779140394134,-0.5170460409590066,-0.8104321214107632,1.2884088077060791,0.7149089074699774,-0.2852052098482407,-0.33272104306031147,-0.20550039601480613,-0.18976398491220986,-0.4003459235291219,0.18595763939394033
TCGA-AR-A24Z,-0.6523075009864048,-0.9392356629840922,-1.3279048212838394,-0.14371261781291575,-0.7705270208260089,-0.22501597368691464,-1.409864981622741,-2.2946228180335804,-0.08231303570419259,-0.4840117338390871,-0.6682151234079556,0.006727958441992591,-0.09880564440997736,-0.043870008524705795,-0.18575440883022531,-0.8266047299250161,-1.4719752999332598,0.008881424531612715,-0.46362836383828593,-0.17628598065599918,-0.7315686709390072,0.7320084443266799,0.4796923435415282
TCGA-AR-A250,1.0147432387713298,-0.28947244046452164,1.071828751620033,0.5531671560579308,0.0772890456357244,-0.171161844559619,-0.2593556288606807,0.3531527174066267,0.822627597299901,1.0044476124409838,-0.3572488296723828,0.8756304149446845,0.4093397832626473,-0.21368366257622404,0.3680529418622901,0.3057803464110981,-1.076683790883597,1.729577534779827,0.8532438946283027,0.9892458828255534,0.15732838039893013,0.13230383707536056,0.8838259666138464
TCGA-AR-A251,-1.4420323075670773,-0.14896323737794073,-0.35263657148518895,-0.5192728064299077,0.23612544238981173,1.73691358129151,-0.29707219037977006,-0.6030994782685956,-0.5632859540063796,0.24606454151063714,0.7886154782937235,0.09620873418898007,0.5538989062670714,0.16512381536146678,-0.3574966945413142,-0.2874115836186446,-1.2211906924982157,0.6311751286408496,-0.27793974364728485,-0.09469385298396432,-0.18546743222237283,0.4758873065536023,0.09299868213069533
TCGA-AR-A252,0.5759717327766977,2.522457292467996,0.20036743321734243,2.5200171824663196,3.1961607341491027,0.7950268549995837,2.5672907662188407,0.8901467141050087,0.89876778999824,1.77075007371399,0.8415639912867175,1.4807840195520876,2.093253536214059,0.08041889583787558,2.5740992297875054,-0.14930028958124208,1.3529474219589015,2.5532118689988916,0.6014441778425448,2.49935508159307,3.6164470133126656,-0.839600254100639,0.27291832110326053
TCGA-AR-A254,-0.014419091228820374,0.006438294582118191,0.7851261946606687,0.8802836462847247,0.9247981320743458,0.785306874304713,0.7385556428347493,0.0,0.6171659847328275,1.3481252338358276,-0.013009565695461836,1.6003072203343016,1.5601070922924831,3.1248781936771888,1.0410919199424153,0.22316224770118845,0.0006440077714328319,0.9039345845228839,0.015235802092298712,1.424762516035655,0.9644180956790808,0.023537358755189003,0.9988791232424824
TCGA-AR-A255,1.3733986283866235,0.19264664417059274,0.6034177121921168,1.0680745064084498,0.4573399569962456,0.0017280487209545298,0.6022978933115867,0.33921125242309996,0.6984560876430119,0.8556936553356049,-0.3528288476293959,0.42889723126983265,0.2884677063753807,-0.27549122793882524,0.33019410472692357,0.3203205686316258,-0.07459610506141064,0.9220719991255044,0.10361587224390817,0.7501015709083789,0.22012606269968307,-1.4388317795659205,0.1720472787986398
TCGA-AR-A256,0.352598786339685,-0.48544113903935177,-1.5333600138544148,-0.2485358891578653,-0.29425201907611354,1.9154417149368483,-0.22712319924101898,-0.1319042617581094,0.7778810507117887,0.4541404655422938,0.07908822825723094,-0.28551039420748514,0.08048191774013283,0.4794238113264679,-0.6251500485660705,-0.9828580923011812,-0.9570357787248759,0.11609724165403573,-1.1414551767356558,0.9529003271600565,-0.5410872929662011,1.092480750283652,0.5803013331030189
TCGA-AR-A2LE,0.06876103364536915,0.0,-0.406459596949575,-0.32277850122848256,-0.03140029401382769,-0.3541049861639308,0.07637210190750576,-1.1863848553988172,-0.7042725467082992,-0.21724073124998503,0.8136794151987565,-0.9353923363914803,-0.7888871704325969,-0.8099046367611489,-0.3755657457107424,-0.04909353326621628,-0.425351168048021,0.8144589249201131,1.0545394060374558,-0.44989835217983204,0.04957512968312249,-1.3164883663637441,0.377868384886901
TCGA-AR-A2LH,1.4130242176258594,2.87287283445265,-0.3507147814352406,2.0458554428589477,1.9468489152740533,1.745099308526457,2.4111337832475837,1.2627632007228913,1.109696347975067,0.9732857063213649,1.87278850712211,0.9108567341270299,1.5497795737963467,2.757946112416659,1.4360397825467157,0.715081356304558,2.028643182389559,0.7240360953056487,1.186985814798709,0.9640171861786412,2.007294467877152,0.2593994994495768,0.1289472353668391
TCGA-AR-A2LJ,0.15125280194462518,0.838237635858594,0.3758330973221048,2.1827991020904483,0.9713272475663915,0.3630505620599332,2.3149321203211835,0.8804357138345781,0.15519189726731386,0.5512647491388096,0.6247570664297195,1.4391851042636983,1.6436214451329099,0.7478231117779436,1.2497743145905442,0.28218034453663116,1.5915394961375884,-0.4037039147416308,-0.48879498552194234,0.750863472366833,0.8360449670845561,-1.7659658941515592,-0.3732512929401006
TCGA-AR-A2LK,-1.4408838453518427,-0.5770960722607125,0.24556088566292267,0.0,-0.7061942010321427,-0.1367109274173393,-0.2597578586277328,0.013694726659250828,-1.7159936891191723,-0.5216528907842026,-1.0270719588316417,0.2521325220493978,-0.2400280962515664,-0.044394746454150064,-0.338473478043372,-0.630048295184908,-1.0589265558574175,-0.385540765778902,-1.456057413888683,-0.257454696066271,-0.792042468782923,-1.281168587914647,-1.202486878113102
TCGA-AR-A2LL,-1.605509207487141,0.2522683848515857,-1.1483920049646663,0.6510914887414083,-0.34450638995719557,-0.4949685019250852,0.9765436419120825,-0.09828158693072855,-1.004867519841649,-0.6277551882559147,-0.2650547501753648,0.794248415480004,0.10326615561914104,-0.0839832994273009,0.22729019866689573,-0.9061828950344064,-0.07561031270540472,-0.9972391406728192,-1.460384266009413,-0.09816584452116853,-0.553538254651376,-1.3184544640676417,-1.692389230036291
TCGA-AR-A2LM,-1.202565748971234,-0.5753419383284546,0.8811487370733763,-0.32164989250392756,0.015889141687186612,-0.48633643575543545,0.714699537068057,0.6400158369054445,-0.6296722088710539,-0.13732684627034827,0.47896378247194343,-0.40614679898939166,-0.5550545149857439,-0.6336913409379863,-0.09949799686264316,1.6618547264049999,-0.24461984418246194,0.09557328077545647,-0.14767321695245358,-0.5684288612234276,-0.3126728389994642,-1.2595449962235379,0.9270971357443538
TCGA-AR-A2LN,-0.5177677179648278,0.8333540775650504,0.7509240880522474,0.16115571576360696,-0.251097910477459,1.8314864831159414,0.5208269188099071,0.3866876798194546,-0.1830661152443219,-0.20660909423165097,2.2373292056793628,0.12169918424693138,0.643581666140676,0.14390335556303066,-0.15329156642382719,0.9491487591224916,0.30729412613492335,-0.35235766806457386,1.3520500959255417,-0.35149688190642414,-0.40247685864778326,-0.3586872043471649,0.9672307517870328
TCGA-AR-A2LO,0.9644095877494857,2.0088933990796285,0.28828914175129794,1.4159432191322532,1.0579399488200414,0.6699490609624765,1.0262859167843692,0.7008261802801066,0.47967827859749707,0.768327244740617,0.7271694021873999,0.3187307251477126,0.5050496011422707,0.49512720994099374,0.5437989037609801,0.9631337336824838,2.021590211110874,0.9529593916614564,0.17587183388562627,0.652601071093454,0.9502624465426378,-1.429842854225502,0.1555374837005035
TCGA-AR-A2LQ,-0.5570706461229219,0.036477413903778955,1.1881961972549662,-0.06382926334402947,-0.7567613037849993,0.5116488015935895,0.8839271801301933,-0.10913701601278478,-0.9242160459512384,-0.9322581503428904,0.9918731577164255,1.108097271514086,1.2037499067153075,0.6471198709774539,-0.3984775760820495,1.5979182632118245,0.07953113212707415,-0.8453385384012724,1.3511082511357508,-0.6397096979486251,-0.705530549152726,-0.12487374757373405,0.9997237501219716
TCGA-AR-A2LR,-1.46548382664404,-0.870450159004831,-0.06361235465698306,-0.0834603940893322,-0.28015424827036733,0.6143769955917073,-0.48903675323258583,0.018355506179560537,-0.5108088962174732,-0.9148839481138845,-0.4079521255032924,0.7526949220348637,0.7694386161099355,-0.3476480826885478,-0.3729130420326033,0.6999666920549634,-0.5987556907912042,-0.8828177227680236,0.18985510659685867,-1.0221033295477968,-0.6392057550939675,-0.09264787866407334,0.5460072114676601
TCGA-AR-A5QM,0.05554388877521202,0.6103455100878236,0.35920425836646047,0.7801504016241965,-0.03901714047197839,1.0434301090389217,0.9481671999819368,0.6326083780523893,0.2336983445820535,0.3754492090449853,1.7225226823362791,0.6817851933068583,0.9902213678972752,0.05102719084042328,0.2965338465890171,0.3712176748127607,-0.0030163815036339946,-0.7710735247915916,0.3003049937530406,0.11909549942032993,-0.15542247982378432,-0.804482480138549,-0.053160884694451786
TCGA-AR-A5QN,0.4229741293380192,0.6836023500892238,0.0475582708665685,-0.5288829959073061,-0.21297493994088393,-0.6624911386776533,-0.32449857252533615,-0.1488253939207141,0.7044971432861244,-0.12030535455759023,0.8283878047131913,0.3912742321031311,0.620627025293576,2.0412128234323736,-0.39076980032722586,0.2683897881842215,0.07910271903350546,-0.2003524721206499,0.30469025548394957,-0.3559569902873385,-0.47607195809061614,0.5706104016551731,0.12503153944149714
TCGA-AR-A5QP,-0.2765685143545974,0.17029107181608957,0.6547306114155189,-0.7001401735109927,0.007127056501686063,1.3325190283754274,0.37766562292067,0.19034765470649223,-0.46626587880698966,-0.5067221892827658,0.35449009768377354,-0.3637268678581009,-0.2041447605996487,0.13495570968242274,-0.32802937779087893,0.5285957797758506,0.5002785534964402,-0.9673152892296478,-1.0086913032204055,-0.7320373624410977,-0.16803692544190138,-1.1046580109801638,-0.9426704084105547
TCGA-AR-A5QQ,1.0258562595831862,3.242573199274022,0.28070286601597444,1.8419500718608632,2.49510122999366,4.981438467232069,1.7906511321021836,0.9211755239147318,1.324338317324815,1.5786037056734827,1.8911404317112739,1.430076397452891,2.051335956577111,3.6023235792886066,2.36211954056546,0.0,2.0330131128637006,2.4505078856325277,-0.1999707869212362,2.885425794029566,3.331885986402423,4.102405839151821,1.8990764918889516
TCGA-B6-A0I1,-0.5274234203499715,-1.0700161314261414,-4.025184029867146,-2.264747444121479,-0.4859185377044126,-0.39365408218592696,-1.8275351996177758,-3.0208096696513818,0.9161618859546405,-0.5547017145418179,-0.7156199482993105,-1.947677915545981,-1.8929547852825332,-0.32084524182201096,-2.021676736379278,-3.4094493236434107,-1.4972483291329137,-0.44470246157801935,-2.184803621757631,-0.2953040238880987,-1.2712575760263825,3.6295975493777433,-0.8803917801772374
TCGA-B6-A0I2,1.521420901236804,1.4332274660587445,-4.02485634036379,1.0835253790908697,4.235021806318833,2.1504433928916957,0.5514149254433558,1.2998113135119274,1.6262769020090455,2.3097118942923087,1.5630330896338223,0.08849859613121148,0.33215028198482655,2.472790182526113,3.790823238439205,-2.89523670995525,2.5434865103474382,0.930452325222627,-1.799511687892095,3.394943075250945,5.531716406130226,1.6358716485564864,-0.03265889194580697
TCGA-B6-A0I5,-0.6473496182923741,0.9738691372861987,0.13024762830619666,0.5583716313427802,-0.037679525982379725,-0.24866958039919324,0.4225548472801455,0.30370835164221255,-0.3345183856120964,-0.5323491836142424,0.0711465870686814,-0.4764293453769263,0.27845591461825714,1.7098904837985602,-0.3253905837758222,0.3680747031397534,1.5367493621084332,-0.3951580072353474,-0.40248604560559753,-0.5578286747214378,0.0562935626827871,0.6464513277017467,-0.49421338472228005
TCGA-B6-A0I6,-1.7919548891105417,-0.6913065633783935,0.4285774406711151,-0.6853741851988583,-0.7074562754991467,-0.07754958259146177,-0.6795949167179531,-1.8022291281274931,-1.0185235469093799,-0.5888080383608691,-0.44124830763248396,-0.6073540931392963,-0.7374750052478685,-0.544222370929493,-0.7057782230401366,0.772492340289964,-0.21865340759444274,-0.6719313838204697,-0.4755914038325432,-0.5061608488918163,-0.9304118601784338,3.107473632300742,0.13878784356392962
TCGA-B6-A0I8,-2.12152046792346,-0.42265218629472456,-0.07445022230821464,-0.8508638651865571,-1.0389030374026915,-1.5697894369831318,-1.1801976865432457,-1.9211561918140116,-2.680923969993562,-1.0731351902232626,-1.75463159255315,-0.8743479718168583,-1.1312364256200367,-0.5832353366192203,-1.1382721627076569,-0.009601564207555294,-0.5852839009507458,-1.3881470606573167,-0.2540621576570812,-1.2167589816744084,-1.1117463298881956,-0.18293276516258483,-1.1627234298855418
TCGA-B6-A0I9,1.0850081282975894,0.6202700704889318,-0.7616169865735277,-0.38671275660802634,0.04235049109217723,-0.32302145914522606,-0.7864687082995234,-0.27756131315323096,1.2735234820038381,0.9024561138046685,-0.13841160973075278,-0.4519393305568389,-0.32802975770897463,-0.20226343716737386,-0.2120818975909856,-1.1085866814587053,0.058622321636270194,0.11631520152747299,-0.5060332564308073,0.29847026228747137,-0.054322423369275445,2.107110505645873,-0.5292964542408772
TCGA-B6-A0IA,-1.0855587437832444,-0.6437606238677743,-3.6460656550912227,-2.008044684482818,-1.1261094786090222,-0.44014965517918037,-1.1369905235617408,-1.8154736062747916,-0.46928818625371743,-1.1414879339339226,0.673750976963572,-1.0401132592863251,-0.09688025845072841,-0.8767297159978606,-1.1380857874001853,-1.5749612500826669,0.3584977968524061,-0.8185459697891546,-3.2068539865020407,-1.3760866500190816,-0.7706488727351368,-1.4917883964779601,-1.102928959910488
TCGA-B6-A0IB,-1.092617391914095,-0.48462624764096646,-1.747567299204726,-1.2571421836214765,-1.0642407576442476,-1.5406142305721693,-1.1094878652067748,-3.2439578204143493,-1.0480210389328282,-1.1749599788180696,-1.064488536525914,-2.006767768398844,-1.6903423952966137,-1.2751489884429663,-1.5744132573875054,-1.0899982205814305,-0.389180514620666,-0.5070536688685413,-0.9365654157020262,-1.0169067178346802,-1.053530493341252,-2.1171319542093645,-2.267750406173236
TCGA-B6-A0IC,-2.293978906571242,-1.1034051667323541,-7.087391653675792,-1.063316187140069,-1.6947795888399673,-0.510663453679469,-1.068216008813929,-1.6481500975386143,-1.6563988896449904,-1.0183247844883223,-0.39727307875996126,-1.293321042522612,-0.5673066112242843,-0.5730376897798439,-1.8098850535263884,-0.8959095099548554,-0.9680255934858402,-2.171816643005005,-1.7614710772777633,-1.5032670431836026,-1.6834418842972811,-1.2863993710332482,-2.329449305936976
TCGA-B6-A0IE,-2.0220373161255494,1.6441452926769038,-0.8257143987574582,-0.802689303180986,-0.29954385515407733,-1.2379459690793497,-1.167307838549944,-0.7458186761580453,-1.432705023721678,-1.0658917445245912,-1.8745488551773588,-1.236766290698345,-1.2396868036420237,-1.4848063829018645,-0.9316797501656799,-0.6726106166876595,0.0999450475550554,-0.3885984627712982,-0.5317061502565494,-0.8267392036239383,-0.4779807289314846,-1.0943812033530795,-1.461095674799096
TCGA-B6-A0IG,0.258729283912941,0.6869980088661765,0.009124805152798687,-0.3158695428763722,-0.27303164023094406,-0.5202142965728394,-0.740042872480364,-1.5167269824201395,0.971408420046839,0.0587797138068188,-0.633343480082064,-1.6129238727308646,-0.8125155590499001,-1.025665206081812,-0.8688033245403034,0.05174215037982103,-0.02142287012609785,0.853236893974076,-0.5628426082262533,-0.3054285303912457,-0.19397136195496917,2.697045102056725,-0.9179303007484685
TCGA-B6-A0IH,0.44491552147658797,0.5768779068088162,0.8079516175694548,0.18771122317689926,1.0261277927930126,-1.2215176545391409,1.3355025816515844,0.26336382644330036,-0.40918557074578166,0.6255132698720968,1.341846512297812,-0.42850125776243914,-0.09940525781928554,-0.8573734346388661,0.17165885798301667,1.4299383278501372,1.2107328189011561,0.3670687984741042,1.4873239528090094,-0.11165197978252132,1.117127861413199,-1.0089583697590339,0.4694640643178415
TCGA-B6-A0IJ,0.5940656543398783,2.1723205768471128,-2.513238916579183,1.4161946490790696,1.7969256175158983,2.831320038775283,1.6075978650863432,1.0111493405386305,1.411386637771915,2.133970566248724,1.8915745975824736,0.4908021236923926,0.37918289364092767,1.1293419197138053,1.4894448890389165,-2.0586846612507648,1.7973554979760515,1.3740463100087612,-0.6504108564528552,2.912931939114907,1.7640773578713662,0.2154712509756525,0.5805906195224264
TCGA-B6-A0IK,-0.802298096594457,0.47768237490968496,-0.30262976530390023,-0.07348149836341342,0.05701156450513896,-0.7639080625452953,-0.009026744985265685,-0.6155375977433061,-0.2899679025090061,0.29432786677083617,-0.43050660859869355,-0.5355529109092821,-0.4693906615054624,1.8679816405427339,-0.3009861048384866,-0.7856085143369529,0.6357037581698081,0.18519835098595802,0.07353844050052533,0.025646185816647855,0.03905599253808694,2.1319874708455315,-0.42250058822526154
TCGA-B6-A0IM,-0.3145826395316277,-0.7527409914701301,0.5149086329446159,0.4970121237323237,-0.6025055784557334,-0.29454265031960836,-0.42488383007438385,-2.982072814509154,-0.1616391802895879,-0.36181471382434155,-0.4070463604492938,-0.41791627777313006,-0.2036335281888364,-0.8486783125036167,-0.9157207913778524,0.10885287420716744,-1.0753288065328306,-0.0029203626909349435,0.40387826183027004,-0.3370084707987138,-0.7541320202158388,-0.25738794174903806,0.2203405558616388
TCGA-B6-A0IN,-0.5702170878725413,3.527185776965951,0.33099392833982927,1.4201856101168275,0.3819566695722964,0.3668531356717463,1.9320230753188294,0.5732803776555687,0.060309269530382445,0.25816536010408186,0.5497699802247171,0.5675057627778093,0.9511739778501579,-0.24032523181380064,0.485647005707993,-0.10076815625908622,1.8757032629806234,-0.152748147981236,1.7504142197967687,0.49049534136254486,0.5024628634173823,0.4085225086083478,-0.40854549184165917
TCGA-B6-A0IO,0.8017657005952096,-0.6056218049160903,-1.6571747599061695,-0.48104441549129157,0.14647759577396696,-1.1052370721569245,-0.21267569619558868,-0.8410389797263575,0.536339920861016,0.6957696209178589,-0.3496072827847605,-1.7438132976917262,-1.5048269504902683,-0.6875884436722505,-0.701915554822896,-0.7295827291404486,-0.5384827117085681,-0.49321270093448283,-1.7518346305410641,-0.3007028296323999,-0.06006899771975219,-0.818519539281555,-1.7773193491913877
TCGA-B6-A0IP,0.428483466986165,3.0144241371910874,-0.32547902608399976,0.5415694171536896,-0.064940476486804,-0.7635250746514118,-0.04255037389107316,-0.07116513163801735,-0.11664919119497273,-0.059344057474007464,-0.33820440584108385,-1.3198100921367164,-0.9975081586692147,-0.42971270722312627,-0.31156740606576144,0.4291328491601965,1.3933174040819154,0.09788123161277834,-0.7560884552448602,-0.35022990376187185,-0.13778569765685716,-1.6146908809751777,-0.19832497707352206
TCGA-B6-A0IQ,-0.8140462612926695,0.3717618923822209,-2.330537887867053,-0.32558156432772206,0.5474414687280769,2.0486422677541247,-0.31664507718171997,0.26499665528701055,0.12490387441550786,0.5523348817114414,-0.878984364750571,-1.5818588200888217,-1.3445142095091376,2.05589712215298,-0.6175539909256234,-1.9260281570640412,0.9377796612120479,-0.010090759020629789,-0.7389123479549411,0.34868669205119457,0.73384051091219,1.9600610958761586,-2.153402945480552
TCGA-B6-A0RE,-0.2105054879311115,-0.33747623848724057,-0.3832994281629902,-1.64723841721048,-0.7034694051289792,1.2023211506866736,-1.3490092978211632,-1.1870119260493561,0.03791965137110828,-0.3446824513750376,-0.18094289812433365,-0.7461891502601881,-1.2136637741744902,2.1480366746284663,-0.7643527501730123,-0.2439083660064335,-0.7589197360696942,-0.3505422502799953,-1.9315850305716753,-0.2930343209368154,-0.627287897805832,1.5347296673078958,-0.3001447221193996
TCGA-B6-A0RG,-1.399477927821703,-0.8451229515755284,0.26283966946752674,-1.0401549683590743,-1.1096150512370166,-0.1889932325260289,-1.3252258916328938,-2.0408078227436155,-1.5244798026766728,-0.3978153806233328,0.5463566237100467,-1.4293786068434229,-0.8827492212081072,1.11442151576378,-1.6580398508485865,-0.0746845485943378,-0.8096807879599885,-1.2852009619242328,-0.36757359585628835,-0.9808987893755468,-1.3201569390076822,-0.38966016810821136,0.19443297625890252
TCGA-B6-A0RH,1.452298854076395,-0.5054308680636367,0.2245668894899367,-0.8167819188663673,-0.045343275617015476,-1.0324096770482696,-1.7156434085202414,-1.9233449124476778,0.9345846836219974,0.42512206857811435,-0.37717679851749797,-0.6651031561433041,-0.4750251739338841,1.516191757209765,0.04643182730243859,-0.39241052039747554,-0.5011886631683966,0.7589907719460772,-0.03343474515088818,0.2823892910075291,0.21320959231917455,2.4158908627679136,0.05988536843142235
TCGA-B6-A0RI,-0.5564678258863349,-1.3760918592032045,0.9237834781939549,0.278120284259001,-0.9936606235268827,0.03802768491528959,-0.6560162803773006,-0.05580514933618677,-0.9388670779552722,-0.7425606249013946,0.12775347462880962,0.24368672526280868,0.003742838966243993,0.7014483875567002,-0.1796298883970174,1.1587641708012488,-1.0976413667296234,-0.5942274705930708,-0.9522824127237881,-0.4580395066476564,-1.075851396674814,-0.12596090782434435,0.4390155448698791
TCGA-B6-A0RL,-0.7961807712863238,-0.37580867146507374,-10.0,-1.7924720468328121,-1.7257828635978918,-1.5149222190168015,-1.6347899915705495,-3.9327504709466345,-0.7073121697249792,-1.2494527102283566,-1.1926594776966208,-2.4508440784298173,-1.429419076708048,-1.127769845261445,-2.3224788648926498,-1.9009220602312866,-0.9812219247355174,-1.8924315425870986,-3.7059425645487605,-0.6716929013223396,-2.4351855121965906,0.6269858643498202,-3.2760798102588398
TCGA-B6-A0RM,-1.9647953059620673,-0.516937573293873,-2.1840673385910554,-1.064065051437224,-0.7045371608952113,-1.5550926700732812,-0.35059045389741605,-1.0030529524513834,-1.8417280409732906,-0.8250257292970535,-1.257258395719717,-1.454389553781946,-1.3424444953777614,-1.3677392163386983,-1.0847936377992367,-0.682493015991752,-0.4914310663862024,-1.208769663784452,-2.513926623679457,-0.9061790237827482,-0.6395545976071623,-1.9791928668023933,-2.034619308415465
TCGA-B6-A0RN,-1.2827633056246956,0.4672214641883365,0.7648859211766601,-0.9517312272767522,-0.7648279000126017,-0.27175096645884755,-0.49924511539312333,-0.16296866558814335,-1.3473784756459957,-0.948047203909595,-0.28952677604300364,-1.5014336367286556,-1.5521565220922118,-0.9730046120151751,-0.9788544204895923,1.1379455265056726,-0.08516249847946934,-0.22022298533882342,-1.5378705289157468,-0.7913933865558526,-0.7764383489235819,-1.3988856209173666,-0.46761918610996134
TCGA-B6-A0RO,0.7147645665612232,-0.5843006616619142,-1.9497738701323883,-1.8106175260065984,-0.20130963225217519,-0.3337468208809051,-0.727529175100735,-1.0741542678138702,0.1957312734409459,-0.7153038913048846,-1.786365532619961,-1.3530139943813373,-1.137940860975451,-0.6686220732292568,-1.171387295852146,-0.6600862474153524,-0.9716669094354308,1.0165820458982382,-1.6122318401496607,-0.8875859091508689,-0.8160560269886227,0.11285224807528592,-0.5249657363184276
TCGA-B6-A0RP,-0.43997324977941105,0.24845391426666608,0.6340857300282535,0.5977281175474373,0.4448323829058447,0.4689608528387106,0.16177608101442897,0.29327962979925576,-0.3219046723664573,-0.08557354262421893,0.07929039276775962,0.2511890099703455,0.28634181200782693,0.06783927633978173,0.5532695412917457,0.6883659705245171,-0.23236543519611982,0.03644889463230827,-0.10703889326867787,-0.24304187458505944,0.5002718904764715,-0.4935626158705793,0.06814658235460122
TCGA-B6-A0RQ,-0.39924327844846225,-0.40978133533280686,-1.5739213339124407,-1.6272488252100483,-1.0092077639278043,0.6084950160275313,-0.6727689924210293,-1.281864073120954,-1.0619388322883467,-1.2082816860633758,-0.8708716370785833,-1.7109048046879982,-1.5689143315511083,-0.3501492871885362,-1.5179549512702357,-0.45964355177864713,-0.5218361776492784,-1.3951003377002398,-0.027026585234291262,-1.4306987571955974,-1.049274557006695,-0.3067125131774877,0.008898933903400545
TCGA-B6-A0RS,-0.4310568343545106,0.49068212936115496,-0.12062229341549537,0.42690416416489674,1.1643735359647878,2.953539123846939,0.4886146260957645,0.3414304151631411,0.2426731850393287,1.3411460935630493,1.6158366287330772,0.2375444473552686,0.582948989730414,1.2346099407429247,1.106635469831199,0.10654012986489661,0.8545689458102954,0.6223438747270711,-0.33647490728408785,1.2752624511868373,1.0385542475115102,0.38658365101178505,0.959525670949185
TCGA-B6-A0RT,1.7881013734522897,5.159873424012751,-0.5657486375730313,4.39740293049836,5.12845957958452,-0.11818691148741271,2.588526492039716,1.245759622458148,1.427139038889078,2.4748606832931084,2.082636753362749,0.8908261089577836,1.2061165514264953,2.2160180247178194,4.097676338743478,-0.6247004560466993,3.314230697419416,3.865514310890609,-0.188297841541155,4.358720999536323,5.266851405877559,-0.38243033099282303,0.5200611588806162
TCGA-B6-A0RU,-0.25965792899362145,-0.7026131581282591,-0.5413596002452271,-1.493121344639869,-0.6273072042545405,0.8008537261016718,-0.09385301076576684,-0.5626774984239626,0.084089944440872,-0.3251398940818547,-0.3997471975367375,-1.2991104545946903,-0.5813865528277035,-0.7145339491023065,-1.3452790001772166,-0.44460288637810746,-0.1994057347505286,-0.996608048573824,0.9740373013337125,-0.6993976429519195,-0.7563399651085507,2.381963116594459,0.778020948009064
TCGA-B6-A0RV,0.47660323365433743,0.8374250671104635,-0.9141151310645221,1.2950736806611551,0.6867770409888697,0.26797503292472286,0.6839260918295376,-0.06846650039506673,0.23152859423481637,0.34660537294638255,0.23002738761217692,-0.47841357861448003,0.09680846406013181,-0.8137849214325119,-0.6034242466219094,-0.004804594370968176,0.6502577629209454,0.2081725061775137,0.25924364387159077,0.05439155618527826,0.2832387436362521,-0.05999460582263825,-0.08511992911284177
TCGA-B6-A0WS,0.6465518182205093,1.211619743754926,0.5049688238390961,2.1361793796747217,1.2705190855177106,-0.662914559951927,1.2668143447916957,0.060550915608155606,0.3817727663554809,1.1169342764372172,0.5963012410350924,0.018478784808424943,0.2714708245981957,0.3172384659741979,0.904313561617475,0.8010040520423616,1.3076346627497328,0.8727372426528148,-0.2743839786790821,1.167293705115805,1.3820449939976223,-0.5291398837663225,-0.18023506682609405
TCGA-B6-A0WT,-0.3038079730868356,-0.5310713421531557,0.8002268792059696,-0.5137834571038337,-0.8638864022411114,-1.3583371308856362,-1.2479360834220896,-0.15031391128413316,-0.17605481049235733,-0.33242586447497446,-0.7686853504006562,-1.007215605199822,-0.9695894942625621,-0.9075631913686908,-1.0920803018895628,0.3068091383907898,-0.969103320130771,0.6296637733721682,-0.804570608599315,-0.45559678394470665,-1.0734466080649376,-1.0725479865438394,0.15613865751834896
TCGA-B6-A0WV,-0.7657234898494854,-1.4302356797865727,-0.6419881701643434,-1.2164743749454479,-1.6296334551371081,-1.3291599716433533,-2.027244352908965,-2.5678350617589265,-1.2968518987279665,-0.9846402927820783,-1.0551740589199468,-2.482820106735534,-1.9041785165270764,-0.9785148925627272,-2.013043237093873,-0.4562543146110828,-1.1566651336783513,-0.9390560233085077,-1.942648540636423,-1.3466108835873263,-1.5867035448634446,1.3037534991650517,-0.8591468912934392
TCGA-B6-A0WW,0.4178229218106277,-1.0645500850386376,0.4099222503075255,-0.26424133471124733,-0.27626411257176525,-1.2882164952523778,-1.3946108616333,-1.5578480334020706,-0.07175188594929938,0.6364043885441316,-1.030263297749541,-0.8966953353631342,-0.9966085255513024,-0.9155955775499529,-0.5921127528316339,-0.07910846270563245,-0.690748935533246,-0.10408308326033112,0.16451386786574174,-0.03770951632546238,-0.4179494010544375,-0.08321100339056542,-0.06934995970937778
TCGA-B6-A0WX,-0.22302767703022963,2.0419514777086825,0.9729451752287075,0.4074807317971297,0.1582906409438256,-0.8544437804494158,0.30711385511853695,0.37905421161909614,-0.5298829842889654,0.3440854821633061,-1.128844807822598,-0.5970571941799094,-0.7431830458175426,-0.8614559508314289,-0.0028347995155385114,1.291314329148384,1.9310288694753508,0.23978147612360629,-1.1013038122453374,0.17780832905700794,-0.1978181439041878,-1.2747919765366114,-0.11738048987478727
TCGA-B6-A0WY,0.8421713832178382,0.3528445917847897,0.39447691478440483,-0.008530555386252676,0.0287573913289615,-0.3877744518248615,-0.1523514511612107,0.11634150199787083,0.5461486986784471,0.5548655987661415,-0.10254524639047964,-0.1922739666687759,-0.19187326614918196,-0.8298526410489521,-0.5451677685686217,0.5042465815709078,1.0079246473961796,-0.07287064416574897,0.25347730912532207,-0.01617703605216379,-0.26566111737552767,-0.6175043490707616,0.9863874350117503
TCGA-B6-A0WZ,0.330592179897597,-1.5060388747924656,-0.04327915248197584,-1.0010680167630566,-0.8642756205717533,-2.5115422978329414,-1.1253965363605791,-2.268670523203996,-0.2686398613758451,-0.6744907594765952,-0.07025500018353838,-1.436901466834691,-0.9927232181002539,1.0313870070834275,-1.1818364861668518,0.13545159276834676,-1.3627871056221563,-0.6594820014552615,0.0917311471660326,-1.0808984466311873,-0.5442732139010922,0.4140957652646032,0.3963576495079981
TCGA-B6-A0X0,-0.17915725360906598,-0.7711438505253585,-1.2963422914275813,-0.6234685241474806,-0.3358576744555358,-0.5768414509006025,-0.5352216455041653,-1.8293794776257213,-0.7711611384584144,-0.6544268775400389,-0.471391564725017,-2.154498910533407,-1.5141347461023649,-0.21374674100915494,-1.501404552758542,-0.25179710621787793,0.9560769060189376,-0.32458202320885704,-1.4113323687321055,-0.9814660036982716,-0.6506230028208001,-2.2971893719019936,-0.918418778171832
TCGA-B6-A0X1,0.9514117619221102,-0.1817310160216579,-5.330594458913715,-0.5280008666285881,2.0864193694243918,0.3013462446752189,-1.4988359036102172,0.7119244181141524,1.6143215264332913,1.2237461954000515,1.9969765481248947,0.3617026534368949,0.5625276499215639,2.6987545263653407,1.7678850413736253,-0.9498154533147133,0.10336703733083764,1.169645368778886,-1.3777687654637287,2.1852462690478838,2.4239011419671175,1.312731914294772,-0.21200096773342073
TCGA-B6-A0X4,-0.37853501037026677,-0.9604556599659398,-3.1369124950914538,-2.1543862174526365,-2.1063017818286935,-0.9458945598440853,-1.599463446087556,-3.8889834733632984,0.28754009837538896,-1.1980487547695873,-1.6188545233220504,-2.072866590108963,-1.377368341619678,-1.5447076448319694,-1.7476271950168463,-0.8492092384758513,-1.3888667172571503,-0.8552459263338842,-1.1041013300035143,-1.631849512278318,-1.9981458137034909,3.510607504304825,-1.4639532601054335
TCGA-B6-A0X5,0.7339355129830114,-0.7453968684112631,-1.2547442813411067,-0.9781374801034838,-1.2668877276320238,-0.9083124761216939,-1.7445599930980786,-1.7749362867226435,0.6302439751345119,-1.05790059447132,-0.8442738520551626,-1.6618229060325482,-1.7018796631616253,-1.0182548579228365,-1.1534469936138865,-1.1517511491939374,-0.6309844918869005,0.28802599822999825,-2.925572968608335,-0.4449890191878816,-1.108829021608641,-3.006151755087712,-2.937590715598119
TCGA-B6-A0X7,-0.4864201213824052,-0.39441987803535045,0.551748884181068,-1.3640344156958113,-0.7689663749959581,-0.9827759713595334,-0.7344477074227956,-0.1475648915839574,-0.7846518478664186,-0.5020701577960017,-1.2333035838543513,-1.4087755114922498,-1.300588181089776,-1.5144176192670047,-1.0191801637065696,0.5864411950160431,-0.525058210341053,-0.398188565037619,0.7201782789477933,-1.1535215518895618,-0.7003021637556593,-0.6377959234651789,0.15627220036637784
TCGA-B6-A1KC,-2.386659535309599,-1.3207803613862963,-1.3205380350362623,-0.7114822289371964,-1.0182292532432837,-0.7560878030578094,-0.7216142123338573,-1.9830029455287979,-2.980841223307396,-0.9664761481946705,-1.3490990102279772,-0.6521615106255657,-0.6902056339954913,-1.2917318974032304,-1.4529078206303554,-1.0685038991142324,-1.145623774630757,-1.5921363077994328,0.17328206253170886,-0.8673083458175399,-1.3977476383951182,-0.8240316580322479,-2.3203095185412486
TCGA-B6-A1KF,-1.269081720170828,-1.4953264694177169,-0.40554517748170615,-2.0828812508714725,-1.9983698628017814,0.939537316051347,-2.099736154709155,-4.019329301634859,-0.5293996543522055,-2.1132743387918267,-1.975000915621844,-2.2787204819285733,-1.64359154391991,1.387840215460639,-2.270610341049985,-1.320738416671838,-2.4293030281488766,-0.5779198625932717,0.9735220676469091,-2.40736971180727,-2.064858353948583,2.679365573873691,-0.512001274369213
TCGA-B6-A1KI,-0.23543140004345456,-0.18165003879659045,0.42792205869262073,-0.9087114794714659,-0.8736231961109304,-0.8531425499738414,-1.424053861410964,-2.7626761140021547,-0.9097642304719508,-0.8145171723793994,-0.9127142987384357,-2.067082271765537,-1.2524847164215154,-1.0899395950476287,-1.2998399224682342,-0.053923460412405415,-0.8358030385819825,-1.045050291399426,2.220481929283247,-1.597233520526167,-0.9881846554435171,-0.21178455826005688,0.9867635770063977
TCGA-B6-A1KN,0.6020163630421314,-0.13866046482520927,0.300031645078387,-0.41864178490043047,-0.12746875598301377,-0.32802037587336064,-0.5437565113506855,-2.503936639836381,0.2193795732012531,0.1973890239891535,0.03706953180066437,-0.9387306549743789,-0.22993683545428248,0.2513931471076203,-0.23118803304112118,0.26479219454460917,-0.06937484066223394,-0.04898825813096211,0.4727276737763632,0.06377265770536523,0.01629137543370898,-0.10432527048165276,0.12741623572539315
TCGA-B6-A2IU,-1.2977903400164494,-0.6416206876181738,-1.2657137334049497,-0.21218041336507015,-0.8765245303539817,-1.014271439095599,-0.884549053791564,-1.1478108354724412,-1.5417365660697577,-0.6605034579444873,0.8761709849081525,-1.1050458677161046,-0.8551055960900188,-0.9565565831521691,-1.0801134611974927,-0.819051123511626,-0.24862466309277056,-0.10654151768142804,-0.21334333343208195,-1.1923886593897666,-1.0972038116421188,-0.7930785195066027,-1.3325278151320719
TCGA-B6-A3ZX,1.350062871294911,7.391590202701213,-1.4485502726973207,3.8649137486456144,2.7953698273411423,-0.01214050728573763,2.2333962518821697,1.31833119789909,1.3418036647799545,1.0337261392213744,0.5918233426614276,-0.11333260386193539,0.44918942610835855,0.23182757051755887,0.5706818713420503,-0.9854201746241285,4.045554823221702,2.4282362252935776,-0.8245206211876509,2.4704674435096887,2.1466350481565626,-0.9040713994231518,-0.881087273827867
TCGA-B6-A400,0.055189467168455505,-0.6460833483476113,0.45791607258752426,1.0886417584639299,-0.3287816971287397,2.1127940685521276,1.345334671635785,0.6474709754322487,0.7045034212524248,0.2962616752733254,0.43779586587888275,1.019946769962752,1.5197244920619366,0.6214241715066225,0.0032521454554026285,0.4814386747705838,0.7889489018921788,1.6209885348361006,-0.8534922828444123,0.8031102578359804,-0.3584345648481851,1.1492976696527148,1.1435095672101108
TCGA-B6-A401,-0.2558738984240924,1.7302857239751128,0.358425272502979,1.0753278423174102,0.018826185715068933,0.13823407062412815,0.5116688573915767,0.18050444974323737,0.576628163188313,-0.3522097720040918,0.9911454298068366,0.0011312983802605637,0.6346924727500571,2.6514621146096427,-0.0836056807193773,0.2341499767306854,1.6988469647582694,0.5721660026421475,-0.5353984315044972,-0.19974535459006004,0.1790401703724584,0.8508854317322111,0.16088117538636976
TCGA-B6-A402,-1.5282487367296718,-1.1674220719152326,-0.8444293802414035,-1.6654382580994065,-0.8725313510611465,1.0443177614140475,-1.109431592809273,-1.475070773924276,-0.3871210939089985,-0.4765881451121311,-2.782403904173759,-1.175354444362483,-0.8444061156433418,-0.23795494649799825,-0.7212372454722646,-1.176821112991107,-1.0811189267524932,-1.507132225955692,-2.012288514016672,-0.916100231323469,-0.7990232337003088,2.99345719200714,-1.5215186054501066
TCGA-B6-A408,1.358085542806716,1.3559448078646372,-0.07826279830208015,1.1248667024967232,0.5708908942291697,-0.9384940987374979,0.5740321635921565,-0.17464302915610733,1.17338219427152,0.7121640480305313,0.15609327038215154,0.5484818194454633,0.561965822859151,-0.514358948106907,0.8111880185235436,0.40746340850932444,0.13265654610637792,2.3511919752931383,-1.0558104377095388,1.0357374717051129,0.5627664213940518,-1.2914033376377907,-0.9353825540432095
TCGA-B6-A409,-0.8174738902423284,-0.028496782134134445,-0.6457260457357954,-0.866335558662409,-0.1486755016337727,0.4029862934538299,-0.2929329968060678,-0.7792315025750789,-0.12247960951640494,-0.09986045055338748,-0.8186906301717641,-0.5375683312591943,-0.07258923737512232,2.3855881583816823,0.06289513875966954,-1.5402807760492239,0.4629437735789879,0.25929179030225147,-0.9204519831681548,-0.15149423984578983,-0.17014697968999762,0.421204300425319,-1.0896131521578427
TCGA-B6-A40B,0.0038260065507936844,0.06736407271006932,0.4517328565570574,0.5074553857447694,-0.9716328633427367,0.7813592763696082,0.10084816003786858,0.7166990499234408,-0.644760380427552,-0.7698920769956858,1.7921045206545287,-0.9588093433324407,0.0,0.32990265063566326,-0.8880560204245014,0.874639528828644,-0.4034786249906265,-0.9638250732196703,-0.6311414535637032,-0.5079648547547965,-0.9962931930267322,0.6342055361778867,0.158414662792226
TCGA-B6-A40C,0.8522125933086896,-0.1124934516803062,0.6832832668832715,-0.37454235400382996,-0.07022104910575581,-0.518527208847929,0.5757818289834018,0.07623433617362904,0.6619913343141886,-0.4860179653585012,-0.3639883734671015,0.2948075346335068,-0.11666003099023622,-0.31316703662653844,0.08962904253070257,-0.17954867601773136,-0.09867442275234133,1.0063476970059684,0.5261207799107289,-0.08883591970211441,-0.26716449865602,-0.11033188490092707,0.09425324341940011
TCGA-BH-A0AU,-0.37486795990643595,0.030700681637748962,-0.8252961599763647,-0.12101389778533057,0.20350799172009046,-0.04342388740324936,-0.43328452178942556,-0.7445407562956483,-0.09398400812193425,-0.38251744619700284,-0.38417958725401247,-0.8463814533979722,-0.7029403085851129,-1.0238993783425951,-0.4771341957222145,-0.6505422567811743,0.003442578075613448,-0.5851024733552265,-0.3912129701300273,-0.4374531623665105,-0.1272752107015486,-0.4079984061371869,-1.3279586228302211
TCGA-BH-A0AV,-1.322570234955138,-0.23388488376168087,1.1450434642131366,-0.7813256479152554,-0.6479616656351442,2.6625135334281707,-0.037493398052481426,-1.765002370682451,-0.36424048083165045,-0.7773692347590057,1.6867635510057981,0.26039406809026094,0.28009549472043604,0.9485303524282769,-0.23315066936049078,0.7603317837130553,-0.6493424001800329,-0.6162810218124918,0.8477656381901891,-0.5748312622759659,-0.07921565411765229,2.44592737066763,1.035676776163509
TCGA-BH-A0AW,0.808000331880661,1.8181379377854725,0.4623908221774034,2.346379874038982,2.7207208309737188,-0.1994088280714329,1.693473687834951,0.8657284835110832,0.5009120215419499,1.729860145283157,0.539800383525079,1.0422186696894375,1.027861724964693,1.7616274520461206,2.278411613146308,-1.2609853106390676,2.2314642849039803,2.4032799375211042,1.0892171640840835,2.5954404220716896,3.046690289271124,0.21530822056994456,0.5809118905912598
TCGA-BH-A0AY,0.5160431003222269,-0.16641088195556406,0.09477031132448355,-0.2971173355525771,0.38616613828153634,0.1535756994459073,-0.0688104011474732,-0.37734116491948094,-0.20511383043595047,-0.31177580035266095,0.7739140775643555,0.25977243990836235,0.6522966870707289,-0.2546019526388342,0.5458633787171295,0.37691621051287716,0.22218110293223506,-0.8833223938556706,1.697611860543331,-0.3082470811611897,0.5944057433023033,-0.15966527099312405,-0.245991609868943
TCGA-BH-A0AZ,-0.9063730346749375,-0.13061989151408987,0.9849019748203944,-0.1721990572627856,-0.4368167818105695,0.3209838361549222,-0.36172427146601743,0.02020265129917898,-0.5530912195778154,-0.6568183975152322,0.34582151571928604,-0.5507725829251837,-0.22756067343701555,-0.6069160864655887,-0.6609871806353482,1.197373604158536,-0.16012318244728968,-0.7632524504999468,1.123854398730945,-0.9457247057320329,-0.5258219093913249,-0.7354248833124747,0.6772166643245217
TCGA-BH-A0B0,0.9307190506643063,0.7560416208967882,0.8801954192754559,0.8675120577582904,0.9897454487763648,-1.2138148552538053,1.546944887656796,0.879201523128175,1.0119817331727943,1.0901972221019043,0.4319985274040357,0.0033772358885626663,0.520262336428677,-0.7287210323449677,0.48658345816272425,0.240976875355794,0.9855892494355155,1.1891480985184033,0.9140214352861866,0.9616180441293966,0.9197902688295956,0.08142622446439966,0.7161291776078507
TCGA-BH-A0B1,-0.2761202333210035,-0.07054379011890884,0.33307683713753045,-0.4747436951390224,-0.4429830423126687,-0.019271714220372025,-0.4849042608080738,-1.5588342926712446,-0.01524753685234223,-0.25774833490420007,0.6331653168828829,-1.0902053696491947,-1.0218642669496032,0.5013072554974372,-0.85214143358779,-0.026013468774865524,1.0636151792383064,-0.1871895568551122,0.4891808903005785,-0.4642313144707486,-0.48063426750478305,-0.3878878938182822,0.29148401832033216
TCGA-BH-A0B2,1.128972066513712,1.1551856153093583,0.4967079998370829,0.4690848801266107,0.7819139044875457,0.35632573916576,0.6161020758891533,0.5075916120126552,0.545057594832759,0.3947482021515946,0.6770778621293034,0.7871824478354262,1.0501759415756717,0.26859302448162425,0.5232051194461628,1.114624134922041,1.3716649368053164,-0.29315420105004764,0.8866259190302719,0.35875243874090995,0.42255178687809963,-0.6818532802213965,0.22704077688192356
TCGA-BH-A0B3,1.5726365950869043,0.6944156235619946,-0.5463340939383818,0.07838017317327382,0.6258715365218582,1.463710200477787,0.27194246868704675,0.751063135320122,1.1305236226321553,1.0267160087641334,0.8428699369942781,0.38882024943893073,0.47120376126437147,1.4756850998606192,0.7207384391235552,-0.0780786153105397,0.7538588848161584,-0.21608960413152614,0.501794374024319,0.7444599656248234,0.5613514078076306,1.3706453756156527,-0.03266312572800332
TCGA-BH-A0B4,0.20098005901885285,-0.016305144850026522,1.0077590351842851,0.13318360255332304,0.3653233685076109,-0.43426529806137776,0.12006798934879598,0.5266553071375982,-0.39270499257153735,0.5591386221700932,-0.4199656215227099,0.3057620808363103,-0.09612548569498772,-0.4949751970536278,0.8160692933230059,1.715451764239112,0.9018220014989692,0.2962024919565682,1.3380106440063875,0.3479629758777131,0.46926099654815956,0.0,0.5233480273079961
TCGA-BH-A0B5,-0.3810577886182164,-0.11798932285386834,-0.005807017920095099,-0.5210002950504419,-0.2713333099747222,0.7849028513399935,0.29497831534930397,-1.533984300818183,-0.2375200858213505,-0.3107629800829548,0.5313131755065349,0.39442797922749767,0.5327475779313587,0.5019618812380829,-0.38270188725258714,0.5773720116889862,-0.22303330341267313,-0.619934991648623,1.1590854004501625,-0.08346382128166603,0.06300456837667458,-0.3946056896667101,0.6021997352337352
TCGA-BH-A0B6,2.1067983730440143,4.759928240417089,-0.18777996645782777,2.720109064186674,4.469450097185047,-0.10557790304042773,3.344628645889721,1.3461656222314606,1.5088124903993598,2.1576489569785178,1.7336729336572594,1.0026416301586565,1.6794923781526103,-0.008059855017015519,3.7626715086941203,-0.7351751164308901,3.0782561314961425,2.2073653959348056,0.3163575147745673,3.225016938485782,4.946819001191286,0.06554874099602817,0.8271999646947782
TCGA-BH-A0B7,-0.05586633809936133,1.2120296096824439,-0.50699535433902,0.33377765577500623,0.3229799254273817,0.6640354412461087,0.5103116278090783,-1.0112435375044988,-0.19797176522953605,-0.3276675281476409,-0.05523538356103353,-0.742211570910756,-0.4138043404432721,1.5494384081536297,-0.12012251395968955,0.6219280674609029,1.171076061384102,-0.4865642554967232,0.5016851280604083,-0.2781241207960239,0.1401842011501849,-0.411224759154159,-0.5839678694200331
TCGA-BH-A0B8,-0.24723495477325624,-0.3894085043564493,-0.5458569103619524,-0.8883925771026423,-0.35883155209156853,1.0287741310356187,-0.252874743325209,-0.18568800374072406,-1.0660248355873518,-0.4524472591173318,1.0702409719571961,0.1785595236063536,0.6316177167242625,0.6556508800908617,-0.5857456167101174,-0.04030056193604058,-0.07422081727845761,-1.2807247010723426,1.4184753641508256,-0.45984261489176653,-0.3154362508241325,-0.01492914024254171,-0.45814510247573825
TCGA-BH-A0B9,1.3291532463553677,1.2957643711950666,-3.7904044745413605,1.0704263474513476,2.6564972852625472,0.5035182286534503,1.5117870143632968,1.258093073160227,1.2513986105618846,1.856627841046925,-0.7133703672387307,0.020541953282033225,0.6377461261180244,2.2978569392654506,1.52195776590963,-2.255539425452466,2.251735779537093,1.1385000051603706,-2.695292490049081,2.1332809441002083,2.235925376866811,1.6855481108681696,-0.8136433658093426
TCGA-BH-A0BA,-0.05279535217088294,0.8832473501966279,-0.6484331566746125,-0.0459619013204372,0.19732366893975126,0.6779678665096652,0.22152937004329273,-0.5631956058513026,-0.6438393705609762,-0.08726621703722139,0.8468872054507517,0.24653661073749367,0.749182737245411,-0.3470886326768992,-0.49197914358138817,0.41847694207936414,0.6156621052877661,-0.41654051813729304,1.2714241924721221,-0.3907003544703838,-0.14703348641815664,-0.11651907385742062,0.050080838648590385
TCGA-BH-A0BC,0.5811425309606331,0.1710595579625974,-0.09760673546095203,0.021273175209418616,0.15880841971976362,1.0351669719491552,0.27056038471175786,0.3325540737755296,0.2456646272191074,-0.09308380086861524,0.5694038677837994,0.7820023300144592,1.0250039772512647,0.4066612632205801,0.627006589044096,0.421290270475213,0.5769386182751953,-0.310841791738066,1.2288639904935257,0.01389047903051325,0.07671123851546038,-0.6350044152308422,0.05492995324298392
TCGA-BH-A0BD,1.0663946632062342,0.7566070074375436,0.30181742342291407,0.04031344616109289,0.6680898287055853,-0.5706693890935607,0.2402297558428451,0.31552757751644894,0.8239066477929415,1.299050052894203,0.8664816985470744,0.47385694576453896,0.6998024358291531,-0.045370369221740287,0.6438340922436089,0.44328242868249484,0.29987945450724435,0.5561588434209378,-0.10444545882975638,1.029832841723713,0.6130356286286852,-0.9983548939602258,0.6777332432300193
TCGA-BH-A0BF,1.6128095194843461,1.8084146926961548,1.0484933341100802,1.6692654698979417,2.450524119324917,-0.07320394029480733,1.1894003900135277,0.7824180061673237,1.3512472325023663,1.885507051934362,0.6215242912790719,1.3096620258415934,1.6757855899398588,2.8332900049904484,2.4911119441058744,1.1794018046043202,1.4828785465429053,2.316792204050186,0.585040772791904,2.6025944811005743,2.814858554074528,-0.5315203097393726,1.0967279903426188
TCGA-BH-A0BG,2.065806387346791,2.1928237963643396,-1.0243063584432133,1.0132259899328966,1.949076722125096,1.2354141163434893,0.6617759987871202,1.278422790403509,1.5670161764675057,2.2263852041761627,0.58587631680268,0.010006589654045456,0.5915075017153043,0.0015128202895753641,1.3402027337703921,-0.5556836671888309,1.7980958983831652,1.0845065293084817,-1.2060517374489634,2.512942420269938,2.006439682578432,-1.032054755572369,1.2128808709399037
TCGA-BH-A0BJ,0.43792492732057314,-0.14663444974636525,0.2693135018691878,-0.4870956401131846,-0.11425246899272859,1.1549741185462836,0.30539130016761445,-0.4447218547275577,-0.2943819505051669,-0.5879214490655569,0.6241294811706474,-0.45062389615379106,0.04787046999734712,-0.33301887566989635,-0.34706540310874734,0.9386152353132392,0.30864558759553873,-0.5240786966386648,0.6609965323371577,-0.7673985978798317,-0.43144324883299445,-0.9706236035220381,0.0353166597660829
TCGA-BH-A0BL,1.2092636238025334,1.7443742883991096,0.9411643780872474,1.0168533099454047,1.1566521120855362,0.2684550282081185,1.1750517209707327,1.1368189696660769,0.9194465468913361,1.9369329709000465,0.9751101136448806,1.0049969592513455,1.3121128969928095,2.4826702457206595,1.1030096206128424,1.2888921828346191,1.5827793274919801,1.4149883746889371,0.9954517090832546,1.8244610617074892,1.4530800841227205,2.2048419100793297,1.7533045121978543
TCGA-BH-A0BM,0.5358267142460734,-0.11348498601475941,-1.3323226981898144,-0.35689807497190573,-0.3082824343271371,1.3107047228595223,-0.3053784551026949,-0.946277421149797,-0.580411190530163,-0.6673150486131728,0.5383689603524615,-1.605066563055265,-1.0086563102055148,-0.07168625486141592,-0.744766901660881,-0.4268480865103178,-0.025950190220054976,-0.7524263622518194,0.11968128364576598,-0.9512860618634547,-0.5481143049425269,-0.09894450970974818,-0.3946969805820794
TCGA-BH-A0BO,-0.18334521653800098,0.1272706904021948,0.5319065649582365,0.6943640211462325,-0.4080551317684013,5.357041976300226,1.3179022577586055,0.28377789612520843,-0.353954666894183,-0.3741218963707928,4.478248933993012,0.6784655393796252,1.8480462183164659,3.650149463183872,-0.35503033272182416,2.0317611010089354,0.09065194749965534,-0.4356220238175957,1.8622580554882144,0.09229488184529344,-0.3611538428028812,-0.06385832018104885,2.536536591540589
TCGA-BH-A0BP,-1.2344383390367215,-0.34270858204262816,0.7121946776612963,-0.8123073422235061,-0.6497532946683345,0.3898676728111523,-0.0967411985798267,-1.2807575768312351,-0.7290616681721618,-0.4181388847468692,0.7327099488663813,-0.0453854292916956,0.5069847712261281,-0.28511400838299,-0.6174525447398325,0.8966937777704045,-0.4111208236343761,-0.638653417076503,0.733292909568897,-0.37916080373891264,-0.6216072071000501,-0.6321349393833499,0.6305583078198206
TCGA-BH-A0BQ,0.5663898903796326,0.09195364050397009,0.031656503342752065,-0.11524892611439232,0.2272681017069108,1.0281371548343061,0.5538806529645682,0.17152922752944083,0.16526597027749007,-0.02644130693871426,0.6161165167965256,-0.3462754572248164,0.3863187755902529,0.6196829743090326,-0.5066854812277966,1.6131333924353939,0.911213428298893,-0.7637257230183588,0.6329705514150933,-0.5370159568957871,-0.023582397730655638,-0.06028417046753516,-0.3466451228488026
TCGA-BH-A0BR,0.9191452885548842,-0.8089704100921356,1.037699611807154,0.239948658688353,0.1754121368953464,0.3887789215918266,0.5214504618099234,-0.6363805586594836,0.40524213267365705,0.46007697074096005,0.9635006446467094,0.9905212451019272,1.4592564556829783,0.6945443817719248,0.5071776483834228,1.0512933981481862,0.1921072014197687,1.2667574521930614,1.0073491712708542,0.6310844380401599,0.45620535007912677,1.144166570131032,0.7526649630856419
TCGA-BH-A0BS,-0.7126760361073621,-0.26143423975225055,-1.8573375230825262,-1.0817497951769228,-0.9115181555712489,0.22185400653699142,-0.5584417410823413,-1.1071984216696307,-0.7444740387013908,-0.8647840952137882,-0.9619740994953391,-1.3999855699629753,-1.0888908969063829,-0.41314401761795944,-0.8977618122118846,-0.26706977838381096,-0.32855774491194484,-1.1086135408542703,0.6421514102356765,-1.073458932929819,-0.9023940992316414,0.6592886549934158,-1.2614080589392533
TCGA-BH-A0BT,0.0,-0.22297042725817737,-1.0589782287945624,-0.4498945349684367,-0.037049404405423314,0.7564340658910397,-0.5028475665464525,-0.7989202599184092,0.45784074038944705,-0.11445041221590127,0.515184039035587,-1.3257039491785065,-0.9107030833451372,-0.30530167360013516,-0.39332473802374524,-0.3097979842148581,-0.08149183217889165,-0.5139749982191084,-0.15971005135881813,-0.356687003422753,-0.14667183483764773,-0.16260679482796858,-0.6537872608278263
TCGA-BH-A0BV,0.20148737941805184,-0.4685893640623412,0.1506258409153603,-0.2972873017947648,-0.24679847894183307,0.7271395775226877,-0.3339401275232931,-1.236735644742242,-0.23956632570718245,-0.4746640926886268,0.4355353131849957,-0.1483889634479028,0.08122407756400823,-0.01293107976480435,-0.3763460005120589,0.7054904740350374,-0.2588637851909695,0.18968312395993228,0.7416895599670629,-0.5514363691664398,-0.46418135911945196,0.04579448546429544,-0.47162062627422124
TCGA-BH-A0BW,1.9152323524791441,3.0439669336477326,-0.9543270794640255,2.0720051239064725,1.79216712689618,4.187562671453788,1.2932256094639598,1.1042940547413913,1.4846153280120291,1.9167401005146907,1.9098370061273988,0.6803546575407541,1.1007422204150996,1.9393664932854418,1.5900112573154515,0.2988470036657874,2.1230758907539258,2.0460783475626756,0.07267264961543574,2.669322088484259,2.305670925729181,-0.3195170090973261,1.5099272635609253
TCGA-BH-A0BZ,1.1573339687306474,0.1437182513628151,0.3274699876537976,0.20690505885933158,1.0454590028416861,0.9633342100283394,0.44399363834850036,-0.47367285472553455,0.6378912764183993,0.7643844332060455,1.4258316769404806,1.002782797927735,1.5186303255110374,0.6613281851091392,1.6053997380977567,0.3045213593207997,-0.13410155354563166,-0.05046969184969153,1.3593765689761168,0.9840095678373969,1.6405406320649372,0.04696504505474321,0.4061465402379234
TCGA-BH-A0C0,-0.06136039415869728,0.8052970067346108,-1.4940708037241266,0.3329331491623322,1.1046457328391033,0.795580613837587,0.9716970471898432,0.8464758735081365,0.489699306687151,0.9103783830919283,0.06569885339505259,0.038392686927402254,-0.016123077823365282,1.0267235549973281,0.7617728481555324,-0.7202831995774295,0.6411572376751908,0.0761207548265348,-0.22807721400489042,0.8275327584369025,1.008774957843726,0.7008144653865288,-0.667934650919569
TCGA-BH-A0C1,0.27711555952197425,-0.2915487065080617,0.6828296665177711,0.28190656767707745,0.7984524175404867,-0.6070409868528482,0.19973320937774447,0.5500416970395895,0.11962856726782867,1.146508357356166,0.7440551536260264,-0.25873944160445694,-0.40216879340406936,0.35094246973597404,0.2953967166167652,1.6354789293278544,0.09601915274205892,0.8122553550732132,0.14487900281367697,0.2934239316388396,0.721442401956616,-0.42290470568475946,0.6003046692888996
TCGA-BH-A0C3,0.5324489185217176,0.5033773841398143,-0.022350491599789902,0.2936418595089408,0.33271972410150774,0.5247516225045697,0.51231954607997,-0.21831190536544595,0.2537388244652078,-0.2268236005325474,-0.8645224330242343,-0.23710019177977024,0.2259903452443805,-0.30556932376677,-0.1358309894897797,-0.13959412885838202,0.6691333679695458,-0.5481803514380247,1.0583947075660431,-0.42851988850421374,0.2205172707235047,-0.4547540706465555,-0.24868390056882708
TCGA-BH-A0C7,0.19279217718281283,-0.0685602471900781,0.5505295846265013,-0.25806568217490156,-0.25374948718655865,-0.4845855314957874,-0.41164542613247335,-0.8453160068839797,0.3863712593146686,0.06350095101329897,-0.5158623173515305,-0.7565827109697647,-0.8346602040148711,1.682016744003682,-1.027728146009185,0.2607717314767657,-0.986094503109416,-0.5001592972418193,-0.31005259604586194,-0.4536321459679741,-0.32890651131322335,-0.5462832084913397,-0.39889084493954347
TCGA-BH-A0DD,0.8801726183259566,-0.10797079156369947,-0.4718238025280459,-0.696210003805696,-0.07661600820296524,0.11936012690864527,-0.08283026345222137,-0.45348040938779205,0.5969702723027083,-0.12079267918982114,0.9260922840822992,0.492096608321128,1.0993331240381212,-0.09454564901895042,-0.038959339176840996,-0.19330018712706987,-0.5370462056466628,-0.4800534923957265,0.7930358099423931,0.13674041204813708,0.27605898669044926,-1.2265589678038589,0.02699866967074268
TCGA-BH-A0DE,-0.4319485416338124,-0.2959953031277231,0.3758270878060584,0.5172934045378471,0.1641980351187437,1.5216585667112394,0.6115112365270633,0.6647129563046853,-0.11184070930073123,0.443831463309046,1.8219897770154168,0.27947109967707406,0.7538923072227374,0.6233127631227312,0.4719319537669839,0.8538947035069463,0.11249327357829426,-0.09270407511018179,1.8038121061517103,0.19024705288574073,0.07689838442354464,-0.09167027985794997,0.29477880008132923
TCGA-BH-A0DG,0.6028469688724952,0.5535036091545891,0.3247718875458437,0.2507971913143858,0.08895032246147826,0.8078881369019597,0.6422753650506782,-0.006120360433933178,0.04718613127483871,-0.46436021800953414,-1.2071411777126255,0.1782781464061723,-0.017467932116912346,-0.25508548272758363,-0.1208673662048782,0.3728309511295741,0.5087971972334777,-0.34476607864400033,0.6833055246183807,-0.35344419768915775,0.006778638676632241,-1.1284762597297624,-0.7961716997568054
TCGA-BH-A0DH,0.9576324586358277,-0.01224694546816822,-0.5184074363457918,-0.5186863864784163,0.2113900495357846,-0.15267378407029414,-0.04371329104829882,0.1291379829911805,-0.2358443052619592,-0.2351798061229532,-0.737700392668514,-0.27182625380134484,-0.12836271796490367,-0.2208939074428142,0.37550120748289495,0.5444954267136343,-0.4419517685615769,-0.7962607138087605,0.6179495990674951,-0.11795346908363037,0.24663026589124948,-0.9916112223020577,-0.8097366852929919
TCGA-BH-A0DI,-0.23048698381539726,0.8452202010036394,1.1881970052720736,0.23813654469441856,0.25302734159846396,-0.335662091443641,0.9066044571444144,0.2237056924580462,0.15768459064083734,0.4475968009926095,0.14011911140358438,0.6973673785367696,0.863006559417155,-0.338617926664723,0.5655353265855136,1.966165397341511,0.8815312216370877,-0.3105206625217525,1.295217673197186,0.2755918677162098,0.5727459368556168,-0.5003999186613886,0.9575237310035765
TCGA-BH-A0DK,0.06312578346695351,0.5663387726147877,-0.3752170199527018,0.808228060464122,0.007801708810769995,0.9767284760526431,0.40826706205432917,-0.08670386759475904,-0.22301140637458955,-0.10030954986627132,1.0544090451551384,-0.2972377674539029,0.1359331985859116,0.48634632828756086,-0.1896032109791566,0.8309971473965351,0.1655303811943101,-0.26520862912009846,0.9198907889512824,-0.19945189541710776,-0.21192346943825316,0.5784667037427811,0.05317048187754054
TCGA-BH-A0DL,1.1987504814284768,0.5272196207050089,-0.9503372227851064,0.8422696367689444,0.7665477281467129,2.163822882075865,1.4649128633170687,0.7939257016441302,1.0785446953309439,1.5257865473667451,1.1149528236083275,0.9780827840545793,1.3001553131796768,3.2314052872089962,0.7356803037684512,-0.6505467397092598,1.0907008999301253,0.7302845416419769,0.7443267895743733,1.4473114694785807,0.7874288218098512,0.9182514051506202,0.0647444978137036
TCGA-BH-A0DO,-0.8768572267291552,0.712955569667574,-1.3692742200718873,-0.328783217373999,-0.41980431639500554,1.7624461975736685,-0.9112462079463176,-1.871116040483421,-1.1584060098732007,-0.8078693109658852,0.19266175780350037,-1.5580437060106236,-0.8263002394319925,0.08718874804534031,-0.8293071577674609,-0.0768226095757279,0.18631328546914594,-1.351620472036138,0.25853022231704686,-1.0557525067392561,-0.5672083414643433,-0.7646369212867397,-1.0555114448946163
TCGA-BH-A0DP,-0.9178626198606141,-0.15651727879095845,-0.6532271578430209,-0.06856109966611593,-0.1943909754114808,0.1436630279943431,-0.28251308442333367,0.08985937644625515,-0.6667605473495973,-0.45446753325216244,-0.021527196813722654,-0.3088261383385423,-0.42037788404591453,0.15790535797047403,-0.44353979990434644,1.162408112948037,-0.0623412222867912,-0.29805481541179973,-0.053690888743030026,-0.5905875414711824,-0.4188150904136485,-0.6425087488508504,-0.21839362868104892
TCGA-BH-A0DQ,0.07283543647900544,0.029238840626367717,0.3880831507386358,-0.03729285729107427,-0.397788070449721,0.1781846541210491,-0.20998553501845008,-0.6603194936375101,-0.5221745599046501,-0.5890273639780313,-0.4156907119978091,-0.38712215615802587,-0.40144130639440284,-0.20908377558676666,-0.46814155898196347,0.1276090708907254,0.003620368586287786,-0.9287750871631426,0.9585345115090983,-0.8629392497271006,-0.6169330065932396,-0.37920502958598756,0.008046934786329576
TCGA-BH-A0DS,-0.24321370833895162,0.8400930640568924,0.558223915764953,-0.03460021018761614,0.48543176856673825,-0.03591886797184213,0.4503505598033971,0.1477161514869638,-0.46979319842267225,0.17868012337572617,0.3806926297717615,0.5900357634417872,0.6441185865620151,1.0913218580798107,0.6226939346463055,0.7080172971423356,0.37714810676258376,0.3279104248657284,0.4545088140955943,0.14612560478463868,0.5369428201763335,0.3974592613619721,-0.14648880898372357
TCGA-BH-A0DT,0.1947750904849251,-0.19567999128409702,-0.22944981417624752,-0.277905421350907,-0.5559387153687759,1.0040705069283018,-0.21926367774756048,0.07244589878861141,-0.43600803575705627,-0.5703844713728717,0.629248837181136,-1.363772113236779,-0.5378617317146689,0.22343106665279522,-1.025639100913315,0.8767025202187986,0.13866785330836062,-0.6048969331725631,0.7613583984789398,-0.8103576328846038,-0.6043702369009955,0.29748789204895215,-0.256589856590147
TCGA-BH-A0DV,-0.2116364645110755,-0.22474308904056636,-0.1999839922541814,-0.5412050502940328,-0.5655013309274202,0.587496382345924,-0.22143870442510097,-0.5866976904450085,-0.6381475972186716,-1.158638634451748,1.1808329430672222,-0.719720941501517,-0.32287563103425043,-0.06904238388233054,-0.6744907594765952,1.3914581759346392,0.1650892972947655,-1.222268209093741,1.684504056441741,-1.078492356746955,-0.3690799609620001,-0.17874408705400996,0.0377342319702491
TCGA-BH-A0DX,-0.4080535438828604,-0.29176631215422666,0.9032182512504267,0.5125396301444641,-0.13887789626286867,-0.04472338602928328,1.255929343370938,0.02690091699338674,0.2256874172542993,0.028348522610429,1.0065737716404612,1.1145043476998422,0.9888992838216576,0.08951189806259816,0.6001639579428698,0.9116410332982788,0.2952572966323837,-0.27452116657577513,0.8348725068468054,0.5287051141172808,-0.023811944845154392,-0.17598084434024608,0.9965850208021796
TCGA-BH-A0DZ,-0.05439032200548138,-0.5142830887367894,0.1828562602480501,-0.4042985498029688,0.1058895939128059,0.9461753349099962,-0.312573542647406,0.4404478269814993,0.08166834788472226,-0.006539999639693728,-0.22282884043850337,0.10649546629476694,0.3345183890343282,2.044357261174602,0.26473199063528846,0.4630324605258325,0.19130662452563263,-0.5655101735279062,0.3175066523741769,-0.35872695354565065,-0.011930859263622112,1.5244632893197299,0.18050885412348602
TCGA-BH-A0E0,-1.5337824959295958,-0.10718427705467269,-1.488820154004493,-0.5062618717725934,-0.5650398461352674,0.15227959651734113,0.2736590288293045,-0.9027434856009865,-1.7632179088276756,-1.1248470636011632,-0.09104164487963154,-1.220151730430978,-1.0721928470567164,1.801663369285227,-1.2051555345355296,-0.6431670001227107,0.3892787204907345,-0.3737286883860585,-0.27379728596203823,-0.7705555352689409,-0.782916850885789,1.3665965830779911,-1.600284333298992
TCGA-BH-A0E1,-0.5717068624886491,-0.43205471279889046,-0.9948308024237843,-0.9824155547237591,-0.6551905164795464,0.7490318051754731,-0.7398243716988215,-1.9993353246859753,-0.44247752889695746,-1.2060339912660594,-0.687182066682713,-1.3987573429903988,-1.1001004717196123,-0.8379851537132373,-1.0011285927272793,-0.5360960387724918,-0.36242447414343326,-1.376709102576977,0.45454754209232345,-1.2427504171831436,-0.6088976204455399,-0.6304626083809768,-1.830490252572876
TCGA-BH-A0E2,-0.5154859915510857,-0.5083572392053565,0.848640926011722,-0.32098224543302273,0.2738295570174415,0.465425775476009,-1.2517914272960504,-0.48884677262830906,0.025755952472240204,0.37197589192428504,0.6475296517783183,-0.9600736995949071,-0.4758955011390933,0.8488867254216876,0.009406692764422806,0.7287391722694995,-0.03979502229159984,0.059005576726894035,-0.7302464002693443,0.003522111639094403,0.2938722075435286,0.4470938351972032,0.13898847182994142
TCGA-BH-A0E6,-0.3388248265405604,3.0688911744296523,-0.880229852340775,-0.6437478495163811,0.6167351925964144,1.4880053588342308,-0.21417119534365728,-0.4718385286720963,-0.2484992802810409,-0.08865084507283282,-1.292756151694763,-0.5775552811363905,-0.7347258880844743,1.7718213941951926,0.4266830881660862,-1.211654517872358,1.880588544594874,0.2293848358033157,0.19918737251331722,0.5348819858351705,1.0958976735211274,-0.2496511741972484,-1.1442135391240247
TCGA-BH-A0E7,-1.0690429977201288,-0.8928065347960934,-0.17277302300836925,-0.9561210649401592,-1.4606035046298518,-1.1894347933662894,-1.3482946098233177,-1.1318201068480935,-1.3168400414981132,-0.9744050907370908,-0.42675227127219234,-0.6460803271002148,-0.6968019578403178,-1.279577258014151,-1.3788203770358478,0.18470979891432768,-1.5243369209602229,-0.999672855022893,0.48306873134989925,-1.256740378010929,-1.2871112269373428,-0.5561777605282806,-0.5744889141989389
TCGA-BH-A0E9,-0.7763434836759637,0.62359824197033,-0.6157610086381531,-0.041084361265113875,-0.039427121085983466,-0.11783406737445312,0.584408185659701,0.056046636974961636,-0.9979508314394059,-0.6964356773714623,0.3401050017542383,-0.589394478339255,-0.36121848039990473,-0.5677462360693722,-0.7579494436618507,0.41055142546171125,0.6514091166146102,-0.3175900332263145,0.6968309824737173,-0.5163621473532788,-0.3054326570239346,-0.6811057650821426,-0.8612613454146307
TCGA-BH-A0EA,-0.22696119281413588,0.0031646750515853294,0.14038364287601257,-0.4581830379869553,-0.4227576068065559,0.22218346711354342,0.26093286902862384,-0.13154819213402796,-0.932610588050841,-0.8568048912504961,0.2751537298221573,-0.26553573525619384,0.20070664931993518,0.22521440201500587,-0.790127848669298,0.8849270097755122,-0.07559198193418804,-0.9692590998970697,1.092678656971152,-0.908476324422281,-0.43941149454056155,0.22544639769167674,-0.7759325928514488
TCGA-BH-A0EB,1.5863705946592102,0.16152209508434176,0.7237371846058076,1.2057539824305026,0.45777399216349235,0.24385114995821025,1.217690605840043,0.8437099769833604,0.47086626460043274,0.9269843693558467,-0.39780848431023985,0.541357314500423,0.34905955848747033,0.24691519946451657,0.9873249209633052,-0.05368041125783096,-0.3546170950856656,0.6641170600385885,0.9456099832789827,0.8340232340484236,0.4635180363860168,-0.5630285305867547,0.8200235430057161
TCGA-BH-A0EE,1.890495731680272,0.7020023680743187,-4.983861482432588,-0.06320178200788402,0.7826086231700848,2.1572694916447848,-0.16727847861001863,0.24153355069649515,1.1776053278818297,1.6523924748970333,-0.04639313323599972,-1.761475669660326,-1.3960708678226477,2.267274224836172,0.2144898618509957,-1.8734200290617058,0.012244498039663371,0.8479910679735112,-0.3747880141357628,1.8222359773707273,1.6671107803997145,2.300434303145944,-0.6329062142170901
TCGA-BH-A0EI,-0.5708238524322697,-0.743992651398383,0.9922819657794353,-1.6672951368676499,-1.5526795546459717,-1.1593442569307826,-1.19696232123186,-0.604028898814644,-1.1081024933205206,-0.2273104019349174,-1.0340261272958737,-0.5950859629626568,-0.995625327261128,-1.1270350017111996,-1.5109708782450373,1.0162580222782196,-0.9846727567830017,-0.6936827084764406,-0.17068183753897234,0.5158194356135183,-1.5569388848752703,-0.20233856564695307,2.096809389361123
TCGA-BH-A0GY,-0.30983497362837337,1.160396428547053,0.3904471501481736,0.21306670915225642,0.07637222786806928,0.6437148834265596,0.07323508375740141,0.25549441076641044,-0.3491304947235543,0.5527107679278016,0.8333334616681058,0.30354615489589115,0.5334417896931192,2.115402291174784,0.0257469658441267,0.5399436636597696,0.3378717320558771,0.29754248752782425,-0.35951180815303196,0.6223237594962554,0.08913770409358207,1.318037868134446,0.7476387480442074
TCGA-BH-A0GZ,-1.8245461165338313,-0.606808409396084,0.7148720996750124,-0.6941445378457938,-0.6237027026892747,-0.3106409273486578,-1.0110730265492094,-0.5703496065160293,-1.2092334089122798,-0.7362618715698501,-0.49956307417586626,-1.2619382934861296,-1.148673874896408,0.5323774475832213,-0.7455321306705818,-0.214245688184908,-0.9279538010234496,-0.4484533376996906,0.43638239857216704,-1.0920800398092452,-0.5655128104317964,-1.005472850668559,-0.9935545046232153
TCGA-BH-A0H0,-1.6334130196393455,-0.17512749352266438,-3.490001881322716,-0.8145305151447222,-0.23576700552143207,-0.35222759456613995,-0.4242414100940044,-0.7166438305973657,-1.6680065420802925,-0.07909300084293562,-0.7865307286317443,-0.7314873421519055,-0.2902665799296715,-1.002959551163096,-0.8171117171000679,-1.0052391869941055,-0.5843260608494215,1.0482129427541211,-0.2573431480217772,-0.28828920189176793,-0.49205007791071603,-2.468929038692285,-2.033844827366797
TCGA-BH-A0H3,0.19046991972643473,-0.1601750972022569,0.8832301293328377,-0.09926868620074551,0.18850240022040063,0.28362910442760264,0.716521988113717,0.33419414914626994,-0.5116001831174121,0.09122857607857049,0.026559708789258007,-0.34800697629556415,0.11797130571855,-0.3209328312206005,-0.3807512358436859,1.6213106035012932,0.22434284460957715,-0.0650470284425154,1.1443919664261066,-0.3768349495237815,-0.1777266881449246,-0.4927789364855321,0.12849260880024715
TCGA-BH-A0H5,0.3904974950352595,1.6665157071775465,-0.9435154315386144,1.5010554727535383,1.6877535963034267,0.9250973914035066,1.371635167157594,0.9478645957510894,0.9101627434931273,1.055919112362962,1.0958438911671395,-0.07399596964026504,-0.009975872073825035,-0.1239405926863509,1.0058217424940104,0.222756790573148,1.3642234107506612,0.43862217872196857,0.07296949662404367,0.8214490763959443,1.6308017737803002,-0.6267738438083573,-0.4048765481907662
TCGA-BH-A0H6,-1.9797997710750275,-1.2128488471339651,0.6664993278462509,-1.2198540401877012,-1.0319218219441784,-0.6358596731909143,-0.5644324065365747,-0.45818002897033977,-1.259844351882226,-0.952655638483487,0.22089624066043517,-0.775372400032345,-0.6365755470269634,-0.5755639846753644,-0.9061300975574542,1.773159414950924,-0.9017184347265251,-0.5279634905640818,-0.04112153768159722,-0.8254868604569128,-0.8646228847706949,0.6338065419621122,0.01787969204933766
TCGA-BH-A0H7,0.33935633097094403,0.18193751639064737,0.21337765795453617,-0.7498125035123834,-0.260317563817282,-0.6133839317956908,-0.46916367030634937,-0.9916512470922463,-0.021742175527192424,-0.43188035709494155,-1.608591228257496,-0.5878072665410738,-0.5151436242102904,-0.42614797695460643,-0.581673985539387,-0.012536614466507126,0.08418707884033481,-0.5245433452310465,0.15641990403568798,-0.7548452236729728,-0.3104121983430484,0.175167852253139,-0.18848924141054302
TCGA-BH-A0H9,-0.09855895923384768,-0.20635847720296704,-0.7201254091242233,-0.9712398923582379,-0.1991773483374296,0.8563006992894074,-0.1034776173966574,-0.4438647603365685,-0.6181730627317685,-0.8330576279675665,1.337744849763745,-0.19540293218019675,0.3128780503028357,0.052013307001493446,-0.8632675067026325,-0.632520982729317,0.09931086831521102,-1.4574831235848955,1.0257176021103125,-0.6777528513040041,-0.14276030237042653,-0.056216856167854934,-0.21594409351966687
TCGA-BH-A0HA,0.6939051739037839,0.22251329962467045,-0.7141368741233323,0.10266478084165577,0.6833313427203082,0.10509912163386849,-0.5254530834500176,0.42368781073978523,0.23228670617974728,-0.11323961066967253,-1.471749769754893,-1.1444431381609474,-1.1316570240547625,-0.926870925360529,0.3748253089898973,-0.12712960043682187,-0.13626683919734778,-0.3403293676026447,0.4987594554263281,-0.1575842440619212,0.5619506070476602,-0.41410982139939023,-1.295620629326659
TCGA-BH-A0HB,0.09925301450572925,0.2153250438342093,-0.37723808020549865,0.8290568198227877,1.4030142748998888,0.6049793542951842,0.4075589260008148,0.20034319214097707,0.199869720874974,0.7906984286036618,-0.04479124694817926,0.4023262050897083,0.8984598026774896,1.6390549119211748,1.271763283800495,0.08911478193365166,0.4811654056141139,0.589445127237854,-1.3769418643288236,0.9048605376924583,1.5664585266077466,-0.39054054395923904,-0.8172108193905702
TCGA-BH-A0HF,-0.02608873277189494,0.5422931203122257,0.6498100537841,0.28337828467645465,0.02335922476123089,1.2446954948305498,1.2828319121386897,0.08413777944687832,0.16660370868536895,0.30164158671314156,0.6478681004877953,0.898518206130377,0.6473038377353199,2.279868937416478,0.41413450638451965,0.8058116144488459,0.576123544985317,-0.4777937002258229,1.0711342922736702,0.04013705766901672,0.07417536702038548,0.5955270120633338,1.1362831168303984
TCGA-BH-A0HI,0.4567694249940916,-0.5085158207974348,0.3218411224669209,0.17842900708709442,-0.5279238507804374,0.8985031072135259,-0.5140940996868932,-0.08861189255358057,-0.29858545763471517,-0.2192802418744166,0.5705130376605205,-0.2703861304185237,-0.12091129874460475,0.010495982265945376,-0.3663409767691942,0.3998026376601571,-0.4010520264115993,0.6848273394243161,1.3559985672789832,-0.42227806209702595,-0.7262245065672303,0.3506495755304674,1.3095472677321482
TCGA-BH-A0HK,0.1460898554606942,0.06425354551453209,-0.23509576925786438,-0.7374400227526811,-0.2818806231807708,1.1726681919666746,-0.1091288976207413,-0.402420519878659,-0.495720718622388,-0.5190236688390382,1.8536328549919951,0.03737939763875206,0.9053221152956509,1.4249099888951622,-0.11494475078522784,0.7196717000579553,0.35123775888706066,-0.43598544179850446,1.4454519796728718,-0.6804442845786229,-0.23174370561756916,0.16541661528196547,0.14783338816627303
TCGA-BH-A0HL,-1.714624709841664,-0.1813936923151702,-1.3431356536826926,-2.1001909730810238,-1.8974853268933018,-0.9565110599125815,-1.8369393874928484,-3.1870661823966278,-0.672401618266064,-1.8801479672031196,-2.1621333900240947,-2.075575445448821,-1.7579888395732342,-1.6559794303893922,-2.41373810551521,-0.08653961903431501,-1.1645138513519746,-1.2969074177789,-0.8975150402999365,-1.489800073305729,-1.9533482628997794,0.376719276727094,-2.216006610433338
TCGA-BH-A0HN,-1.7990141569173315,-1.0019665698885694,-4.036342548255353,-0.8823931436551479,-1.30687999776488,-0.8168544051112364,0.4079097923695747,-0.5270701114405707,-1.318743335614635,-0.8470900148881209,-1.894435101317388,-0.6831131595583055,-0.6518102013673244,-0.3092655653190237,-0.5104681920317969,-1.5770965144310163,-1.2263485312168187,0.290957717217452,-1.4964771564469073,-1.1530591519345568,-1.5146064850827032,-0.5190238916333137,-2.372948138014903
TCGA-BH-A0HO,0.5258738289779965,0.029892656151150512,-0.6448794144100716,0.49667783787674535,-0.5008068395806462,0.4517329376860379,0.5485622361870809,0.0512236267681903,0.31122995106825774,-0.04366916439056624,-0.9291936148716189,0.8308907594218706,0.5775705700934033,0.2080279231004748,0.25343206884356084,-0.691812292262207,0.884727264182406,-0.8158873214036609,0.3456096165068813,0.1800630525801039,-0.5441188871052076,-0.1795967091300214,-0.9219324679687083
TCGA-BH-A0HP,0.6773807893233886,-0.6557873363763406,0.11145769173081334,-0.40359352805669174,-0.04914469629558883,-0.6331141339227112,-0.10576668723288021,0.6340796508401678,0.047976150146005446,0.8978832154864786,-0.21781103668527185,0.1577260259990754,-0.40892231584363403,-0.33319940598322784,0.22025906904393489,0.6650457757320938,-0.5448363316748703,0.2360754787293783,1.060799648601571,-0.144149799942251,-0.03265345258057013,-0.1906202960813276,-0.014688121184966962
TCGA-BH-A0HQ,0.26211769921593864,-0.9334146831378319,0.6250846501790442,-1.2243430513213407,-1.0063612995291318,-0.1573871326250013,-0.12101710652279812,-0.28456265948031334,-0.2918775033162436,-0.6479905210467949,-0.3320546723267049,-0.42804037000411066,-0.1873832137836761,-0.21164589637172834,-0.882997568825543,-0.2631917034594037,-0.8175194075429498,-1.4816655977497064,-0.3472068519409952,-1.3012793472319666,-1.0342995266640294,-0.23592586240963898,-0.3685304992524365
TCGA-BH-A0HU,-0.11266466417133458,-0.5280630354563197,-0.5999145949748196,-0.03915697061561505,0.1691652260980593,-1.0014733147695725,-1.369068702948188,0.18634710723414882,0.593990753166962,-0.12534212891012064,-0.9923605603162805,-1.4329291759706864,-1.2305755964631577,-0.4821878784616808,-0.4033759271415798,-2.265161604916147,-0.5992765064073401,-0.5071566067022386,-1.1908667975620801,-0.2934188766798921,0.12394579679264653,-0.2721509175181142,-1.6112952030860115
TCGA-BH-A0HW,-1.9180465220266747,-1.0272916479801852,-2.3386463807750704,-1.4885681445238983,-1.5222985966741538,-0.7278679018414869,-1.9221500321424987,-4.078826452763947,-1.0473467968197228,-1.589163670522909,-0.9989750446759519,-1.8449748047593753,-1.2539664134271384,-1.5565136389826972,-2.124121414171649,-1.2898442168032527,-1.161255025150039,-0.7785451870788577,0.3601909122003399,-1.2881359105351649,-1.6554223594101742,1.0177491355367756,-2.0745461901444715
TCGA-BH-A0HX,-0.8761695641101194,-0.3740875964727691,0.5007733228439407,-0.47156232430033573,-0.4650026741349316,0.043094999322002975,-0.44762885876945024,-0.6292596454209909,-0.7167881621217888,-0.21815380357264452,-1.013478629709509,-0.2698100412644516,-0.1900764633271801,0.8347659610224855,-0.44858243646195384,0.5671789903372757,-0.39027326632135445,-0.21277775536317242,0.5423439528807158,-0.4619285490691895,-0.3662207784764882,0.6371848805913958,-0.1272563592539735
TCGA-BH-A0HY,-0.9253620019235724,-0.8260706352435971,0.2704748619197814,-1.2564070365193114,-0.7039004809052268,-1.0727233622791903,-0.9628191111820432,-1.837194234738995,-0.8938266788501446,-0.6223914475494211,-0.37663117173873417,-1.3434389190828728,-1.194632974984275,-1.052140248999698,-0.9480370090877921,1.2073863013143438,-0.6037364945309479,-0.8539754018617124,0.6176556199823084,-0.5948418090822251,-0.6198671367511414,-1.8153800644004257,0.025381137825473788
TCGA-BH-A0RX,0.7623748383153096,3.263343404588729,0.2630310286893141,1.4555368610769535,3.7937648833404363,2.8185557432124364,1.2758845206492089,0.8764706931419824,1.2704762335038065,2.2678123119753035,1.38507340144561,1.1045171160486382,1.6955274524687158,2.012183342815105,3.2725173806306964,0.10523221149360518,2.6388508532502923,1.8135221983232188,1.4953863240507346,3.097225089899136,4.877096230659832,0.17739762908496018,2.6565657598016235
TCGA-BH-A0W3,-0.33226283637939996,-1.2722841897569772,-2.6334773014212143,0.2885472321390535,-1.162767711836715,-0.5915286485316826,-0.14868132949340374,0.2553609683918043,-0.7347088031754268,-0.45029386901733787,-0.48589321257175055,-0.49411348242161274,-0.5991251468752072,-0.4204134122835739,-0.5485737319716725,-1.0923445659397146,-0.9165035739294194,-0.7325536196816483,-2.064860413661387,-0.6936508310412829,-1.214210185694794,-1.4266762498929075,-1.611554817052765
TCGA-BH-A0W4,-1.692317504988788,-0.7881622234339689,0.6458283592902461,-1.087625317041944,-0.9622407206802313,-0.33391233550481964,-0.8320140425995882,-1.2206284264325136,-1.1637043198567545,-0.8095326627051895,0.756579844607394,-0.9380286134373135,-0.7559813843723321,-0.9204686741705317,-1.6245986771850356,1.7726534310920703,-0.6488810414461124,-1.215120973275369,0.38735252750095905,-1.1613069609842526,-1.1258971415517554,0.094708630180671,0.8022136191712007
TCGA-BH-A0W5,0.8444886710874837,5.7104628656696095,0.5222427570867293,3.4121276494834984,1.2851770331222523,-0.36213094903243476,2.0667940150444615,0.9119163311465497,0.6949608955166131,0.8280929861800052,1.1127058836776835,0.06118743893750234,0.14273639804376193,-0.5320112310294729,0.2646483615489238,0.9262790082112948,3.1588347117278657,1.6727193071142716,-0.42307219378293015,1.3816027978709988,0.7835498415333164,-0.5805233715896343,-0.011191949474757407
TCGA-BH-A0W7,0.6430211849236469,2.147204446668379,0.8219963718081864,1.5809350801133788,1.7114952481375814,-0.27451773054936845,1.1126449951286719,0.5418150400250369,0.7520953255461128,1.2273370700338242,0.8763391753568396,0.8250826308564249,0.5945864243902712,0.33844681733926624,1.2334611708419123,1.2144190186452803,1.470957242195121,1.1200975767291381,-0.6063923059939521,1.2728464242028836,1.6795083520948415,-0.6088290509721985,0.7618399452535398
TCGA-BH-A0WA,0.23846362158837184,-0.7643542384749997,-0.07319659042282005,-0.3510143674139113,0.2166410008664036,1.0811493963230874,-0.5301258093279604,-0.6066515020911419,0.640204499584372,1.2188659856401003,-0.999577211335714,-0.584417849056543,-0.4700569207216107,-0.4950195481128609,-0.29516160963135346,-0.21821241732186655,0.2933224518588235,-0.4741127976303309,0.07933815263016779,0.6949660606312118,0.3316971779582302,3.228396838364388,1.1094103298493465
TCGA-BH-A18F,0.6250720961702565,1.0523961315923134,0.5439321679304947,0.5130494133619026,0.447723346775123,0.2678257396514389,0.6526018212642957,0.45468822988430824,0.16594354470963762,0.4179942329555493,1.385338403286469,-0.3963133315738616,-0.026054110339765534,-0.23770317749849132,-0.5335774988117928,0.46038106977284066,0.513357180920178,0.3711593113712071,0.6437822184390214,0.11398108734204755,0.0989561571789254,-0.5389017484374375,0.15436890311680396
TCGA-BH-A18G,0.2745095658083267,-1.613319557595679,0.3583735428309564,-0.3900712521917108,0.4378077847335072,0.822723171287916,-0.9681458519638214,0.15740689674121638,-0.35586762792674415,-0.08860600071311489,-0.2641177834845288,-0.7991238087443682,-0.7766928611399315,2.6757048081092263,0.8768824726247852,-1.4843884953481226,-0.8184357511145657,0.45346574276766854,-1.5526721994811639,0.3175527119143797,0.957877570594311,2.229920092231073,0.3659830323975687
TCGA-BH-A18H,0.8886509247285109,2.731418559210552,-0.5596983062418335,1.8512562527104963,3.2843580252371605,0.4938145688306597,1.4396222429729888,0.6752319636356119,1.1526899439919376,1.6102617488942417,2.198485747049954,0.31532081388077315,1.0235888823264074,0.5861641247733396,2.057593260318989,-0.06569923641102567,1.7657416154969194,1.940081820865206,1.2711982731158566,2.3575191758371092,3.266974088728116,0.3822525015915965,0.30508431412839404
TCGA-BH-A18I,0.3859400060243543,0.8682121056825554,1.1254558481226449,1.3726666726888,0.4988172310689976,0.4080187088502161,0.9645481547375118,0.7776581640687718,0.5137781354073545,1.152388391786703,0.5706251406109477,0.34471005681270606,0.3091069689976635,0.1759778225192697,0.47785800694180647,1.9712032810616378,0.8133005193958349,1.4303171545814726,0.07161375409128844,1.0790786010059235,0.4437269702437765,-0.7501173743041177,1.2506824793739673
TCGA-BH-A18J,-0.3319081801062201,-0.8765924272932606,-0.2769208273478609,-0.6154214769437282,-0.9659596571174636,0.5457640636855994,-0.4633497764390286,0.12652085471722402,0.12485444825962884,-0.6199029047268756,0.6331366480750781,0.2069796010078714,0.38832466728276166,0.09844500717355764,-0.4082794207190633,0.6132405837593274,-0.9321106194628994,-0.6826315114403403,0.9316670696465378,-0.6163102259123965,-0.9836232808618638,0.743383750275057,-0.8386994277739185
TCGA-BH-A18K,-0.8747819502542306,-0.6106533021502463,0.0,-0.8804836644302184,-0.7733453227260507,0.6863286336922241,-0.5180189173478792,-0.7372411983918231,-0.6130130306458366,-0.8583895854862436,-0.3930149778036714,-1.0247816162093741,-0.9627359165948506,-0.3269383118757402,-1.1388849136675367,-0.4613165541010922,0.24394646219564986,-1.2412540535260042,0.7887736084385776,-0.9312367774530868,-0.8106265793779799,0.408124666212384,-0.0489093840646242
TCGA-BH-A18L,0.1792307970902955,-0.37518586124521264,-1.4639362707669967,-1.1974252701596508,-0.4782055381547287,0.5501724763459684,-0.6178429594600037,-0.7341112349929761,0.7919689445152651,-0.42107378513872873,0.5418850178365048,-0.14377786634002815,0.26803189097093905,-0.30764631218008803,-0.30010415557763065,-0.6047066550856518,-0.6245721108497386,-0.46759271262479435,0.7710482676016605,-0.680021890307439,-0.28651928743568844,0.40781825711364367,-1.800587713839147
TCGA-BH-A18M,0.5725813662161461,-0.5733894832106348,0.4506615656448189,-0.04774171001827143,-0.33334564302157826,0.9194024303046759,0.2030045826878516,0.13805318533807673,0.26830293109705944,-0.4268703238513637,1.415616271406571,0.2990042805090145,0.925390400352736,0.27072430178114715,-0.3720605814187666,1.293295982502088,-0.17622860665117135,-0.8618439308331285,0.9850007822102013,-0.6076159324240372,-0.34126151583467773,-0.6713144729254092,0.5206624888235158
TCGA-BH-A18N,-1.4095580650865422,-0.765850949190834,-0.6278428913184235,-1.0025101639623248,-1.1535564790766106,0.005110676163493688,-0.869856598673754,-0.1978801683810841,-0.7104213759357466,-0.8965886966541606,-0.20629197233874813,-0.10982932139604576,-0.087198024122997,-0.4266627810014289,-0.5446468589183401,0.03618991438416102,-0.4285225276562158,-1.3875757340903667,1.6959404623163943,-0.9741718392829969,-1.0376585427927856,0.10342431258029708,-1.0623759865121118
TCGA-BH-A18P,-0.011058673843647457,-0.40406284531793957,-0.40023102809708117,-0.8347598332398436,-0.20332012587697346,0.9467573452104016,-0.6828869308009816,-0.06802135644640049,-0.13793955488250922,-0.016329242661374845,0.37914791660533675,-1.2453992866327028,-0.6526935823474027,-0.49285031918744054,-0.6461638462318791,-0.29725928659174894,-0.4208816304242267,-0.4324749108468458,1.1260684173392077,-0.34250902092041347,-0.16292429577701736,0.8741254983503416,-0.33332500067054505
TCGA-BH-A18Q,0.801482077579926,-0.13486444197430458,-1.6522936939593862,-0.6351162777506946,0.3316191177426873,2.019177127385672,-0.41196689098718886,0.7665787167471745,0.8885525748732688,0.19586431800529716,0.43248847426950543,-0.7177408582300056,0.06406368555670372,0.025606300198238355,-0.22822860749084475,-0.31112389814949,0.5775918587304344,-0.7419566899330687,0.2802306780228009,-0.11989265766411404,0.22558184040702767,-0.6976340576108715,-1.0536754417574794
TCGA-BH-A18R,-0.28577756960316497,0.2980457461864895,-0.9705265261098353,-0.52823994039362,-0.35293684955605265,1.5220397994108257,0.18373268773679421,-1.1267497827501578,-0.4851704988706472,-0.7127368453272181,0.11214192665664643,-1.0113408016437624,-0.4659126270112251,-0.0007916151626013651,-0.8846047070472303,-0.5528295387138664,0.4932092669598035,-0.6984840709355941,0.15435905642308595,-0.6555632772083743,-0.40238035327090754,-0.30505071123138017,-1.4038075392775697
TCGA-BH-A18S,-0.02710243249975117,-0.16100505746106195,-2.1996234911859425,-0.6887258478477091,-0.4236134097825452,1.0982111169365862,0.06805643277456772,0.1395208609207876,-0.5933434976139913,-0.6513311553059902,1.1550562757578682,-0.003434014668225344,0.38108813535909575,0.34572629516687214,-0.0438904465507132,0.1974598534616548,-0.6763282815272952,-0.928869495741891,0.7591830848482678,-0.7513394615394847,-0.41620528843655386,0.4628913320677852,-0.05327228419524055
TCGA-BH-A18T,0.12003574519170264,-0.5385773313241458,-1.7179639104528477,-0.7073743677038788,0.4529199439581915,1.2945982652551866,-0.9995571364315989,-1.1291890743164748,0.6569325443339631,-0.08495845678821236,-0.47337986131439885,-0.2856331880135566,-0.058381198744463736,1.5944537002905212,-0.07200379327688378,-1.3597739989288038,-0.24330684137723083,0.13159736583641915,-0.662987828311436,0.3127796262887667,0.4928597468457825,1.8290479374102493,-1.6092751054436114
TCGA-BH-A18U,0.3205307518663015,-0.46913578886911245,-0.23626829067437036,-0.5591911971661018,-0.2925704455197636,0.8393348887987726,-0.6883082811198116,0.326039185328954,0.2687684798547995,0.5027421175391543,0.7032438617296264,0.15273102568427593,0.48982298402384616,1.5379885511266558,0.03524347038097484,-0.042133957607006084,-0.09022660407595269,-0.19961346558606347,0.5944004832699675,0.14184688978548113,-0.08602304652144804,0.7337875458434958,0.3378650164533642
TCGA-BH-A18V,1.7509856128305086,0.6517514288333816,-0.7255733033265523,0.7159926556822884,0.9484734594652875,3.0219312105625713,0.7456546048459441,0.9735725075344546,1.533891752658904,1.6645033185583276,0.8843630497937367,0.9706675801525789,1.3084707754130553,1.3236505867840809,1.065047145733589,-0.39043108980746183,1.3361399353049859,0.593279608166129,-0.5290965557530515,1.6013918816352493,0.8725599299962281,-0.054540349424555455,0.6744907594765952
TCGA-BH-A1EN,-1.30070095317441,-0.2860720947025722,0.14455087827008195,-0.9961199012944189,-0.010853247005865327,-0.23363050880419006,-0.4057257852845402,-0.9782910683560854,-0.5852703196890708,-0.6153416586564897,0.08402121906992509,0.20611567449836732,0.31527028113134,-0.5926569781438876,-0.09216353035992979,-0.05523717265891161,-0.4972601167522549,-1.2178198362852082,1.5249170516176687,-0.4848870582946134,0.163195462356698,0.28891101990059104,-0.4752591144972923
TCGA-BH-A1EO,-0.33227684312412187,-0.13436858430062282,1.048788171696509,-0.10992528792884566,0.20174415940699808,1.63780906251056,1.6367857734511433,0.49227303438109343,-0.07565207937725302,-0.09826706017365772,1.574458569874134,1.7335232893167085,2.5017182177035133,1.6611354581252724,0.7999545972432527,1.3129149528887505,-0.32750471144894006,-0.340784188679936,1.668725593941251,0.48857804649041464,0.598243619817625,-1.2324527801151883,0.9459373826746379
TCGA-BH-A1ES,-1.5442112590186592,-0.6265291488503834,-0.44254996652668543,-1.6121484410165257,-1.521387954191386,0.7227312019515776,-1.8557149539517654,-2.2676901072417244,-0.8319623942128204,-1.2852797268990008,0.8108626113662933,-1.1034364737579654,-0.973737481514886,-0.4504177533847665,-1.6487344636412538,0.5659733488433658,-0.2500979988279562,-0.7199157138884689,-0.9327979956764246,-1.3464141170985742,-1.6214291897396973,1.2902958423955504,0.10733955318014878
TCGA-BH-A1ET,0.19026379700378193,-0.16961442453170217,-0.36543920197709495,-0.25796349810149116,-0.026694891711682878,1.6148228617664715,-0.07227490635287666,0.08253808827811131,-0.40685396276475466,-0.3290414961637757,1.1850100800384487,-0.43479709466209915,-0.01941153896979713,-0.4078408791152645,-0.22869119603108304,0.09832657596294522,0.06491749021729609,-0.2752690726318143,1.714609473093441,-0.513682625079464,-0.061161219610559876,0.4584713631479994,-0.01228078314217124
TCGA-BH-A1EU,-0.8984077221268997,1.4700166729104056,-0.36461142981388706,0.3361039259734857,0.2381198493708076,2.1445147923566585,1.1347263259788218,-1.1080214376256252,-0.5108071553578222,-0.17292485159243778,0.896959171289984,0.9133420497959376,1.3909926742759415,0.6227339540265526,0.34194767547232097,0.38880259150053526,0.4140389853928293,0.09668033839047249,0.9751548401862081,0.013464776203018964,0.2078415980709264,-0.8299999476519883,0.41739640792940236
TCGA-BH-A1EV,-1.479072492659192,-0.894433279408031,0.17172459003655022,-0.8752394917493663,-1.0960084119970834,1.0831969155945667,-0.6429831164835759,0.2087948658480609,-1.1197650793075777,-0.6646274394820263,0.0,-0.266655513330853,-0.03332277096573751,0.7698176912041292,-0.6954271303243067,0.4682755345800066,-1.1449216332448522,-0.3518582454094096,0.6983005015884461,-0.6639667425136614,-0.922387826091591,1.634873910031427,0.2858971672597874
TCGA-BH-A1EW,-0.011949549263329634,-0.09964986875042954,-1.0365560732298282,0.2583402013543616,0.38334138782059535,1.9676373448193356,0.40445924286171747,-0.059323486759932646,-0.19346310572095385,0.017894076292169173,2.1438837601702208,-0.0008541500551925658,0.8601086908148495,0.12408731554056997,-0.399671983748958,0.2999913073632428,-0.09094003001271009,-0.033328113059397854,0.9038768427118697,0.11774945556225357,0.2549151174769498,0.12582769683517214,0.4831073494730131
TCGA-BH-A1EX,-0.48640852801268614,0.14064270126252826,0.7992996656273632,0.14728493257782035,-0.2073766180007804,0.8283923723372704,0.20996382536054686,0.12161364320912266,0.0420806611339124,0.12184269166199693,0.6333695999701663,0.6104288243733423,0.842551254267364,3.19388240186392,0.22918170853375897,0.7872617745154137,-0.4459864828675144,0.406933338608643,-0.7743082440250625,0.2580822192724662,-0.17266602861384722,-0.6601299302612919,0.09698438520963656
TCGA-BH-A1EY,-0.5628806603168096,0.3730071743578187,0.7137270532902434,1.3567100774349872,0.6161386671572335,-0.5950768482405763,1.7249334118339874,0.7167317640440601,-0.26481971828272033,1.014284081792067,0.04441950361088961,1.0800721257745496,0.9831540906860881,1.2641696993393807,0.675133558693164,0.6272999028919896,0.21832195631297321,1.9730549180968089,-1.0681893203572626,1.1787570184853382,0.6598109137487926,0.5435825460389268,0.4124990017958636
TCGA-BH-A1F0,0.16315780353091047,2.358540622537791,-0.31902456227251186,0.16308740842658795,0.8182982179581837,3.621697247482537,0.5789319328478473,-0.6763119770533329,0.7602474414878193,0.9815230275251786,2.069984739326867,1.0301992011097205,1.767773896214905,1.579017021339477,0.8470399101180704,0.16195342897508058,1.5321464557714306,-0.008605065492791015,1.7616491690125016,1.0076771865586047,0.8206652922648259,0.5133763793576783,1.0827113291936006
TCGA-BH-A1F2,-0.410425445207575,-0.7414978571557911,0.11354780978412916,-0.9247550416963782,-0.8319042459358515,2.8573934785398794,-0.2601285498150203,-0.9823621271022566,-0.9862996302450472,-0.7097914820453548,1.977765821146792,-0.02448293709443402,0.9720509064540539,1.1140250241189786,-0.8856743535278466,0.6418017027382231,-0.35929539288042567,-1.198113219517645,1.427738063894692,-0.7955589968189891,-0.7256599479257437,0.22706903479571036,0.8862195320168507
TCGA-BH-A1F5,-1.8078151537982263,-0.3883054772960609,-1.3141750039974434,-0.9056484901587624,-1.2620575429470156,-0.2921844945995934,-0.5547593044749277,-1.022193403702847,-2.906086820768949,-0.6916592695871229,0.6059876470714545,-1.1764327527057665,-0.7949210350751216,-0.9914872660248345,-1.2765813410375344,0.6289796532410356,-0.400668004447976,-0.7378319737901745,-1.608250654700289,-1.060217639879939,-1.0002301229564252,0.6064045943352215,-0.8551584984788879
TCGA-BH-A1F6,-0.08549508193671224,-0.4020206806540989,-0.04780990863282998,-0.40582118510277565,0.34344981168539435,1.1869135060480156,0.7761815745589847,-0.8413146051691099,-0.1443126435619862,0.2484565071453378,1.6206672119534307,1.1954837844638897,1.9673544538168142,2.3222599050186727,0.8775411893666822,0.592967572253683,-0.4541278429297441,-0.7587435442179187,0.8732479876718872,0.47952453442291565,0.6646547354374316,0.13045615126772753,0.19309719145671594
TCGA-BH-A1F8,0.9783213582241793,-0.6202544272190252,0.10953062921633659,-1.042011422756018,0.0,0.2115959273933038,-0.8788197690376326,-1.4785663631471508,0.19526714612692722,-0.6033403689195348,-0.6293924738466707,-0.5184055774504951,-0.1117081637292489,-0.07058626728466362,-0.04522671689283373,0.3528900863193038,-0.7172727700745362,-1.2056253478691987,0.6872913428036841,-0.5259106661268305,0.26813846848820005,0.0676303613776433,-0.6848680374878843
TCGA-BH-A1FB,0.5256068130025471,1.2692989883508565,-0.48789998779705845,0.22711733114723193,0.5878369948810865,2.885456382321497,1.4184335436230917,0.3876462478894821,0.20144253469921783,0.29202704411563984,1.212333658232614,0.27132509339904964,0.8697069727535597,0.8248021187245269,-0.1275199352437923,0.4935425588852676,0.8359151399038955,0.2027384479258557,0.18537798380082873,0.14527390919846414,0.18041645353836885,-0.4811999292084839,0.5191652334804395
TCGA-BH-A1FC,1.4076624598043834,1.281473550666873,-0.846863336625362,0.15470601261890216,1.5069358006365297,0.8627743134534166,0.4110433945149832,0.826303522475719,1.161418123372514,1.3524832187257836,1.7964932845283887,0.43620735646226777,0.9632706561816624,0.14394843598528653,1.6989957021071718,0.30624412902010634,0.7835349280041445,0.25359138109486307,0.7345267834041241,1.16349316714727,2.0661234773264927,0.06361804661946438,-0.6273855986823296
TCGA-BH-A1FD,-0.9121111518055862,-0.7955258814260412,-0.4696680185006592,-0.29042178721244477,-0.872495028417144,1.1495623497946172,-0.4537247516922976,0.22398877668713832,-0.6886694530415307,-0.2812581566187286,1.2876990371123194,0.3041861745319504,0.6667489026596701,0.015733131311995826,-0.388890866716076,0.28924713942893376,-0.4739121432634224,-0.3725687252419208,0.7684099463174766,0.0404568574785174,-0.6350727445069277,0.4197863354341926,-0.24812201734473127
TCGA-BH-A1FE,0.3522102472111709,0.43025397796759673,-0.2977556798831043,-0.009408833822336468,0.6610692425403684,2.4717017560206185,0.3485142278738506,-0.9003911182360457,0.022705147889235056,-0.4226574923279757,0.8467054512032027,-0.03014708594692128,0.525866758119321,0.1688864064664391,0.3892444210810194,1.0256228729976817,0.347055508983454,-0.2109465762709631,0.6723459981244786,-0.09918444753675403,0.6172466732274517,-0.45340629633911717,-0.3999009556890459
TCGA-BH-A1FG,-1.102494127371371,-0.7472742714767558,-1.5182795431011646,-1.2734893520654174,-0.2497303766311969,1.7900795660410074,-0.6474103985753956,-0.7812034940313075,-0.9057453489066876,-0.5620559626852977,0.46134085548735454,-0.7964279105544714,-0.2999028372056151,0.07223436333945106,-0.15278252112910687,-0.5808249267367861,-0.3697481167497403,-1.211305212491792,0.08633657984794066,-0.7580298306714928,-0.0705021302773979,-0.02232787374175944,-1.006550198067771
TCGA-BH-A1FH,-0.1387679210502616,-0.3775270483485007,0.6674547888723092,-0.11824862044483647,0.023760864765242192,2.0237530014770173,0.9488726989438057,-0.8066422681155979,-0.2525509725138753,-0.8232101206273896,2.061494706559699,0.9910406512583706,1.9511073257834153,0.6338024849744821,0.0478791294446971,1.388398320821251,0.2121435569774829,-0.819168462171939,1.2753719599193085,-0.8541579699052908,-0.03391979224386956,-0.8584400334549322,0.18100891416379897
TCGA-BH-A1FJ,-0.5614843225800306,-0.223060982353389,-0.49161468541663383,-1.1478253788963142,-0.9950213738076529,0.12669380323333684,-0.6880034534175857,-1.9894977981633215,-0.6342834428583947,-0.7837162172228834,0.34851323947113855,-0.4737992303279318,0.037929562619204577,-0.5946466787315908,-0.8423429261493143,1.0168798462178827,-0.3367339711719441,0.04023468289600762,0.7971969720468519,-0.8771773581648559,-0.86132228173743,-0.37618779420596704,-0.6468861761206208
TCGA-BH-A1FL,-0.518908556445339,1.1484024211362287,-0.3967969986686657,-0.6955478610276865,-0.49021729655680196,-0.4970521732667095,-0.6146951080993425,-0.053370200324574804,-1.1509231803330193,-0.5969592210309901,-0.054303088284091326,-1.173319580659305,-1.1358108366752282,-0.4921153849768683,-0.8346801166250617,0.7231525865618736,0.16433725362943413,-0.2975959934368578,-0.47458675148710877,-0.5304380216685856,-0.7011191664733014,-0.6443453230370744,-1.3959289149248864
TCGA-BH-A1FM,-0.4156635248204085,-0.9649237365928653,0.15421194689594317,-0.8273231470681227,-0.7160704948413981,0.8295263786665191,-0.8744841581606985,-1.3202518224906714,-1.229466503314405,-1.0573520967613845,0.3593934777445641,-0.6527106543532334,-0.523982298155513,-0.15207892398447545,-0.3530097247309912,0.7028177039571638,-1.0248218881377695,-0.9745925333479032,1.0895921657773546,-0.9975261523130697,-0.31060871676715945,1.007230823477868,0.09369781632937915
TCGA-BH-A1FN,0.3835774508577143,-0.14807243301616982,0.42301010868794686,-0.3495754449189926,-0.0022040721242009937,2.1560240788524023,-0.12751407201713297,-0.7326582995743472,0.1340995073533896,0.13796167459853548,1.111392219925101,0.722999574449326,1.0766297409514405,0.7296527142758256,0.3194238744838411,1.399652552730768,0.4919787013746363,-0.4737556973981878,1.4613143011011693,0.0854374242341795,0.11694244363825469,1.7467074728780043,0.41315031487960385
TCGA-BH-A1FR,0.002840770410440219,0.34638265122506195,-0.1727741516856878,-0.011203969504165209,-0.053579016524569596,1.113751794835346,1.063211934696828,0.5565618756838524,-0.26741830142014267,-0.1483790104119705,0.2900954717380261,0.7430656960758116,0.7408395004668116,0.12068685776631594,0.5073210905822569,-0.18988827663896307,0.10555174645450663,-1.2705024666468767,1.3578328966254365,-0.20420005539273928,-0.1143471637089901,0.19245053913793436,0.28439724550086337
TCGA-BH-A1FU,-0.5592573722675379,0.9320774081528498,0.3351780392361475,0.2112456385573357,0.029503838715753544,1.1254724547092347,0.3662674626572975,0.2709756395477465,-0.5593846520715917,-0.18317867480517142,0.6235484980407046,-0.45770059075965214,0.15572923787547668,-0.17407050636339952,-0.4662753519317696,1.0067916875571368,0.7281058410139999,-0.37072232552922135,1.4004826576500689,-0.41429599569022557,0.02662085412858069,0.1958743148573233,0.17124782068843858
TCGA-BH-A201,-1.0577592124892718,-0.5133611965460402,0.7980055468674154,-1.1503947099830059,-0.7644411260131382,1.1052864233225348,-0.5700095891292329,-2.0397066111084454,-0.4383113930524103,-0.7713644642337747,1.7658047553675598,-0.370840012152003,0.04345809803737607,-0.05516088936741773,-0.6593823390806528,1.6247013792298939,-0.19908444547391588,-0.912267217789745,0.39531114072565826,-0.6797109490187913,-0.8409250447702261,-0.4200102050219531,0.8411402488967723
TCGA-BH-A202,0.5297320240371147,-0.6773587448072543,-0.24953097961585946,0.2084467586724087,1.1186508686915595,-0.6250779183956845,-0.6178190055655431,0.799724883983506,0.7834907748991062,1.2701051247252948,-0.13868913217009288,0.3846206513150285,-0.2854297003375435,1.231271185638529,0.9061982148147397,-0.8435210735655847,-0.33688130351090523,0.6776707245909953,0.5401438556787199,1.283769823996537,1.1759943970133253,1.4407324409903137,0.21526051000057944
TCGA-BH-A203,0.04116898458904617,-0.0231775413461651,-0.8512908523204415,-0.43770272361279056,0.10306361974751772,1.2135421290446036,-0.2649521653185176,0.019379460274249822,-0.36944573815528836,0.038366516915861903,0.11883072102971748,-0.635411081928155,-0.3949500372497756,0.8972368643719157,-0.029037984697404547,-0.19517638752038877,0.025492002769812925,-0.4151276915366378,0.8756519292658467,0.046365246436008055,0.10179666280559413,0.34706014638696153,0.19299594848376456
TCGA-BH-A204,-1.1792751343621706,-0.7111391820927121,0.10785928814914748,-1.4888498067796396,-1.0783931860068856,0.4647839096876714,-0.7531352687312827,-0.7851602350497084,-1.8028988491892897,-0.9231689060628663,0.9160361567903015,-0.22877207688892434,0.29899973954076864,-0.45879197464111243,-0.9662644912377921,0.6881362876932651,-1.1928150434774865,-1.4519748001863375,1.6646828802828642,-0.8736695298040175,-0.8364479728758716,0.08326302304162785,-0.36537781786924195
TCGA-BH-A208,-0.170341336342515,-0.07405278524592288,0.767991192595373,-0.5596968626010401,-0.338902018412914,1.4948451029540166,-0.47223469736332574,0.05864475205148193,-0.8273941306158122,-0.6093429339282255,0.6523074630262935,-0.7214696426528816,0.13501582241782495,-0.13074152599756136,-0.6137698134585546,1.3210633765747506,-0.2418688951072259,-0.29610759900669126,1.101887371071913,-0.6548076217685425,-0.4781798964796241,-0.42661957450149907,-0.03963417007461305
TCGA-BH-A209,0.7604566537344513,2.0844392616507927,-0.5022349385964581,1.436598497788348,2.025456567048368,0.7192222901149586,1.5074066542970017,0.7665906310158483,1.2880479038542776,1.7446309461108176,1.0581136373988045,0.8664122784203063,1.351986495842339,0.010957502759490752,1.7404379462219661,0.02256609738955943,1.1896490230644208,0.3230517832065226,1.3137788657465035,1.827935266678941,2.0284268894253197,-0.1390899567092922,0.5771744099915833
TCGA-BH-A28O,-0.13727731190316697,0.36265364875459283,0.5564793420088802,-0.16168392545098692,-0.06748195824369399,1.509701846985403,-0.12910909353525718,0.3361063118056536,-0.07055153921351048,-0.6357614971140242,-0.3189526719392364,-0.5501947513642422,-0.2106835871518058,-0.4452829956448747,-0.622773128522916,1.371231544597516,0.7355060943404277,-0.5993046097411882,0.7369223487994818,-0.7006810641832943,-0.4807767612044504,-1.0028808941259038,0.9790988910914555
TCGA-BH-A28Q,-0.2582290368301082,-0.04759181049826779,0.4006893370020987,-0.445104655845076,-0.381280289007935,0.12071511487670371,0.12888411583029502,0.04305529779374334,-0.7012870022008637,-0.25646656121113703,0.5788571809379438,-0.6863621205140515,-0.5013378283719405,-0.4806142732601764,-0.8177312491390668,1.612808729090771,0.8620263255869236,-0.9684951170205636,-0.38146956096168505,-0.7184050536196999,-0.7042929296720076,-0.9987636859317602,-0.9314203236133866
TCGA-BH-A2L8,1.7320793559563477,1.8561047630542027,0.3999593848565194,1.8290961157641334,2.469872796840622,-0.2744602535034808,1.653428926534485,1.1641296654988207,1.3492095716493138,1.522359203119446,1.006551440220433,0.8419974028070406,0.5444004410000088,-0.39452070976137515,2.054534471214447,1.2749086461531691,1.848486845660749,0.9655251537634261,-1.031107225882009,1.7537083114174934,2.6170777500103353,-0.6017915270607972,0.5717276472590513
TCGA-BH-A42T,0.02982601728298584,-0.20701754653668525,-0.4406092576115613,0.07823924560838778,-0.11782165121057238,1.574989884954152,0.22619174977348194,0.8328410089687349,0.22577435307094762,-0.47691712757700255,0.35883528368942214,0.13224674481201742,0.10675654895242025,0.7090025839736294,0.21321590802958446,0.3617714240434042,0.07214172509509459,-0.7926705708057555,-0.905243516464938,0.3919502293681111,-0.2641531273999362,-1.6005928007775294,-0.6250167186756018
TCGA-BH-A42U,0.05439002494866252,3.107818659128508,-0.44702077628675585,0.9962579776313009,0.8013831242780665,1.9715018221549185,1.2078236778508809,0.6777762862604737,0.5901135698407475,0.2935173113592984,1.2885147269632924,-0.20719469658750062,0.7052314059899458,1.2510283260020627,0.7910924139466745,1.0389808536790264,2.412546805870951,-0.47585502743092695,0.6768835554059599,0.13269281124376842,1.2381936009431231,-1.132325847807791,-0.04822482943129574
TCGA-BH-A42V,-0.5443105853986727,0.9867174151620166,0.463673195171208,0.6405224008677378,0.3037559323492165,1.1358698374474938,1.4279299379320003,0.32564002964096606,-0.39477894944376396,-0.29207638354478294,0.9521362255513203,-0.09497339947234415,0.37176479963445724,-0.20014991826055847,-0.3797818437379534,0.3733016619481982,1.767915730311794,-0.10744407578113,1.0229839536230823,-0.2479953773622093,0.1794328306169185,-0.9441868581777924,0.5440119758819781
TCGA-BH-A5IZ,0.1587428979612344,-0.5098000345672444,-1.189248765127903,-1.3837612477059347,-0.26155851265615776,4.794837606484104,-0.4108912308701727,-1.4521290908148428,0.12495929707475738,-0.2107419329718468,1.090750285030768,-0.17469983500786815,-0.33082250636931554,2.573352467427381,-0.0021829001581067185,-0.8695644885958392,-0.8858794355719962,-0.9446975776636791,-1.265845252579216,0.3987842869224527,-0.27193816293530426,0.013690602318021413,-0.8527100295790294
TCGA-BH-A5J0,1.01852867499754,0.5892571193408895,0.7047987036419038,1.6922242230472042,1.3550070470625248,0.6637269924230221,1.8789596597184117,0.9762518160754526,0.8489585924449236,1.0295807961777221,-0.3908126591906793,1.0817901656628754,1.2010490669277032,0.7360943442300794,1.4382021919188992,0.43434317248437604,2.06223617631994,0.7579791479843481,0.2800475073272913,1.1401646207506864,1.4868254737664417,-0.5817627883023061,0.4213283919181755
TCGA-BH-A6R8,1.0094662158336973,-0.04289097159813029,-1.5074326559256097,0.5710830039251362,0.5383189858662093,-0.7386831096444149,-0.22240762318554763,0.3385882068485836,1.3157065115894335,0.6884696392269317,0.17221822366937872,0.376451682621459,0.4508961302496573,0.09035826119288057,0.8067121915532758,-0.9534726297609732,-0.3560917685039088,0.583234438108328,-1.6393965003320092,1.0098860541289119,0.7724925260376913,-0.7491507280877937,-0.93243490034941
TCGA-BH-A6R9,1.584247408435429,-0.10897681991539634,1.3789366444991622,1.7036305492539607,1.1104979282499419,3.2169219330223253,2.1753841851352176,0.9758045752292893,0.9920401406843858,1.0848899221118333,1.2870806261946668,2.0118854096808785,2.8643371826692396,1.0678961723742255,1.7061071126966165,2.483211586661762,0.1858117072456116,2.210419646367796,0.6240572576044865,1.8917249338611015,1.885017458011039,-0.3858744972295482,2.468942580347649
TCGA-BH-A8FY,-0.46792440040966304,-1.025541814258707,-3.0619448168256764,0.3253385955533203,-1.2999235644074723,0.11752455969529042,0.15318677579474033,-0.8577446990951142,-0.7646278752543344,-0.935687688604158,-1.0006554710510496,-0.18777364590298998,-0.23593593237046917,-0.19189767170237873,-0.29445700378741946,-1.2412055490571663,-0.46255405759892376,-0.5579631198524734,0.35725794072588773,-1.0341600491943461,-1.4845684187067165,-1.5521282632417048,-1.221090577373953
TCGA-BH-A8FZ,-0.28514387710053296,1.9936175754357117,-0.1577947704406132,1.3391685975413685,0.7079073419722258,4.911754305589989,2.5245013649601997,1.0178464508315817,0.5086114917133727,0.597134612847741,3.006215424675626,1.5685553709202393,2.809843161223033,2.5137905646979584,0.5009974102503186,0.5254016515693248,1.3272280561675776,0.7178975956421392,0.5089249347943342,0.766580073958217,0.47565859942746636,0.5466870458005941,1.0961293239070184
TCGA-BH-A8G0,0.13784634802358398,4.74421519954981,0.7127302675865439,1.8626244509494447,0.47257842476661827,0.009728720330403279,2.651820172394759,0.8046394070075681,-0.08795064185539017,-0.4698874772927102,-0.17428363029309388,1.1861671535877036,1.1669503803798165,0.7232612416698095,0.8631104078708803,1.03766024551374,2.6254261600268105,-0.07164760244180358,0.669715176996503,0.19745012283908872,0.20587591086878274,-0.0689871718539365,0.6595907358695747
TCGA-BH-AB28,-0.4839883197401402,2.036889948901259,0.04184420974542085,0.8609239068183736,-0.05119980661395761,-0.46195680925410554,1.1135452342972436,0.5733427772347977,-0.4455585714308169,-0.024111732350119357,0.6699234399399995,0.27176579792319616,0.04052436653266582,0.470475197119184,-0.323582051629136,1.1347430005775103,1.7830555375160597,0.16321236587079707,-0.6150910137060905,-0.01803680977933826,-0.40709099038676855,-0.1856050938108125,-0.660065441632589
TCGA-C8-A12K,2.222650631295517,0.5304787001091347,-1.2979043712176588,1.7710551846939178,3.3993537273960497,2.872811098572927,1.2948855673914577,1.3971009035180928,1.4751915141900909,2.4604011178362786,1.9500303636384613,1.2330827503816315,1.5248169163519854,1.5737138000085442,3.3257146613420225,-0.4503842222241468,1.5119717284508913,1.424705764313325,-0.7917518815430762,3.4996515501742214,4.3740459539791,0.08342490650280095,0.6310880255922912
TCGA-C8-A12L,-0.4427437285482047,-0.2087221282110978,-0.6198538063844787,-0.7985956120323188,0.08175182374701839,3.3730751291979124,-0.9395618324166588,-0.30882693419774304,0.3192291096763218,0.47446664844079756,0.9387136445207411,-0.03726058988282443,-0.3465348199195388,2.6910127999174756,-0.19530928632937344,-0.38545464644015887,-0.0061438174752335515,0.5521318071519148,0.20748075418912174,0.5613396873772564,0.18409877175501882,3.6938853816837462,0.1509547787320432
TCGA-C8-A12M,-0.9587858087763624,0.3262735951553307,-0.8859913257403853,-0.6573115262860961,0.5575353003359587,-0.8704569266029906,-1.3394493235132616,-1.8068305361847048,-0.2062191766668866,0.30307586436471423,-1.385884937239389,-1.0636933260373584,-0.7805238167756814,-1.0469119711978512,-0.16912518778669147,-0.24080608344388157,-0.907774037382346,0.6807961827125172,1.4140405097655426,0.19559655632101358,0.6414633373597537,0.15911600094849865,-1.0926656449643244
TCGA-C8-A12N,0.5570277779823186,-1.1608243440594554,0.9269114030601368,0.5058797984156586,-0.7807406711722186,-0.8050173035425823,-0.3171597207640333,0.7278673363400434,0.16273282850890936,-0.13326444833237264,-0.4843633643075428,0.1067034779568692,-0.23631422456566434,2.0336902109564168,-0.12273215835453995,0.20446477027873136,-0.8769145917156547,-0.12901442543343122,0.2207367839853196,-0.02548630932328631,-0.7088950425581138,0.3264576403112239,0.9112070443450617
TCGA-C8-A12O,0.6718375965966362,-0.07902110812362663,0.970646047783177,0.09739049407351269,0.205511769361409,0.4863539085730206,0.27003617201003977,-0.3860353092043434,0.49216178454901877,0.49923278488705003,-0.3684494366591449,0.4700427438460559,0.16901368947181541,0.27268400730521664,0.4436463722621381,0.5865636899867532,0.0033156273105955274,0.10464876064286115,-0.10519570299909742,0.46782853460605306,0.16812572220597058,0.44544617479338616,0.6352691663430996
TCGA-C8-A12P,0.27976146198113816,0.011728512711739388,0.6594264452162656,-0.5634515240011946,0.07526546470707311,-0.3771671319920635,-0.17702249162717937,-0.4411242186165492,0.02558122779564694,0.7220309687662384,-0.7889744718512581,0.19959125006351086,0.25361852098783827,1.198342896238898,0.39336613542381377,0.03931096854251606,-0.37888699629311945,0.5408663067086563,0.14573354450222323,0.8706097440712212,0.29028645773032197,2.1930006415311687,0.11019193047582618
TCGA-C8-A12Q,0.5878863482195839,0.6762349156799663,0.47539409956441037,-0.6341966314939175,-0.1878079254988333,0.03844868618604309,0.4381221504943744,-0.3967699890511615,0.78648910805037,0.18845132292768788,-0.08848373186220967,0.312313842652174,-0.047865777295398926,2.580329721847998,-0.0666912519227237,-0.07680998264861488,0.5613135118988627,0.3468117096282634,0.4860235075252318,0.16340861615934518,-0.21328891474279466,0.8290844878086885,-0.10841777971489391
TCGA-C8-A12T,-0.3973250186660206,-0.5004029409045954,1.0177918768315033,-0.2839312334777824,0.10973700643901424,0.42409714982358543,-0.6797768630397093,-0.8777305550502335,0.06007291000993746,0.21012922291619757,-0.30612759119539423,0.3480283821192619,0.640204584840362,-0.3816343598905382,0.4494238319102889,0.3278921630068544,0.3812569554634601,0.21069884438342712,-0.023075462137736286,0.3192059218490407,0.422467416728163,2.236899179851362,0.7572058748410798
TCGA-C8-A12U,0.763437136435104,0.4763846343511062,-2.766057648473328,-0.4069897125346102,2.3499104991460427,-0.9687336953771504,0.3803153701641968,0.04610639715606364,1.4046203648121833,1.3690317555035503,-0.9166714050735877,-0.4460813076643856,-0.5756442471217713,-0.5115513500061468,1.566172921102775,-1.9918023792786477,-0.014520204392727673,0.4916274956377642,-0.873062718713378,1.3273274018219048,2.768111967663729,0.7238677795833507,-1.4669409441015058
TCGA-C8-A12V,2.1532428080300186,3.190497348536353,-1.3751292783531341,2.8825656129566815,4.70268759123207,1.260202081249784,2.585205685386061,1.0305900806286687,1.5753962899971616,2.6359076296866286,2.141159562111006,1.431903264419574,2.0690715673455755,0.540643902664108,4.018949637645526,-1.3920575197031115,2.4720388054109845,2.773561031675001,0.3699097036592847,4.653643789196386,5.353295407820405,0.15883452170247134,1.585452771648165
TCGA-C8-A12W,-0.31965887659119024,0.7078320612210703,0.9558036087273588,-0.564131104113652,-0.18183579305867106,-0.8939356511185487,0.10911445717978492,0.20671227829281263,-0.3603073678285194,-0.224836847535792,-0.34571953161981134,0.7047443335944747,-0.1719224686172416,-0.04875627436258505,0.3775063618647265,-0.07802633593214896,-0.6805838502199094,-0.026687899114252938,-0.8202037962131931,0.2377699281646985,-0.14512253395282473,-0.2605966568579117,-0.44310645140424915
TCGA-C8-A12X,0.03281043034674736,-0.886811538067192,-1.0525120965164776,0.3811335187073961,-0.06475068041223589,-0.4118558287963333,-0.29489759921782716,-1.0754116517302503,0.9043756508283836,-0.5122349472881312,0.13738492579984055,0.4916546891179265,0.2559504272724707,-0.31942011668879666,0.263675170736584,-0.1102531322005464,-0.9919580575599862,-1.277978220193743,0.27850853501635875,-0.3985190872286003,0.07996974323446998,0.17766449075047236,-1.347497541995986
TCGA-C8-A12Y,1.3162011498975261,-0.23701385347070733,0.2700677534783907,0.06655019784994125,-0.2920639911154506,-0.34355011708269084,-0.7636937369853879,-1.8060090795104629,0.7648338650314526,0.1543382196575439,-0.08548624882407291,-0.747180153700294,-0.6183615697025124,-0.11179641897604159,-0.1833053660163625,-0.10825344591741538,0.16016951585742475,-0.5668848065913438,-0.8818167765908997,0.07055797324108447,-0.362775355309422,-0.5448973225164956,-0.4126045353062523
TCGA-C8-A12Z,-0.015812228215552084,-1.1910777099204135,0.030188117632220512,-1.7436334123526815,-1.1896492906579006,-0.48347330366723423,-1.1355387978290246,-1.4544913107003659,-0.8027365044616113,-0.39003105551495054,-0.9315143432560068,-1.151825666701923,-1.3790724634954428,2.0745165309608136,-0.9874113479300178,-0.054979614496807674,-0.7809107480399635,-0.42904193761930154,-0.11518079673232855,-0.8444787948483501,-0.8977691090836878,2.163687924749244,-0.17899337905362442
TCGA-C8-A130,-0.8133118085039199,-0.49463582075217216,0.4667470077007406,-0.3975213640980395,0.34652293117345667,-1.1571131214363712,-1.164674649422699,-1.5643987243759754,-0.5511393268390129,0.020692522217491748,-1.0923854540452695,-0.8017098834028971,-1.0439407393626308,-1.0880449929257263,0.19200215786958313,-0.6285882536814322,-0.18797167803228093,0.013200948225568306,1.4842463553086118,-0.13609913120156786,0.332321060664812,1.2817639537706942,-0.5023126730799483
TCGA-C8-A131,-1.0537251157765626,-0.5989105641594336,0.7760376813026755,-0.2490807091534667,0.4512339793814801,4.49597929696608,-0.27508563446524353,0.21361368452795795,-0.4721340255162925,-0.1855595447418545,0.9554807952570122,-0.04829527766653387,0.37588249212861863,3.012002182976215,0.3786610591766744,1.2239262074423571,-0.3487049437074275,-0.01565379816039848,0.6466498301650963,-0.3063046861603017,0.8759623654225832,2.8625716583754657,0.22792846779874718
TCGA-C8-A132,1.1079596832360465,1.7040967103699194,1.0218101827901063,1.2220751521193838,1.651138298882486,0.1314846563689734,1.0469298038756585,0.6402085571025451,0.7684718929616388,1.1934364374798623,0.09866170366481214,0.19380986280635268,0.8091507572410204,-0.022162403861919255,0.6014042702265757,1.088929218164286,1.0068797645506518,2.111275167976453,0.3204357178962739,0.9777687463286305,1.5110530994267442,-0.2966092783099529,0.8914551478343379
TCGA-C8-A133,0.29061887119258045,-0.07092961806362179,-6.525814003255057,-1.9514406421088784,-0.9220595769589892,-0.7690650444573671,-1.5321848985960937,-1.0093481012163639,0.9294507568190739,-0.679429427571008,-0.8437626630584646,-0.5924656553834452,-0.9032762543614339,-0.8645397154692088,-0.2767315125637995,-1.7750346180260994,-1.4694531547594094,-1.3558915014427173,-0.9414547888036572,-0.8334484709212703,-0.8266636448409415,0.9511413237617993,-3.0442843013761287
TCGA-C8-A134,0.6246327562360181,0.7299334459886261,-1.2915532758391537,0.41567773694835214,1.139760216069933,0.22191782183878148,1.5183191511365126,0.6576319359573686,1.3890864797282343,1.691066151317952,0.6350125677798848,-0.260434987902357,-0.38722787488365157,-0.10633041959275374,0.22304702288389042,-0.6084901874476176,0.6100720372866051,1.6814216829379303,-0.2883107738064788,1.538677336531293,1.0214242472453257,0.4029679330045971,0.25088107339013754
TCGA-C8-A135,-0.7265934665254915,0.12637301866532033,0.5122603329895539,0.15247950486546402,1.0402451245099746,0.0,0.006467002543644187,0.05592206173696337,-1.3366902978187902,0.15941517659943422,0.5993330017736026,-0.05977858016038543,-0.5672863007042146,1.1305331522868787,0.4258924872015747,0.5376499531421757,0.021200906856250937,0.26333105637296367,0.995371909652228,0.13439765813160845,0.4639361697598136,0.9726338093716496,0.1287060716968099
TCGA-C8-A137,-1.6760617449081392,-0.5859295154705595,0.5758059650877168,-1.2565314206526113,-1.446596111880181,-0.6280810810426861,-1.3214433377934702,-2.9785201928377023,-1.3756127844624586,-0.6574473140066026,-1.5752560308262085,-1.6106002727180304,-1.4129094774887558,0.15139424762352693,-1.3614176613681905,0.08651393982508716,-0.5974150781749572,-0.34852843664348643,-0.28225624962937723,-0.7405332340499595,-1.1052561620951213,2.3963195969625506,-0.032810912241739036
TCGA-C8-A138,1.5037788405721644,1.0080721041301086,0.9412764496328705,0.9216070465895086,2.720920777064467,-1.0663576005932878,0.22772924488725294,0.3250334052036922,0.6281109572139904,1.6883481780911789,-0.016674795839331805,0.3419919383928887,0.5845919375552109,0.04642990497908351,1.9829958745925689,-0.20543440002876007,0.9754766229250275,1.1840414676274014,0.8768493202493391,1.5384139163393373,2.6172111458500344,-1.3250678043606192,0.6616545171376028
TCGA-C8-A1HE,-0.5536146257642719,-0.13454690246350617,-0.6434948906971905,-0.7083107603381575,-0.5954280981517968,-0.3476069898977876,-0.18775409587543385,-0.5930779236542179,-0.9521484046248931,-0.44236369514747714,-0.46060922209112465,-0.4997719840970886,-0.8763756751063476,-0.28513290660022833,-0.4330083312118733,-0.33644965879429006,-0.4573425665063935,-0.21848129208152903,-0.10656559686237731,-0.47728305626366857,-0.8683746420121728,-0.011054877534923803,0.1589627126643002
TCGA-C8-A1HF,1.648443061656933,0.5226586146535107,0.8016052914681123,0.5223336798199069,2.4478692068219567,-0.38339247430308915,-0.16452060608011213,0.7712658602203212,1.154133967869849,1.7174923650915177,0.2547951570241129,0.7078065611913348,0.5613559589968733,0.7408239436157465,1.944194262118963,-0.5435602791446633,0.18416638944965558,0.982717117073141,0.05106151246186189,2.009142365342852,2.6229255309936463,0.9193836196350226,0.36477149469234305
TCGA-C8-A1HG,1.7921513698362619,1.4454662541623218,0.05952847380560305,0.3060085557950533,2.6235527481161385,-1.8736991898138995,0.19607708471362334,0.8774460502131854,1.099218400859774,1.551031121662756,-1.1601587496363128,0.5843073178026568,0.45248047175735634,-0.5920422259930086,1.8734842399230043,-0.9080687390856933,1.1616516269504438,1.5750626972778752,-1.1788728348005522,1.877732274703877,2.639407856725543,-0.358543562952377,-0.24060388119386106
TCGA-C8-A1HI,-0.7616145745352969,-0.047300939612200985,-0.6208465794001403,-1.2860210152349725,-0.6336779992674454,-0.3511001528587953,-0.41753921576330755,-0.5933348037837166,-0.6018264474107313,-0.3551229688193634,-1.5348773858587381,-0.9674665127134021,-1.2844081314757265,-0.6699405855445306,-0.4209975239820167,-1.1457935477295054,-1.003916005300686,-1.203212802714373,-1.348665284314451,-0.772502423377345,-0.5252345285967855,-0.9231463521123358,-1.3100158438396292
TCGA-C8-A1HJ,-0.7683465195386754,0.15073359914230308,-1.2293554862678613,-0.5608911214549009,0.5865040632051918,2.603731611196635,-1.0182399887493414,-2.550721450518541,-0.20276678443989873,0.6527815999127745,-0.8553623330681839,-1.9943135382659827,-0.8163445113514401,0.18540069362294043,-0.4925153672766849,-1.1503382385603875,-0.01683248898279904,0.2532537447496854,0.3710181665513857,0.41661322362813236,0.8653653356967789,0.9077154602251721,-0.6451065432953734
TCGA-C8-A1HK,-0.048077935492255496,0.06364761328382211,-1.1549890170651766,-0.5761521814748507,0.40335705971646924,-0.43525166438188295,-0.5284826779052396,-0.6841118285694606,-0.22421098365661374,0.5083953577003519,-0.8117828015044312,-0.8664996739715934,-0.9965324693685284,-0.5181654508065648,-0.1314680168042801,-0.599981112202165,-0.6796054206189274,0.2554030582105957,-0.5969292631861007,0.2425854631143251,0.4777593624336101,0.3980860743172732,-1.4041005109939484
TCGA-C8-A1HL,0.271105159359207,-0.6451888442918894,0.842170800986439,-0.30114973192723515,-0.47576514336807824,-0.21270812675096157,-0.17007420767703044,-1.9131893945872842,-0.4076399337684598,-0.6293172487068069,-0.750580818814672,0.10075433093039757,-0.22240117602198844,-0.5234290552476523,-0.3045985123491897,-0.058499471354748984,-1.006152042504484,0.6249784352398078,1.7730297380220015,-0.512451363856052,-0.6201166843409824,-0.358923140899962,-0.2202775258050672
TCGA-C8-A1HM,2.227214017487358,1.4211622511456048,-2.8825366224756173,1.2615476632053806,4.892536254520947,-0.6873159516530684,0.5105846902597945,0.9799369829227594,1.6047773743996883,2.4567531172237933,0.6641527617256485,0.9115921030181395,0.9397459626491034,1.442964912384797,3.6844725421206133,-1.7770767068386553,0.9829533386230802,1.7373370497874328,-0.9455646309090493,3.899465734823644,5.719334082588071,0.07544273033303388,0.17114378834434155
TCGA-C8-A1HN,-0.8262853912816933,-0.9310049373824859,-0.30868168099712456,-0.7607962283122908,-0.552330497459016,0.1523831909390923,-0.9073937108330405,-0.8161179518212784,-0.9629296369128382,-0.3885611925098921,-1.2056401187450037,-0.30880405724047205,-0.38029037872346205,-0.38605940223058693,-0.09876381704627506,-0.09321719511540977,-1.2460810785829175,0.16606611398641183,-1.0356305182670114,-0.2407845975720085,-0.5694829568356568,0.4486302848419191,-0.4496943092140926
TCGA-C8-A1HO,1.4417815286359101,-0.2865452788236789,-1.0035874641173625,-1.0165678258197852,-0.2189546757442417,-0.7859385273470899,-1.0618667410505531,-2.382647833669607,1.34532152786964,0.13939529272241408,-0.7528941491822131,-1.2378597258644284,-1.058034771737847,-1.3166731829194955,-0.6335592301592013,-0.30680104028712973,-0.9599306055532434,-0.5875298400829619,-0.5951139957261464,0.009629440798297787,-0.22558919545286943,0.7467756098483793,-1.5725903240168575
TCGA-C8-A26V,0.7921871970622987,-0.9215318213799879,-0.4389549268566078,0.05504736558299022,0.16604181712469515,-0.02703227915312831,-1.095948684448223,0.5011612781200647,1.105955373710294,0.8661529160259539,-0.5374682559769207,-0.304698244272505,-0.04429138391660892,-0.4719552278451226,-0.13256841102204037,0.11287397201322664,-0.7981055480153264,0.27356689821886226,-0.20118861256970863,0.6602597968320202,0.39817113215052047,1.8268066260665403,-0.07749558480284399
TCGA-C8-A26W,0.3378026202049454,1.4856217376112184,0.3479869566791561,1.0108690236353437,0.9756155280245836,-0.06958409230411979,0.2689577287646273,0.5114193481506059,0.9439167544148741,0.8320723143730708,-0.3257221216120033,0.09519714333683954,-0.2717978939583558,-0.4438338223640271,0.7962067582159821,0.3412006443808603,0.7771100582268454,-0.3344652545565584,-0.294030361845032,0.40956131711453164,0.5261506166235859,-0.5008354853617102,-0.44631608952045204
TCGA-C8-A26X,0.7791568604196557,2.593767216021936,0.5559248342300146,0.9053729859955462,2.661416339566001,0.5858645645535906,1.2551554286658166,0.9260292549239073,0.9958360786722302,2.0354003466393378,1.3726265932767048,1.2029553246869247,1.6308119346666785,2.7762458453344316,2.509324688263809,0.5493140449958573,1.7841347686467066,1.3691538978490707,1.6878633651528452,2.5561117680187224,3.3624577114144385,3.797757029239448,1.5001687019522423
TCGA-C8-A26Y,1.260517987487239,1.0783802866908583,-1.1975660820851264,-0.6615594031080504,-0.14739948214431184,0.8162103321497199,-0.8776957716637982,-0.2962306363275999,1.065746193878238,0.04412022864860678,-0.09047497477947107,-0.5186120742237832,-0.6401679685670979,2.5425548860895497,-0.3666410822413528,-2.1924376595267696,0.01697787453711865,0.5515240035435792,-0.618808078523052,0.1164044357143162,-0.3250733757834032,2.382506486228165,-1.6373353110210263
TCGA-C8-A26Z,-1.3263915753118172,0.23154090001162395,0.3912408682283949,-0.8329699409760859,-0.8877740177664827,-0.3911496009209162,-1.2113357755834597,-1.5714099710071845,-1.2732744659025184,-1.0097050001096046,-0.33350321399281685,-1.3153460693483503,-1.452930509733548,-1.0481238748421875,-1.1235872743776512,-0.7561661181673603,-1.1235125015482643,-1.214654677357466,-0.9443556776750011,-1.1470385405381842,-0.8932113892670155,0.6510769336003478,-1.0914827912920686
TCGA-C8-A273,-0.23645543234925823,-0.5396767295656452,0.6023549558759189,-0.5589835502197661,-0.4630380693037115,0.5624526346888841,-0.7249813368199641,-1.641576364920096,-0.1774903830693032,-0.34786261320716233,-0.2319330402241894,-0.23750901194575766,-0.08575960723049732,-0.273724723806048,-0.13381099167924707,0.2700845769550965,-0.34885448897108223,1.0761813802602873,-0.6149800807265743,-0.2395839514242262,-0.1668761403164517,-0.1689971762313809,-0.26852553587019073
TCGA-C8-A274,-0.7258348421668794,-0.8533795185195044,-1.1540063019315014,-1.1572285554324742,-0.7516861354305343,-1.7618834946519621,-0.9648622393056512,-1.1203290714234917,-1.0097671855856114,-0.23356413641639323,-1.3117170863437786,-1.0807872745300424,-1.2113854349161304,2.3643572178358023,-0.5359079180608438,-0.603182197930393,-1.4426880600270302,-0.31685164231697927,-1.0438876604500595,-0.5576080975893122,-0.7710368925266682,0.5520780482968383,-0.6370141498250016
TCGA-C8-A275,1.1931011500478572,2.2654820430379656,-0.4471349051664501,0.9719756811688307,1.9610855737809236,-0.25504592020039557,1.2066203391175825,0.5929901737016494,0.8982923162053836,1.7332472446232805,0.003394763331661618,0.8468337750895581,0.6442862770471337,2.355491776329327,1.9129747587262382,-0.5803238049709639,1.267545202164657,1.4439844180863437,0.0,2.255569944843337,2.3715298475403364,1.2784176640918816,0.44378646455493603
TCGA-C8-A278,1.1745691971970726,2.26540266381806,0.5631268671317877,0.9619727505130071,1.3182893864006222,-0.2613066951035026,0.7462978328226106,0.7903954471073397,0.6827631669079273,1.585804572921994,-0.07996269113613473,1.260082330845576,1.394234258164154,2.4547524903826337,1.2282165439369377,-0.7554694055644224,1.064197643312391,1.3684149554070233,0.9151846093691767,2.0922818046854235,1.3995701371792268,1.530613301409738,0.9081989918869751
TCGA-C8-A27A,-0.057105026663387896,-0.033779165551150944,-0.5704986138751684,-0.9048934929012344,-0.5812526457998318,-1.0922182111859902,-1.963833343029105,-1.9495935136634677,0.9784168488752915,-0.14766149077598562,-2.2753063406403755,-1.174172982058955,-1.598351338913183,-1.4102012573477811,-0.9998850554939416,-0.5555449219004834,-1.8697987535310403,-0.08326519891573911,-0.21413835146235996,-0.37071884885028483,-1.032622486798871,1.4136728074640565,-1.480770277309181
TCGA-C8-A27B,1.073426170322054,-0.22761545716127618,-2.6982274808420095,0.16551524082400382,2.370143640041591,5.01366896667295,0.8087865778328192,0.5582578501248403,1.0713358797301618,2.232470276894538,1.7845598049666693,0.556360613542337,0.8807377011577787,3.2332111357930002,1.5520839208554145,-1.8263054110939072,0.2206035391918286,0.5800588349706592,-0.6759013129024106,2.762196155584519,2.284171790253654,1.2830480122974444,1.3702186280566702
TCGA-C8-A3M7,0.0953352820552472,0.3410836774533098,0.00537321041657781,-0.7524429060263094,-0.05884342787875287,-0.9013568132253639,-0.5114412753007949,-0.15972879502137147,-0.07351054929245492,-0.0019882990448921115,0.03229099770584061,-0.9120452025263399,-0.3376129555658285,0.9599495904628282,-0.46207072442941505,-0.19122908463432384,0.39767551411432395,-0.9555375402234586,2.1160534308236727,-0.7109803045205337,-0.054030170949875174,-0.11794445629922479,0.3448023329042018
TCGA-C8-A3M8,-1.5462456740351163,-0.2579646695350757,0.28608099387181773,-1.2550551990544343,-0.7092755232716755,-0.3758819080110064,-1.0452021012348194,-2.1909778928760746,-1.1200192286483113,-0.96587926558236,-0.381463500087624,-1.0461444915058193,-0.8760954586925676,-0.9720281531611207,-1.0391983161624005,0.10762665714010071,-0.6513641460128493,-0.6967330362895194,1.2413997096827964,-1.3178795297530381,-0.8752768868886345,-1.2429571517511215,-0.596371747807932
TCGA-C8-A8HP,0.8341434285824731,2.1689724433390527,-0.559968555332198,1.0596477578975947,1.9158642522370246,-0.4750019198488388,1.0704444423672157,1.0629478136895543,0.9939223435594111,1.253062837513951,0.35726528588235706,0.8559769733883698,1.202773498802344,2.499633660416392,1.87077563621814,-0.9340838113939964,1.383070380097589,1.8460893034103996,-0.48189244909883633,1.9363805812315737,2.2066669968677854,0.2160052737017586,-0.27163471847124526
TCGA-C8-A8HQ,0.04105679654357295,0.863958884700144,1.065330824900187,0.7107474208246721,0.8415525367612255,-0.259360710306876,0.3510279186279406,0.48925850328626813,0.4262746799215291,1.2337616789407262,0.33239971721580497,0.5933434030793393,0.3547909604656349,0.19486357188664502,0.9153638005470788,1.2065043586972741,0.5639435017585132,1.218768804955162,-0.01486831443323944,1.2057318271626654,0.7696158076677243,0.1170474858537657,1.5124512191931192
TCGA-C8-A8HR,0.693505652826008,0.7923127951675726,1.0508562170187434,0.6744907594765952,1.0463774196034192,1.2067995323811007,1.2173405342312151,0.5213991967471127,0.8208161655869308,1.161664846507087,1.4656940923558277,0.667117525516098,1.3552022999279392,2.528208381542411,1.1962975989650595,1.0514862638963423,1.0974249387503014,-0.02343931962478134,1.6068691000675361,0.4723372885275403,1.0799103142730355,0.8385445859816878,0.9690285253688918
TCGA-D8-A13Y,-1.4934101823700237,-0.7876069534472293,-1.0462457243287837,-2.0679260033820697,-1.1174395441962666,-0.8899515456456228,-2.050691427749495,-2.7598768585579707,-1.6784060220302697,-1.832101574418634,-3.2762646805658315,-1.9489013558966855,-2.1576541449505555,-1.2790200560182157,-2.6111310049311918,-0.8689290928481391,-1.70616804507416,-2.5680801374069793,-1.4255800230085267,-1.5638994828486796,-2.711245492077356,0.16751150641252247,-2.0475140223894934
TCGA-D8-A13Z,0.21110965051293484,0.7273813692174691,0.4724874599367083,0.05138944199330538,0.30891793164936826,1.8298547018589422,0.5884583576480235,0.24497777174790708,0.34693955097412904,0.7934267698943862,-0.18181094703669962,0.9170763777289409,1.3340310965101638,1.4477301376215754,0.5136759552816389,-0.16594050004307,0.6352108709194959,0.7482798323517319,0.459242084727718,0.8243148506005025,0.5209229327799006,4.217833390045437,0.0931712773790465
TCGA-D8-A140,-0.295160163524333,2.058985265904145,-0.6347258607396241,0.13817591154170789,0.5977936459879853,-0.46701091114682214,-0.2946891387663739,-0.9702689966360208,0.5011663500357632,0.5918696966371303,-0.22122254464328658,0.3116417903042711,0.09772370853993916,-0.791687829644582,0.05145642061509087,-0.11065990701098045,-0.29084683732261074,1.420937094909291,0.24432898573986073,0.46625086642671587,0.3437682910543131,-0.897558899117543,-0.8301704490199037
TCGA-D8-A141,0.7724154755898861,2.669331849217919,1.1874977639985331,2.3121190009817747,2.2350833581453684,0.23482966023508475,1.941644902404739,0.8812734951597102,1.1980038695706925,1.771604438988783,1.7077788067075106,0.940947617041886,1.165564602608772,1.615920148013409,1.6816350985810293,1.1467005962892194,2.0179320427638237,2.105578183692668,0.29166878139553554,1.957609617178614,1.9898863765420916,0.09718383513553196,1.4975388643746774
TCGA-D8-A142,-0.7878796999113775,1.243981873532071,0.9883299363354919,0.05362284560187552,0.09845423238031546,1.1194625594523062,0.38287729001716236,0.2989288154957571,-0.6943474373273192,0.15293471306380832,-0.5549173185408331,0.6245008042301285,-0.09488758476291168,0.0743346368950543,0.40251438915862703,1.0850356471754348,-0.038457549518774496,0.20991717805605048,1.2233413712567474,0.18880141966752187,0.1948917774320294,0.8287894813304044,0.8438003071526291
TCGA-D8-A143,-0.6968462198599634,1.777662993042139,-1.5051297238227732,-0.7982969642976566,0.6717427975446435,1.9385747177343475,0.0,0.23553207442935484,-0.17642162587004878,0.6948012996581365,-0.1242442166311627,-0.44033329865102455,-0.1717759679930245,1.8472835674345907,-0.2337849837390969,-1.5810424013272135,0.06711223121020281,-0.27796558318196335,0.11327644175695088,0.4398780420812875,0.6827592095210303,4.362282753803668,-1.2956047217902749
TCGA-D8-A145,-0.540522724511129,1.7865391750776707,0.22063154728109285,-0.3011640882144407,-0.21612851604125533,-0.6928652517404087,-0.08187694442746145,-0.39729376179030884,-1.012847037148465,-0.5733268848830987,0.2905123910590521,0.06468799553366483,0.30907257614305084,0.4643003906419818,-0.9726732951545978,0.9262975723436289,0.25923682666289544,-0.3537340880394624,0.7032005033340742,-0.5415584188285628,-0.40226778784034584,-0.03226065434637404,-0.5173913683039462
TCGA-D8-A146,-0.7249725357479606,1.9574238881842814,0.9343268475084584,0.2041771799471689,-0.22786875797984002,-0.1208600048111618,0.5400780406811537,0.0613258908541116,-0.8062547751430635,-0.42765027451386567,-0.22377431157257863,0.3387724951677734,0.21132462744838118,-0.19884134137992437,-0.06742070986862095,0.8953656629768701,0.4892155773016703,0.030390912829671664,0.3851021761544871,-0.27130408700227476,-0.30984485270780787,-0.6227736647539182,0.738712153065756
TCGA-D8-A147,-0.30104677522118584,-0.08743749577405845,-1.6849951468900939,-0.139151445554188,0.34406564388080113,0.8598955427954458,0.17346488538912466,-1.1655227846531808,0.8138260788575484,0.7620408395193009,-0.7035175638425836,0.260589154761734,0.17771886197604725,0.3508452862085748,0.18267664976949602,-1.4718680628049439,-0.5693080626843681,1.2025986380489655,-2.728009960559893,1.0128335185715007,0.25886807845956483,0.016076798260760517,-0.8890754555778588
TCGA-D8-A1J8,0.42652726600620516,-0.017346433246718553,0.09325059129947011,0.9767893787101457,2.5786300750090767,0.7908901336299783,0.18070722892054855,0.46298254905609976,-0.547832566383988,2.1953641407730515,0.977751026510807,0.6233100986343357,0.9837301966280083,1.135046089083612,1.751641658454611,0.8331057243380217,0.1320808686392089,2.08624093615162,0.15224408270614528,2.8122801583886594,3.0663414087909753,3.7756050306258953,2.2712224129649874
TCGA-D8-A1J9,0.69122400235546,-1.0686152218885394,0.45656029450741864,-0.44526656996645586,-0.4727697540216423,-0.7441368868233214,-0.8539948674737803,-0.010109646992880058,0.18984843883581506,0.05749871270681668,-1.539932724829532,0.4983195278601956,-0.058143835910607254,1.047442810902032,0.004888945920085631,-0.8002674650172351,-1.176604787657124,0.8488409845499292,0.43864393880630903,0.07390275871232456,-0.1461280435930316,1.320122830604246,0.07842452520545155
TCGA-D8-A1JA,-0.5596442040894676,-1.0956978620294848,0.045932556134281016,-0.3185311489201606,-0.5316896856322467,1.3820627336874387,-1.4600594278087153,-1.4867998900586876,-0.853539769332908,0.6655033161709182,0.9825843921476017,0.312560960241356,1.0996909917710747,2.7546126575127317,-0.39387469157741584,-0.010293830976480081,-0.9307734167488639,0.36793534654365334,0.150082074625666,0.5805147153666201,-0.38415141407698933,3.1894521695030487,1.0048262766055838
TCGA-D8-A1JB,1.2388816865894403,3.430092085706444,-0.49177447542295377,1.5137525395480391,2.5153963867620197,0.6918563112399694,1.7567343830074742,0.577622994788749,0.9334878060608175,1.488076012656469,1.2574505147558614,0.36717943501284434,0.5166774643865855,0.09927573625190192,1.830220102923201,0.33070518476426775,1.8616191203365056,1.4090228939410823,0.2144843699214262,1.435164510262281,2.381995193760503,-0.42356730377591173,0.21041137309580527
TCGA-D8-A1JC,-0.11176004570053247,-0.37019316952172526,0.4958895862807132,-0.15515643857072478,0.4238587687633321,-0.9945038207888429,-0.8358960524909754,0.29214052673893304,0.4373615882827061,0.9091268917092643,-0.7713487077977,0.17295898737526166,-0.20045851547181567,1.8533013300433991,0.38032784222421057,-0.18553813407985026,-0.40654512554383826,0.8579966209576431,-0.7967187771175646,0.737365749562824,0.3872185771812241,-1.0964526852414462,0.06747841225963787
TCGA-D8-A1JD,-0.03288796082608684,-0.4244712222138056,0.8456497533124856,0.42088439692833074,-0.3074042455732101,-0.42627383000575625,0.37749205208462505,0.663381651474919,-0.44701185235658136,0.09720719562171586,-0.7691249519744169,0.6981959835701496,0.18427785084970758,0.047031356679811245,0.29582262838371476,-0.1788588047565193,0.39626758035109916,1.0089816742511266,-1.0473457458469777,0.5923514939900067,-0.1804896239326254,-0.6433255873876742,-0.021038551358781864
TCGA-D8-A1JE,0.37864425484920233,-0.8433787416108132,0.9257015816517751,-0.2890627277513897,-0.2787581356396243,-0.18103667092712158,-0.28847456501962804,-0.011546541945552602,-0.550158997835534,0.32230324914779507,-0.3257844333711668,0.7495700689069213,0.6819537539592788,0.3783870492633831,0.32928720004799117,0.3624733283880829,-1.5784806445358102,0.529742027609889,0.07666015185493497,0.25247988052799103,0.05888929308439389,-0.3189760111148478,0.31096813750047697
TCGA-D8-A1JF,-2.029520664412976,0.7831777230037287,0.336294601132091,-0.1669091620966354,0.2671748063795482,-0.390818046306386,0.009776281624283688,0.19126742712761172,-1.902495243219453,0.11078665800065378,-0.34544056498100356,-0.3397298083563786,-0.435986101746106,1.932811182782249,-0.19929846613738417,-0.1254292093865993,-0.3074736734440708,0.1920177429119702,-0.7207804933727445,0.11792814369345543,0.19252028888027056,0.21679410002393965,0.03942106027814077
TCGA-D8-A1JG,1.1977004772402042,1.5705364731306524,0.02933785671773894,0.5557981316833647,0.9809134498014208,-0.17568121969225947,0.1975576412773747,0.3516737672891117,1.1954868129159861,1.6495821272024644,0.42386251003302505,0.9490874494522952,0.9569521857130091,2.684194531223159,0.6992869229079827,-1.1535101420254057,-0.05266319582124633,1.6235842605266335,0.28311069838272485,1.7409614384345848,1.0762047083933188,1.9446448483761398,0.39352646086933857
TCGA-D8-A1JH,0.11983583082549142,0.18694391060174118,0.8613928889605741,0.3735248627307627,0.0025673158101349493,0.08582501676514591,1.3467652311196392,0.358347640383705,-0.23313890126951284,0.0,0.14092712843910574,0.9991899675169835,1.2428548986511099,-0.26808495824365136,0.3174947796910149,1.3578733850709848,-0.1318076889545729,0.5128760630805724,0.7704514180854797,0.030716072105581308,0.10637309247477539,0.1537956471392741,0.459461019271651
TCGA-D8-A1JI,-1.1964168603557679,-0.08456527477325292,-2.8228048925028726,-0.0847113112713157,-0.5732948968244387,-0.9764567274689807,-0.3035681783525059,-1.1842651058333271,-1.2425243461482613,-0.5413018717089362,-0.0029575990527375513,-0.18854640214739127,-0.2597469604913431,-0.7807748733259953,-0.7344313100094602,-1.7719560699740668,-0.344001733574325,-0.18758990727698516,0.04062054446044877,-0.6579222365138178,-0.6094856875016663,-1.4779675670868824,-1.9052005684028444
TCGA-D8-A1JJ,0.019078186361825636,-0.8330192615823209,0.9172190936293312,-0.33458343510024696,-0.49857052376789385,0.22611995365209553,-0.13737628215337125,0.12841099314581414,0.4499379872556114,0.0294031888655879,0.14180764845387636,0.3969833109580617,0.2687088407044794,0.31619843633470807,-0.19425614718726364,0.15236568987773783,-0.8393899856861884,0.21348906401759818,-0.22479019485156304,0.022631477958498923,-0.5437232270281863,1.978613471383672,1.119546822156079
TCGA-D8-A1JK,0.9698353394176162,-0.17338871369057599,0.5321769559972652,0.2360427603474548,1.8899064127760334,2.760734038712818,0.6355572728645814,0.6967665991865638,1.5042828232463061,2.093129805145796,1.3784889193342371,1.1889679166943448,1.6873867999186158,3.144186459838673,1.7183379230984004,1.2943958043016375,0.41172015355453745,0.5219265399325488,1.1260241628805312,2.400875923072553,2.543563139849611,4.55857046245634,1.7341585135199384
TCGA-D8-A1JL,1.388774912518415,0.32421445468274873,-0.05083270201471657,1.116999692039547,1.8580303808318395,1.2355100013418312,0.4226583966565227,0.7649683189144989,1.5234037369215818,1.971560715807207,0.9784949238395351,1.116067757337345,1.2836988629554915,1.0037589768116428,1.8392780555511523,-0.15327181332292733,0.3680614955427272,1.8514430565834497,0.3290385599595379,2.8642227499933552,2.2207174296424927,0.6833866116832417,1.5567252016084105
TCGA-D8-A1JM,-0.0626636122338477,-0.8776570448675041,-5.823549689577516,-0.3168123518759007,1.3333697223912098,1.5888665216245854,-1.201139855526918,-2.727546656888527,0.3917240225055961,0.42668734927626245,1.7220571468852444,-2.037347287154207,-1.4601072944859126,1.4541436142288178,-0.27994839433258517,-2.3662886146524422,0.4966544731396422,-0.08885999946732695,-0.10657952029481606,0.7841592170826293,1.2958561896792695,3.2171222741330068,-2.0237877589732642
TCGA-D8-A1JN,-0.6626020478207738,-0.7202904549870355,-4.5272469058495215,-0.6043824301177531,0.45963329890061444,-1.4322922635528077,-0.340897501693128,-0.9816053706371876,0.02333249224609931,0.8458325578141853,-1.4849148085458623,-1.1976485104217125,-1.638525759815301,-1.2652664297196365,-0.21940353522689043,-1.2846377137517706,-0.5612707775487275,0.03988965347230224,-0.2774892235841839,0.08582588070010057,0.2863922478077748,0.4046788200725349,-0.9320798527012047
TCGA-D8-A1JP,0.08031941535869466,-0.7897323351992539,0.9097300008429416,0.05061348178085683,0.20453669904213914,-0.6989586034004203,0.5483665518162404,0.46385533487905367,-0.2537525645041948,-0.13590108836102427,-0.7263338681344039,0.7164759881085235,0.5987362771771892,0.10435384751135261,0.4017594878996348,0.8088654182147519,-0.6434446616706473,0.1671882173460914,0.23624513862730714,0.09719792524005211,-0.13588179870790892,-0.20814880084699175,0.07513967347857095
TCGA-D8-A1JS,-0.9143544515003427,-0.8325140681029385,-3.8853716149010786,-1.6449140078965994,-0.6809510069825827,-0.4635654703351784,-0.5557987533399383,-1.249992439283467,-1.0223088845702488,-0.8005303375854218,-0.5442905456711248,-0.8273917506222175,-0.33493166140446257,-0.8375571653387663,-0.9062015563828671,-0.735546818823454,0.168899574557467,-0.5818705397356112,-1.1334613291018745,-1.01018446886222,-0.49610242341008615,-0.7217122219505491,-1.387433722701778
TCGA-D8-A1JT,0.6623305195852983,-1.1615073975285486,-2.8402981593152647,-0.6449124849801904,-0.6730340237003842,0.7277007294777247,-1.0206961305087616,-2.7276133590287186,0.41267046853641204,0.06762493386529785,-0.07141785792484233,-0.3037271666256669,-0.12255864562599669,-0.2395558540567511,-0.2793443475899091,-0.9439286416826044,-0.880938916900313,-1.0557859909143121,-0.3692395568084807,0.3770977909255825,-0.08928098374372781,1.5533150617467903,-1.4837888243947432
TCGA-D8-A1JU,0.032308348516206474,-0.18865452301855712,1.086042925084328,-0.11652178073891212,0.6053383906003853,-0.036408189569913624,1.279062950019599,0.6111790187651507,0.228276134693905,0.24313826377461734,0.6491164815698773,1.2391753480932268,1.5448086773439083,0.1998075509049381,0.4932914208003376,1.4846900024730183,-0.6753218883492702,-0.9318451482373327,1.2134051268060744,-0.171115342230679,0.5078055489320877,-0.05857589431805023,0.9281374979983587
TCGA-D8-A1X5,0.10746948816039459,-0.35340321058703766,0.43035151477523687,0.1155752316345812,-0.16644529008367112,-0.256000087811244,-0.25435583992483435,0.40831699358343293,-0.21132723390342886,0.41624267930526254,-0.5961941657274178,0.8044278001725307,0.13742413221172148,0.3165431564637129,0.2664684182001716,-0.2019627946803831,-1.4899278659191912,0.8368350460866254,-1.051322666272608,0.16525092342443384,-0.12352288082600414,-0.6133274976564169,-0.7320392027344998
TCGA-D8-A1X6,0.05738814189079317,-0.5194231747696157,-2.2214067659833505,-0.13648398915918766,-0.4778461349613505,0.6098287832729381,0.2547162055817488,0.1636958669564687,0.04529580674357444,-0.07670668149525621,-1.3018738721324383,1.170219712827406,1.2212146519997957,0.31718715828263255,0.36337127857900625,-1.492272062435742,-0.8318417119442355,-0.6195238941781508,-1.571229000217964,0.24140355456804513,-0.5445750966209391,-0.707615462860606,-1.8872233171820108
TCGA-D8-A1X7,-1.2632439852615571,0.5768117823155287,0.07086496674232791,-0.8826489546495366,-0.8848192462307434,-0.2456464446361662,-0.624411439607486,-0.4548648529779951,-0.5181620410769308,-0.9571789535673019,-0.3461532436934941,-0.28630744325038765,-0.4997830471173608,-0.609182055774498,-0.6229531918687757,1.1796508318640078,0.4190390371807156,-0.44763924122669707,0.2587256515610743,-0.668295550191416,-0.7636454887294196,-0.931628445418127,-1.1718646347688217
TCGA-D8-A1X8,-0.9602739260122298,-0.26098757357591723,-0.0764953523206079,0.8603895002433402,-0.022458410070560875,0.936561832360437,1.0425194442185037,0.30475732733370153,-0.7623848234380056,0.00456827193842268,-0.005535862981045884,0.7550330390375574,0.6275217139941699,0.22023718478382295,0.22291858959310862,0.82030074009683,0.03612121427072529,-0.9044783782420447,1.069684615126736,-0.19912314228794561,-0.09641903241508519,-0.555736828712558,0.3024731649158365
TCGA-D8-A1X9,0.9693826862344109,-0.2908673438641876,0.6231243944510013,-0.05472127269976082,0.22709555307428902,-0.5509482207750823,-0.4890434979481313,-0.039185527775304416,0.8909329450264097,1.0420575637438905,-0.49622699256320496,0.7433084942084889,1.3035525058163964,-0.24890559344583238,0.5804211796175264,-0.0012386715226354252,-1.0911544223496659,1.1607800922031248,0.11102192395878872,1.2183955076859492,0.3430275986690734,0.2523720292400791,0.9185686871596344
TCGA-D8-A1XA,-1.0322549141072603,0.5877419854771875,-0.3842806941220716,0.12105706898546503,-0.5314286145332363,-0.12831160704393701,-0.30983566025582776,0.019470058893216353,-0.06011145641001648,-0.34919649838914935,0.12265739497544836,-0.2189661918956448,-0.6723103926580184,-0.020175240414977424,0.0387565524022012,-0.921066461497242,-0.45813747506780417,0.27781732709637375,-2.145200858178084,-0.259645942984053,-0.34058544949628694,-1.472967498934907,0.2767722337548659
TCGA-D8-A1XB,-0.12528641181767738,-0.8454132442089302,1.072230326567091,-0.7684248908673595,-1.0742899061167597,-0.4491865955677803,-0.7838473903431993,-1.4738215251253544,-0.6212878140589138,-0.7274716165902037,-0.2776002620947124,-0.7217952665293479,-0.7254300098174937,-0.14615170952958728,-0.8487539836619405,1.0310272964931044,-0.9922048335805703,0.22202576254755033,-0.548892987014501,-0.9228399184715629,-0.8069183044661461,-0.28223993496634364,0.13446218342566793
TCGA-D8-A1XC,-1.0711620910412403,-1.4779187337983508,-4.135085928613442,-1.682737064994026,-1.3203953592397621,-0.49177934026866305,-0.8877801145503317,-1.898483516309296,-0.7890134323819967,-0.8639790662889925,-0.7264668792025123,-0.7277458964942122,-0.8654849950083107,-0.5717565490806337,-0.7030845268663258,-1.632997650783308,-1.8142116862424305,-2.111342504507333,-0.416427805027447,-1.1060823754595204,-1.0713840521502003,1.7438416601153595,-1.0829023191850102
TCGA-D8-A1XD,-2.6913387137694174,-1.224689902658178,0.6871229002354875,-1.355463601162925,-1.3133714162004073,-1.103826759011135,-1.6143230930277448,-1.2215199559522887,-2.7063426632828356,-1.3521539848162911,0.03501343558869012,-1.3200643097659541,-1.2324025149361886,-1.5269348973578845,-1.6170105868289746,1.178281385455376,-1.9069635417187358,-1.0510635251766594,-0.4408514168434774,-0.9433319851050732,-1.3213894203278653,2.249117730779632,0.17313376515721665
TCGA-D8-A1XF,-0.4920573002030828,0.20295821780084702,-1.4066266044245321,-1.0340284353226314,-0.15525748510987541,-1.9037415257514396,-0.990432642913219,-1.1298545054406273,0.3905328463000587,-0.1737332465747859,-1.7524379753447659,-1.125772472257711,-1.3288884290234386,-1.2701744508722297,-1.0206494109834212,-1.749311328768655,-0.9257973443786731,-1.1602080294298647,-0.8772853813916279,-0.29110273418805355,-0.5993035290625615,-0.8325976388653931,-2.027301434937416
TCGA-D8-A1XG,-1.009736693798206,-1.085642658005117,-0.35019558722438454,-1.0720625649867783,-2.0141066371914,-0.5744241651814206,-0.7411635761603088,-1.0367446581309752,-0.2537156613667346,-0.8331667995356938,-0.4190055546869696,-0.5849934383996772,-1.0024096209732989,0.6939167720739002,-1.300974889086174,-0.25215182879970266,-1.5317292778547733,-1.7974223044016775,-0.9068101293065212,-0.8753940577766749,-1.8920031754927151,0.5167763968356065,-1.5175434780418098
TCGA-D8-A1XJ,-1.105139793451024,-0.9331552364148027,0.07425652572228103,-1.0685646787976484,-1.2035366806490322,-0.6664015770920185,-1.2487498047393724,-0.96865524338013,-0.7719082139680985,-0.5070500630344774,-0.9650765590457223,-0.10716950141244577,-0.6684033425114327,0.8298825620692667,-0.6473872085603986,-0.6626112574009001,-1.2548122755561368,-0.2779303065675354,-0.16620454423535108,0.8166417994488092,-0.9613470726950957,3.9480918684506023,-0.978802937383707
TCGA-D8-A1XK,0.6792504521391665,-0.3088291937049182,-4.057198881745156,-0.2189293633608428,1.3564224849008335,5.755215527732773,0.314625394381874,-0.8370712202260321,1.108360404979596,0.9781088174652008,1.767858972524823,0.8084333678653731,0.9597984106659019,2.9603864939924422,1.2068049033683683,-0.9332354121350969,-0.4298989516587553,0.20499690125797237,-1.0122781751961336,1.2438057221529755,1.9278086184862109,2.0504076700163454,0.52441005112324
TCGA-D8-A1XL,1.3578774773532591,1.831812478361435,-1.3348513494562304,1.0074338733630892,2.227064544977677,0.38066406632847594,0.9474587267308828,0.9680734399079816,1.2985081819026465,1.7190610397307724,0.39397453754578854,0.6813490395507652,1.021442469216072,0.4686620355862643,1.7681412817297144,-1.3669036114759527,1.4577744082237056,0.917382380065217,-1.1318510196931622,2.363691640417939,2.3194556451510624,1.4168617264684442,-0.5047508594359998
TCGA-D8-A1XM,-0.1443104464338273,0.8036663168116007,0.7345653951458708,0.5232453745436206,0.7345011348696009,-0.38496678741741225,1.0747755109880766,0.5313259702125751,0.4530723877390401,0.5489223115238653,-0.07143540539860525,1.2987200038215174,1.3862079132148684,-0.12869080165015412,0.4515313863027372,0.9435233099618524,-0.1953330980476065,0.5261149284008748,-0.39468414842730937,0.5862268467266135,0.3871820052042148,-0.7475596082339652,0.3003319920387464
TCGA-D8-A1XO,0.2648168056645753,-0.1065756952791119,0.829183784010898,0.1477654624484351,-0.11077347354779336,0.0135275679505379,0.3998758292229058,0.4074033798136434,-0.6070404029093813,-0.09620424597897195,-0.6621073367610661,0.08201602560068104,-0.40754483697576876,1.1355766205314202,0.17497090383031458,0.7747675343900542,-0.6346919974839486,0.2700487549200289,-0.7527724532729598,0.022184169522573603,-0.2371245454027902,-0.3503329886782407,0.3907705859757989
TCGA-D8-A1XQ,1.2265541748322877,1.5384948181028437,-0.22754762130179182,0.6645951747337657,1.1072065454306845,1.7036123258105054,0.5181020600747844,0.8520142641529347,1.2545507742387918,1.8373776280979404,1.0360281801171805,1.2190769371141408,1.2650482358212427,1.399493581840099,0.9382164209220335,-0.4974382565650409,0.05220121188447243,0.8590771201721344,-0.619330196313501,2.1311012131639955,1.1290353036183534,2.3631585525496956,1.0918072512576902
TCGA-D8-A1XR,-0.03085483096242506,-0.6950656428647258,0.008984602697098734,-0.5660768466078273,-1.1809616467263708,-0.0913879084934015,-0.11931595093414242,-0.950075090290016,-0.6446275697290602,-0.9189913600685609,-0.5983478634492221,-0.8627790430118795,-0.8289766416372674,-0.4021306491687943,-1.2576423912385535,0.36177673793433723,-0.814368221796759,0.5514755947041068,-0.23212971309910563,-0.9426903740025744,-1.1801056257421876,-1.5654389089485508,0.056356782001880025
TCGA-D8-A1XS,-1.2048112303218566,-0.36738861814349105,0.6596511179933141,-0.061364016682108787,-0.1485515350759078,-0.34931004102341695,-0.05445172045910049,-0.6880067134574351,-0.8419591936682121,0.3884384759645048,-0.6374093993000354,-0.19862017325360887,-0.6157391558659902,-0.454757844699275,0.08680741658785839,-0.2742296531374775,-0.37234745535861036,0.16887646895576833,-0.10435130965114534,0.23402430309976247,0.00995637363956585,0.19013903007733354,-0.21430159176117697
TCGA-D8-A1XT,0.9648535039255235,-0.6993323852900224,0.8180697624805702,-0.1488327537719128,-0.10544899236868632,0.08357084290234558,0.050656487114945185,-0.031611286797411285,0.8269268500818803,0.7815393828444717,-0.023647813221079114,0.7724213976425899,0.8067477937902945,1.8684555185235998,0.2931615209009718,1.9032997729549914,0.2703923248964351,0.28667145085300244,1.0431941373633935,0.6193303274289715,-0.002494392883518856,1.629407006212432,0.4305101339707358
TCGA-D8-A1XU,-0.3556730824745671,-0.41489374364286286,0.8363539981643988,0.10413088085868263,-0.6786948947645473,-0.6385925475154616,0.17395881285483403,0.6031719759157377,-0.009856401997874563,-0.3241290734195971,-1.1049819999428085,-0.08005007973944028,-0.5632168698904795,-0.5831510462472236,-0.1437702702520742,-0.6714040958004995,-1.1956449891508156,-0.9757994619294063,-0.16118762821395216,-0.3154115217425815,-0.712040688908037,-0.5526228481982813,0.5156627003471315
TCGA-D8-A1XV,-0.546198769151742,-1.1046357971390162,-2.6606706475308903,-1.517625411892778,-1.3025815063863488,-1.0828324637378104,-0.6246721642445914,-1.3711502199967949,-0.5103761235490789,-0.8238561488522103,-1.5362466897112128,-1.0694993278914973,-1.1193684821030956,-0.9115373668550135,-1.1275101490102994,-1.417238032590723,-1.7450621090737044,-1.5916445425471748,-0.36992564575832054,-1.07179517983505,-1.2665925545293786,0.8698850438530767,-0.9370964397197642
TCGA-D8-A1XW,-0.3245233494241956,-0.7390782056551932,0.1350643626995937,0.33114337885283185,0.017730194734062687,0.16587706478008007,1.281085116433876,0.5963027755629765,1.012732286837257,1.2107985960522123,-0.7594282089399695,1.2288200364218558,1.2572437314667422,0.09557693357215612,0.6039041523949007,0.20803009406860268,-1.1856153686806326,0.5093358676087266,1.8726656577292227,0.9973311954535957,-0.1020997962130066,0.7929473070783077,0.9473780345612334
TCGA-D8-A1XY,-0.5143051881809744,-1.350953458783334,0.7786001501509169,0.0669182623996277,-0.8770302437373257,-0.8699628508979448,-0.6772404553606477,-0.6644514577232402,0.29685505718325444,-0.21357499747710323,-0.30192659150824175,0.3681299873448111,0.22677759900910976,-0.8220183632044661,-0.26037827180328293,1.115294199229714,-1.0722835086484068,0.1422027770230314,0.1891419396021601,-0.12336268065187272,-0.8493905266973258,-0.7577339147995994,0.6190193066009549
TCGA-D8-A1XZ,0.9963608743319144,0.7716813111155928,0.4414832408777811,0.04709058135248049,0.15590903954460755,-0.09259119917736587,-0.04274763594335295,0.2714192262555524,0.5171171700397883,0.6550765712597023,-1.5452479283016034,0.2037865364138769,-0.09095997781422652,-0.28359311131513654,0.41098221419117714,-0.32688386967775257,-0.3820448689238027,0.3473188347682525,-1.0993276795963003,0.5935064094058816,0.20853927341166356,0.777903772818923,-0.4397412501218219
TCGA-D8-A1Y0,0.3510159140722889,0.8278148520000477,0.2632837854142581,1.082321390257087,0.9524713318386819,0.7733480144365837,1.2391279722017583,1.0266203034471832,0.5953727272977173,1.1478237553585398,0.2353995238952438,0.7617222801858327,0.8850301447280751,-0.008081424622004063,0.5940857851934491,0.25137918859314895,1.0527405660660263,1.237241878857653,0.3198036479704645,0.8262756856068214,0.7521507150343095,-1.715368415292387,0.1395378555864649
TCGA-D8-A1Y1,0.38490123917488756,-0.7129587378511467,1.0605648919985196,-0.2501027283376691,-0.7191611053886056,-0.25901023241004123,-0.35986392779402376,0.5433760788815892,-0.5511251617163504,-0.258649942035698,-1.2373541988033843,0.9249651647518251,0.6547505150094021,0.10952177957040898,0.21616117857638692,1.2335759383881375,-0.5333727561375669,0.4905639841820363,-0.5635577754512562,-0.11724107663861426,-0.36903366445693075,0.5638921278493624,-0.04379948673282792
TCGA-D8-A1Y2,1.076218023065629,1.3996641705423596,0.9579133843565257,0.8629370758280736,1.5755427448431427,0.9229763066706602,1.7329957772723585,0.8175213398470695,0.6571688105869548,0.9677551788134195,0.4569724595266057,1.9352909584995548,2.6936678994543914,1.8128386219710226,1.751041781940527,0.6441662225173581,0.2740792030331278,0.609771487943096,-0.1464703694989358,1.421086901664039,1.9930886860470893,-0.3980356544829728,0.21317432314040619
TCGA-D8-A1Y3,0.7900106651683133,0.0900627499294424,-1.2528894440862544,0.3304787251088383,0.8733448797869164,-0.8119779120345996,0.27031450181929734,0.43442739987231016,0.38556063241690275,0.47604846313706367,-1.4741989856503954,0.6598619765749851,0.36331121067815836,0.41840683623308794,1.2851239888814714,-2.0070430159058636,0.04845817447331464,1.4659596221394395,-1.4495069896372499,1.432507104684381,1.1257327885823034,-1.798544975611763,-1.0159914756179849
TCGA-D8-A27E,-0.18481690247734633,-0.8470948077407766,-2.2034047163212147,-0.5376092701402964,-0.06897056205664881,-0.1654443152976918,0.25105297413228217,0.07898157302201403,-0.2686296907829382,-0.014003772387879136,-0.15581214130216123,-0.07282992264878108,0.18464263864634034,-0.28088445670550904,0.03216039855544052,0.15312684640710064,-0.7939820952788114,-0.7068033163493155,-0.5867646557481244,-0.17715135993481151,-0.10582848100965317,0.02412036402824942,-0.41008099602224296
TCGA-D8-A27F,-0.4457435228501397,-0.19764262496690135,-0.0430736291226664,-0.5349198744273342,-0.7778546542376226,4.5370443604770685,-0.6742320427531593,-2.0799882429956145,0.24170343669584843,-0.8162863291630722,0.8345442308264641,-0.22863455730733415,0.2998226823225749,1.9291524868635281,-0.693957454854608,-0.5677710640470978,0.06466634229223667,-1.4200920329042939,0.008745383741301535,-0.7517147257637969,-0.20141490888265698,2.631287350174777,0.6744924743648435
TCGA-D8-A27G,0.35111534906594605,0.44719327150535626,0.7163333569554172,1.257030412794599,1.0172818170594857,-0.21613316428663681,0.6564212415175238,0.5825003109744721,0.05952362395977578,0.7262856647923368,0.18545877612417866,0.35132227682420614,0.03073053440122221,0.15244992585570155,0.4942984589779998,1.2907017619609746,0.6652678007097917,0.41283439806833805,-0.05698502112226724,0.5912886446998615,0.7226118100634941,0.6846341514861319,0.8436531067883314
TCGA-D8-A27H,-0.8811676645201569,-0.7293441619350457,0.7839869376183366,-0.6092969501821636,-0.8553001383225287,1.2718617747939378,0.03274796953960232,-0.0741552182607138,0.400551827675297,-0.5016393313451448,-0.1631970216862791,-0.07664649999179966,-0.5118199334746575,-0.5186250443812407,-0.7685733354572657,0.36319625258195787,-0.266629216850307,1.3281889563766345,0.5184875997389758,-0.9017009326217854,-1.0020444037499219,0.651868225851668,0.877186462102958
TCGA-D8-A27I,-0.7773888235856383,0.978861658823176,0.975767593703005,1.0558978143122264,0.35223715264884226,0.2645833586982977,1.809234045985296,0.6627145466932025,-0.436373542140225,0.07481803694140976,0.7559889536620037,0.6914395616913547,0.8547058272527148,-0.08319770090607174,0.22398662116097198,1.018768953648375,0.9656328807988181,-0.3436762421732335,1.105030905405312,-0.005974911724113811,0.32571236457868546,-0.6897380614050515,0.9278675808926485
TCGA-D8-A27K,0.048880536204919806,1.052071208751057,0.3544430763784063,0.3093685663976476,0.23450690525834633,0.19788987827593096,0.5602442418301163,0.27408451262928474,-0.37330494110524304,0.6366391397813654,0.5029836041222184,-0.4108768180926496,-0.21591697696718581,1.2261656756670385,-0.24463066487368293,1.4935881929412367,0.5772840824731588,0.06715301517837345,-0.48366165840802916,0.018133256407697702,-0.02729558601944605,-0.19894754033296164,0.5251065016406624
TCGA-D8-A27L,0.5224483991332058,0.23561163306965746,0.8863210775404083,1.0040237171399942,-0.07472066114105322,0.017496853298065322,0.9070948478097606,0.9051743580550569,-0.07213236262327907,0.2867676313337159,0.3283843876006712,0.49136432335888425,0.570203433506153,0.47990837413630344,-0.03492794594462757,1.5371110725622272,-0.08492360282451908,0.8673750575275514,-0.10256391794143943,-0.0351145746554901,-0.3017936387277956,-0.2907858087022369,0.6062873281667639
TCGA-D8-A27M,2.333846016482201,4.628144346045224,0.6608451686021314,1.4371321445212817,1.4932120600952996,0.5653846837050222,1.6840926911893674,1.4743002470385236,1.743560424287961,2.35521250738894,0.9411523522005278,1.3334966268776778,1.3552170201793636,0.17335923544342427,1.4186443428827884,0.8923770538421738,1.9800523026291303,2.0186398475219205,-0.1694650841889495,2.7403570392839898,1.4373833624640788,1.2837289876941755,2.741224701330165
TCGA-D8-A27N,0.6124750901714916,0.028912158019981975,0.9761500920068812,0.09610762045024636,0.23795322853536918,0.5440542756650181,0.27803178454082805,0.1470757894954848,0.3436331162730133,0.2606920986682081,0.06097743799452409,1.096485024892898,0.7869967343627595,0.5551260889540717,0.6929145986922403,0.6759497226697996,-0.16288112175985853,0.10686907884064159,-0.08891490311625413,0.2918868015371609,0.2829500267839558,0.36253381502450155,0.22920775413994945
TCGA-D8-A27P,-0.7516473876708823,-0.8002953416341361,-0.06709116394752665,-0.23892168764601607,-1.0047874531894665,-0.26893792744692546,-0.3652463522837,-0.903958890677774,-1.3967587844399214,-1.1287339858217977,-0.9819786819406762,-1.1640221857940405,-1.1302215410723202,-0.5068255269880455,-1.276028821819633,0.39546048821700097,-0.35988156606813165,-0.48810670254397864,-0.8723686498335711,-1.2081346496786072,-1.0416545695562616,-0.21167703784189562,0.15481000424790492
TCGA-D8-A27R,-0.8142716863200954,0.686796103532899,0.13093572112791244,0.42198022196721796,0.7611736100969211,-0.8600243151327507,0.3696530057685627,0.12908032745843231,-0.11118735545079453,-0.012580429643873403,0.4151767050749405,1.0955349820251084,1.1325188614677693,0.6574302266364763,0.44558499157013953,-0.517870246152819,-0.18826779414023645,-0.0008906264994368079,-0.5260471606816648,0.060132349407360154,0.5057632694950154,0.7069233069837862,-0.6266498011497288
TCGA-D8-A27T,1.432550071962598,0.30884394198112275,0.7591152741050573,0.7377272614229531,0.7135304076851556,0.06133077002321742,0.5163508041938484,0.3752340969410889,0.5945969908169437,0.8191665828938508,0.7360083237815005,0.8893379045620506,1.0912134982594197,0.04264089323724076,0.7679760752214445,1.6058525195759417,0.0133141971583973,0.5066707891000772,0.004418002952040787,0.5185942699167898,0.6421553030545993,-0.9468081062460795,0.6148044753242732
TCGA-D8-A27V,-0.22095934957118096,-0.7868870497874437,0.08014312874888667,0.17869690608977062,-0.05750759057146601,-0.6871230258083423,0.1708203461647724,-0.7677174071314394,-0.153536001000508,0.1782155452438668,-0.38735159182594625,-0.5175679481836637,-0.5477548801795059,-1.0729227370397219,-0.6617965990139342,1.097070793562278,-0.793519687273581,0.09839499392807252,0.17932923127777642,-0.49886162653380717,-0.1912026777803321,-0.3041546449651589,0.0
TCGA-D8-A27W,-0.933190230935149,1.4516133613888278,-0.10404492253262669,-0.23654646944626467,0.4187654164234633,-0.8001141537085744,-0.2145790842855816,-0.26339785627676804,-0.5550156343480983,-0.37172789365269626,-0.7599553090982762,0.9707966152456095,0.5387112648886968,-0.015026444029796051,0.5073961415839198,0.13006885730872253,-0.48146334095489035,0.3284509779582992,-0.3228468374813257,-0.1179269165348452,0.40323249200578415,0.4198409910933236,-1.0037091975658332
TCGA-D8-A3Z5,-0.7344305889524189,0.20621562309713196,-2.1869547397416946,-1.3158516892772845,-0.24556255944032193,1.243269364685083,-0.9406315663294371,-0.8301346912745375,-0.6208914038009132,-0.7219327088139497,0.8777794563263005,-1.7029143774624569,-0.603958541557863,-0.33978310405003914,-1.0173493016103303,-0.3637892565305397,-0.3280853080140444,-1.1581627395472391,0.32763429858835535,-1.2285969807786623,-0.5473328663363644,-0.7791966249596707,-0.6432869282338465
TCGA-D8-A3Z6,-0.32618740512338007,-0.4688436608459794,0.4196595153661716,-0.21657906941182206,-0.9831389256296345,-0.6286327226277516,-0.7335360445480336,-0.44064458370146165,-0.6187234064556376,-0.6847172986147584,-0.4778273606767541,-0.4557818326603493,-0.8692677219579932,-0.7658842063530099,-0.48696520898225415,-0.4277474913823929,-0.8960031358901838,0.008884167212126258,1.318743338613999,-0.9091531102437695,-1.009529061899868,0.6051021848886216,0.9728144045948877
TCGA-D8-A4Z1,-1.1227920501186122,0.90448190443513,-0.1030485867610706,-0.48550347909661407,0.034642453815847095,0.318425686915422,0.2546037124471828,0.37999170825728795,-0.13683721277710337,-0.5222237786068625,0.1765366003533817,-0.29234756008205026,0.08299815375545223,-0.3953910232926761,-0.1406749171151806,1.167034321259239,0.42885091684838406,-0.6774376444825594,0.5637604292419821,-0.7717467243954332,0.16262503828284822,-0.6656793757015728,0.23912318798494833
TCGA-D8-A73U,2.0406769694594624,3.2457647231588367,0.5555854292771863,2.6000412455651687,3.9038329474702027,-0.700759812627995,2.203464635494346,1.4854010859142386,1.6077471666731156,2.2634035982710943,1.6485380543870112,1.7578130387612132,2.2222724332468755,0.984097631086444,3.487006954839117,0.4487273247541874,0.7992431953227496,1.9895220262728193,0.11503412859194112,2.6544243425072227,4.177650747681016,-0.6958396992721251,1.2126069912418387
TCGA-D8-A73W,1.014176500895653,-0.353396053666469,0.20093307907764474,0.026647442154023957,-0.32687259043049405,-0.07176562358989887,0.31203095639933665,-0.9902581385532002,0.734462500038552,0.3595173061038426,1.272832212737748,1.107004410769757,1.5339361781100471,0.1902702617970482,0.5553423969530483,1.1322502142199373,-0.7204497143195808,-0.3335227901464256,1.3304802576556976,0.3414005923214529,-0.1640657262670167,-0.16239142112241153,1.4508814770800473
TCGA-D8-A73X,-0.4329820366348052,-0.5652491833546569,0.6382035664931833,-0.6386203075532642,-0.5834735837171169,-0.6550906781647231,0.0627643799569262,0.5050222500544417,-0.7019065146467376,-0.6629362491505587,-0.02016692488639439,-0.6125879859499143,-0.7333305880236396,-0.5040203397548328,-0.4815755871697272,0.24709693668586213,-0.7501018596442447,-0.4798460804665122,-1.2729694283075386,-0.6875011588511672,-0.5792224532192797,-0.5758639443614487,-0.25444591137547323
TCGA-E2-A105,-1.9580499437979733,-0.8809532758953831,-0.5368221514430198,-1.3305620999831884,-0.7698830147886961,-1.0298028034187239,-0.9314536162518178,-1.3206371917343414,-1.3746367579991734,-0.6602446336143916,-0.6531969587535658,-0.6529959365676709,-0.9079042668719254,-1.137025387983088,-0.8319107145038078,-0.10784489736802312,-1.0110319124965983,-0.39317883107826607,-1.3088903787373203,-0.5884627527375175,-0.8636037646049591,0.16518092995004427,-0.9459383377082938
TCGA-E2-A106,0.4232137304295352,-0.6389374479182375,-0.9809268834691887,-1.167762265900772,-0.9916923985372165,-0.9002517140751969,-1.331761014878287,-2.408210002813557,-0.31426325188606374,-0.7306579201185963,-0.5850882981474509,-1.895168870653909,-1.2755384477586766,-1.4186971793662617,-2.0159033838784635,-0.3265562918534454,-0.5291065881161248,-1.6901462053473342,0.16130674621653965,-1.4707760505409297,-1.3011642442957951,0.9134241430117769,-1.5476469559130335
TCGA-E2-A107,-1.5431726431383754,-0.7152036489668192,-1.8969532301630458,0.1482495529873224,-0.22611599776551558,-1.2455339023399181,-0.1360448147834224,-1.233865379546771,-1.3553634114921642,-0.8675949225936518,-0.8597298064396566,-1.3439592366299742,-1.2545267136199825,-0.6123797328016315,-0.9985889436003529,-1.4028206195584465,0.16308707598230313,-0.8119960493570686,-0.6522851754229434,-0.6056849545283192,-0.4336517598744112,-0.2111925223745522,-2.192440036393379
TCGA-E2-A108,0.6616600926315155,1.9462754622675946,0.8102891376196938,1.955365530322351,3.7574370602095084,1.5325187599258145,2.3007713249254436,1.1958606867578252,1.1393955945048715,2.1563988767645785,2.945322023229194,1.730225912808362,2.598096177041468,2.8816916904439225,3.0013749563351695,0.9265901577240668,1.9268233823189722,2.593970411315579,1.480735251775682,3.0583862701230777,3.6831025502368693,-0.8596682017784223,2.3700483351439354
TCGA-E2-A109,0.6340449947895872,0.31825998336896283,0.30694992903722423,-0.05700862071824877,-0.190608474558261,-1.7615953161199267,-0.8980431731075327,-1.2583358178577901,0.5218182749877096,0.2463737929890226,-1.786797798137639,-0.5392320871301346,-0.6005460155384515,-1.260907548805046,-0.5698431806524351,-0.5879553801571045,-0.41589525729948706,0.26498401382896825,-0.005121713421981672,0.1896427111232424,-0.3166366440401221,0.9595561104703916,-0.3883540764051476
TCGA-E2-A10A,0.789135257614029,-0.7695595331042322,0.4427842297109628,0.1477132608707373,-1.1803900831004874,0.36942422719977197,-0.6472069853635388,-1.2990046820540744,0.14185223709456826,-0.32282845056629494,-0.22094553398212682,-0.11948439773175512,-0.29322233540733383,-0.06603961266453585,-0.6712125662531232,0.5563377716777996,-0.9422804470199907,-0.6499650451907659,-0.6453405393932041,-0.09048128454394895,-1.1737180875258317,-0.5715630647319444,-0.1282352861069992
TCGA-E2-A10B,0.13478343316931912,-0.13432961249068184,0.19028310253980713,0.25781123172702347,-0.023027594738773697,-0.9677915321567911,0.07235708636886291,-0.06155410369633001,0.42186458759631246,-0.11491461850144179,-0.6057320020058173,-0.17404094756815883,-0.2685506559886288,-0.45528704121168584,-0.00970640311460037,-0.7942340476738673,-0.46418313236985637,0.3450204165472033,-0.6168170552350782,-0.17062943672682301,-0.1138919650424504,-1.5524850910194485,-0.6939750176045028
TCGA-E2-A10C,0.8442044264179176,1.1056136006781232,-0.6335647887703745,1.2671429360566715,1.0927755207825736,-1.3630596416207448,-0.13687597604087487,0.6670790500112926,0.8740649121195595,0.8633916088446019,-0.3433621290018489,-0.1457077783379743,-0.5301754140050683,-0.16931232924197356,0.727999952191342,-1.2909324189109166,0.2512332224540075,1.8874223185960275,-1.029868780613903,0.6621068045469123,0.7691114230886155,-0.5585100997395955,-1.6542439899669317
TCGA-E2-A10E,-1.0313042703085895,-0.31930905820933503,0.09485385036026239,-0.2557176044153172,-0.005069151376907104,-0.29046575171607486,-0.3131203861176355,-0.4057735896897593,-0.6538175223446612,0.8626913238367927,0.5201559387802369,-0.5307156357123457,-0.4329006058644702,-0.4386460463166882,-0.4292546220341633,0.900494999635766,-0.4760030864602604,-0.2762451387677001,-0.21454065699801328,0.3537940862273047,-0.22463057287948693,-0.13862131315522805,1.0594262961751988
TCGA-E2-A10F,1.0256093252805505,-0.5229692371279694,0.9419110409939664,0.22344193495656295,0.5278386624813831,-0.14246374484516497,0.5734410069171558,0.05310810027142181,0.42739956738629914,0.8507705770532004,0.9333316536954923,0.9621790329908164,0.687460575948411,0.3890657735996766,0.5764025687229828,0.9463190192618335,-0.5758444339039038,0.5835138197001273,-0.6528743461606468,0.49379125172879906,0.20279786535758718,-1.477257399351746,0.1600621723599513
TCGA-E2-A14N,0.45946199848982566,0.6744907594765952,-3.3342055987306636,0.7781248532169412,0.6363286724910177,3.4266825616540335,-0.6224554742665563,-1.4721552023176778,0.9824711709832796,1.1463402759512629,0.31848386091541586,-0.934286440541489,-0.5360550226075389,0.9321718537125578,-0.04547004909987733,-1.3347779287100519,1.0573936930439582,0.7590713645810009,-2.649245116767155,1.5508477439392696,0.7388461319805714,2.7361780671307674,-1.3081025863728664
TCGA-E2-A14O,-1.2162643439688556,-0.2565619797606206,-0.7633731984033937,-0.4233544524396098,-0.15254626073943262,-0.777866374474076,-0.4155893011492147,-1.995820060662633,-1.871415984885443,-0.4614715578980108,-1.000424242718341,-1.033453021453325,-0.5813913837686092,-0.23828010586293374,-0.40044698303336174,-1.917938039512066,0.08559356707481462,-0.7311122656899587,-2.099848066038116,-0.14370753846406814,0.2408917003764321,-0.4255937831179697,-1.7345280898522617
TCGA-E2-A14P,-0.26786764826402937,1.6713742538199696,-1.681714281283386,-0.10245570132104319,0.7092526610112493,0.4439851458652145,0.1850420925492935,-0.6907488197620306,-0.14614806599845914,0.6660433589865702,0.5007866357187356,-0.957517385249209,-0.5389847833177451,2.152403068229992,-0.26883701751296885,-0.5239991063671644,1.2896334911818692,0.47858777189717955,-1.0450823391633295,0.5868299627078416,0.8086652863124677,1.0112461184650132,-1.2813267082067032
TCGA-E2-A14Q,-0.11385960665840697,-0.026773139243300458,-0.13200897566215225,-0.4843199567319526,0.011828986108634887,-0.20091191328350808,-0.39095756163846007,-0.14696595683258237,0.009579270403132056,0.11304610330993571,-0.0036831957091141465,-1.5325309027640879,-1.0347546570054673,-1.2365773289581454,-0.9448712087570159,-0.03783049635504892,0.025393187988741333,1.2744632283114836,-0.41148671726830954,-0.2077385484707171,-0.2232748871268508,-0.9115750597657846,-0.04939563979893319
TCGA-E2-A14R,1.123173469106156,1.3872183744911863,-1.8178838948164717,0.4875121547831003,1.572103221821838,-0.19489080103534848,1.1045993153635876,0.7226114989065657,1.400867671027048,2.060599301136506,0.9159850252020028,-0.0904838572009601,-0.46085553214067204,1.2531696347924326,1.2407470301407881,-1.5811528304562676,0.9729756532703184,0.9223525159381785,-0.4836844607990215,2.511370195466268,1.895694708595074,1.4414069678527122,0.757130199994201
TCGA-E2-A14S,-1.3829860236991898,-0.3190483702412413,-1.5555825673084545,0.09728576461199252,0.045407297252584876,0.12239095346689083,0.22392569506219365,0.0496968653709836,-0.7538412358205533,0.08576678414873637,-0.6864558303047525,0.47502472114424654,0.20948417871591177,-0.10354384567797896,0.5361488955287022,-0.8690557790759261,-0.7860961355630971,-0.32728962108507387,0.22700757356473486,0.21167667423554073,-0.05700132583641109,-0.41698403835801373,-1.3151549235790854
TCGA-E2-A14T,-0.1601823607907512,0.42939774855159024,-0.45450321471575433,-0.692081875039485,-0.6754549147351029,-0.9627051718269038,-0.3502889969356029,-1.8123065430489664,-1.0029927106244836,-0.8184985536542936,-0.4381189401070739,0.3275513530836549,-0.2610708174418286,-0.4832781593976327,-0.2815671021859448,-0.613292794101873,-0.6138904921733311,-0.8518889088578555,-1.0071247391179499,-0.5133450969831119,-1.021421669516855,-0.013655347364180536,-1.8811137064481824
TCGA-E2-A14U,-1.3389635074196922,-0.6213564841052946,-3.2767631276245655,-0.5966977294966582,-0.837245135818851,1.325285520606393,-0.33833970014599346,-0.6239137198432964,-1.1439575506359994,-1.1533795633765134,0.8680191699111944,-1.276923973221061,-1.2448255759072244,-0.15102955166281712,-1.138650048851493,-0.45471202155070845,-0.14479652455044767,-0.7011264143037195,-0.9864166911446127,-1.1061723315595915,-0.9488484569731195,-0.6176023307044474,-1.3985381704247886
TCGA-E2-A14V,-1.3546663897217224,-0.6235667110000891,0.07753212195036717,-1.29452949467542,-0.7712886665525325,-0.2194316595903153,-0.787933946588578,-1.2572900633488886,-0.806417359443993,-0.46576405128720516,-0.15301069822966612,-1.753142476230457,-1.4293591406724144,1.8495778985794815,-1.2914730344542982,-0.05812663542749428,-0.6672153684384884,-0.37259285162737527,-0.9721960245222432,-0.7085466912223453,-0.6658204202737558,1.2484275576087596,-0.6400213868585016
TCGA-E2-A14W,-0.9674275595475291,-1.2572547796176954,-1.1421923523979631,-1.5364099784527607,-1.4377071548759843,-1.2528679492256112,-2.2623548094308643,-1.315991965575681,-1.4308170549446964,-0.9757146444081085,-1.6329945688881111,-1.7108567709272868,-1.4844202706929361,-1.278062934434481,-1.6870983160395558,-0.11652215020257879,-1.097509409897678,-1.189736475246636,-2.5919655688009344,-1.5843508403021707,-1.6212933327219294,0.9840871596046753,-1.0903468493258628
TCGA-E2-A14X,0.3402230348862926,3.694190140371787,-0.3598764078982822,0.8295813442920368,1.0061172905035525,0.23112377634379508,0.5548332527478306,-0.3068197999123232,0.9117771746454231,0.9432747728162661,0.09494657045019964,-0.45800542058071503,-0.13340930000024206,1.081888811020186,0.1545727905351409,-0.7987845149975946,1.6071105868848266,0.5712999211805527,0.07011925576222396,1.1768381988625647,0.7862162992416122,0.16180835790389564,-0.3038654592291877
TCGA-E2-A14Y,0.1576979731324561,-0.7631601491110149,-1.2593660199084142,-1.56089174526831,-0.003131851279389716,4.9538742255793755,-1.1894609688410767,-1.786585846885205,0.584361456063343,0.8207442727662153,0.5248204950543021,-1.3536077594415779,-1.2790105974524244,2.7027739198272793,-0.18031587346151448,-0.723814276503045,-0.5404005068240527,-0.2694409966259751,-0.30778876970764496,0.32251205100288666,0.7919689887389509,3.8144978203165665,0.5965420696547272
TCGA-E2-A14Z,0.2775848820907913,1.1829521995199255,0.19967449423833292,1.8463876431030424,1.6551423606552935,0.2527571748929874,1.6521166263624791,0.8690667384173493,1.0002294832595409,1.592836546396075,0.3264258403460853,0.8440895020146,0.8105899456597289,0.09405564585408274,1.3782236050179921,-0.22841757381509722,1.3339561864261416,1.6015177462066983,0.40894044979500715,1.8806127275982163,1.467175391628383,-0.3693509106966085,1.9127686326295232
TCGA-E2-A150,0.05478173387400276,0.13003645749011816,-0.1211168800229972,0.26543740045186437,0.2024704132260644,1.5290271900136199,1.1426099211638256,0.60482694791126,1.2525378693318603,1.3695140333234572,0.6656691020859249,-0.010293061470573845,0.2913881842823751,1.4400851181584164,0.1815846870753461,-0.3440105502546448,0.25446304265699926,1.4555752237247763,0.7268702175671072,1.325750903040155,0.3447395240440215,1.971414648858391,-0.09736345172713272
TCGA-E2-A152,-0.2863581608749639,-0.9549823008873967,1.1460955388905276,-0.43218836434183117,-0.7169011709308828,-0.10949918957716723,-0.7429991398313185,-0.24597324449314314,-0.5310244242489791,-0.42470502711683994,-0.5739930880922169,0.3149119149002935,-0.24755795277326265,0.5614000740481023,0.11796280178967503,-0.07102984121863144,-1.0002217978892807,-0.005675828106906687,0.5419143269945647,-0.17581378054829697,-0.5228396633845735,2.225666252336955,0.5239619018051831
TCGA-E2-A153,0.11455802854567348,-0.39473913336223443,0.5153062148266685,-0.29917205760724086,-0.9874208400720095,0.3606247204134302,0.4618697140547477,-0.25803630097120206,-0.12886063800445305,-0.7778761948564369,0.7062301954897224,0.3008217201339176,0.591580427402479,1.5748922473088245,-0.22509336597813742,1.2130949294308957,-0.5950489931319494,-0.6660797173992207,1.424491564552592,-0.6628655404515319,-0.5877404519479766,1.4266500092203207,0.4161940559419144
TCGA-E2-A154,-0.9032809629440461,-1.0942986638658834,0.21141071929473473,-0.07987487838898734,-1.1628796613525403,-0.9762750609858042,-1.2184481053617158,-0.7888597921160581,-1.4270515190986388,-0.9354186268881549,-0.8321414337954253,-0.8775800265069678,-1.0689692207067738,-0.963824640280606,-0.9407934757565016,-0.1679944898511006,-1.2787190535047104,-1.8341024507657715,-1.010521982233347,-1.392489424732469,-1.4871982306030977,1.1377335812089668,-0.25712094805479824
TCGA-E2-A155,-2.5264884030099943,0.6594570612780268,-2.013339862123155,-0.8666019980286243,-0.6753169731781752,-0.15652992864563903,-0.8600901365822312,-2.416761813901421,-2.500184556608291,-0.7958656245464558,-0.5505892602025813,-1.7744207325661545,-1.3645486153863873,-0.8318534478074411,-1.4375644261156115,-0.6224655617008374,-0.9244011193705396,0.1970442245200275,-1.383220193824506,-0.6104189529018244,-0.901400798562914,0.4746363291905233,-2.2671522529420773
TCGA-E2-A156,-1.5462385072411218,-1.2508992538263888,-2.5578484846452136,-1.2350362172854916,-1.5826369541054357,-0.6978836787596397,-1.0519818429555763,-1.5593368746071037,-1.9196906500232005,-1.2776414549784738,-0.32273277661606553,-0.8342161325628276,-0.41008372718525565,-0.4777163514886695,-1.3619026207043847,-0.8327044886464693,-1.1285503388574591,-1.857586111190196,-0.07472456333495597,-1.7681285315116462,-1.557385701039837,0.43481110404355516,-1.9472764933014315
TCGA-E2-A158,-0.5506682522880856,-0.7536220318415172,-1.3758361430977548,-0.9398429584432139,-0.7497960544821007,0.5647324429548468,-0.7709378866397899,-0.4302180068183076,0.02661095584780764,-0.6903241955183014,1.0363292638079493,-0.6400397745874433,-0.2938571011453684,-0.44650123648859824,-1.1739641995472423,-0.5983686920644891,0.08413122614933871,-1.3864055544701916,0.5192925236777486,-0.7270324046908784,-0.5446941326876391,0.9034586900158915,-1.4331761609129163
TCGA-E2-A159,0.3699738336826854,1.0507682452218736,-0.028114504419222437,1.0086048149284523,2.4893334090407477,0.30884751116845827,0.8004921639542448,0.5544765321912898,0.1531365383688153,1.8317435349418862,0.7428456808870727,1.3582376337441981,1.2090592970561873,2.7228712002176367,1.9770075481721383,-1.3273129548108809,0.6492246480397603,2.1824872578704766,-0.2366332095081344,2.657524681092453,2.8358978983889203,3.540155845454653,0.9508663473800907
TCGA-E2-A15A,0.8565188900187567,1.729389144742641,0.4314084720765638,1.0213678606391103,1.231237229110413,-0.7263149721459164,0.8102530714931974,0.03679771426441412,0.8211428637052282,1.1908660943652445,-0.7060006557405561,0.23177550160174842,0.004585179971099647,-0.0762565702054469,0.9438180633666644,-0.15013258945534524,0.36221296992248475,0.9935769310299783,-0.6882131744435902,0.9626793699121405,1.1409732209294856,0.0862061735663432,-0.12646813038562205
TCGA-E2-A15C,-0.9541130064800887,1.7408355316416066,0.5763939801134004,0.6306791359907535,-0.011737411308740888,0.3873470439835273,-0.2882818226723958,-1.0898130023465225,-0.7044500823528179,-0.09857642316497883,0.5371497219747767,-1.0580567223539,-0.6175922950771923,-0.48975739973789956,-0.2796846750030021,1.4146537450479273,0.6197914664983858,0.410105906869045,-0.1952122400629443,-0.27993883985733237,-0.04269063174063684,1.3983534883884912,0.49923586405708953
TCGA-E2-A15D,0.34644414300638815,0.08704840318066587,0.021084729201191595,-0.29521173662923894,0.01316673163561147,-0.5735113885048018,-0.22559240781487108,-0.7570258871087634,-0.364502924239534,-0.23368754660880012,-0.6969125233721746,-0.9475184872783647,-0.961392278888406,0.4859461450188601,-0.7666671529576176,0.9505415185419832,-0.10046073474658228,-0.7633858383170765,0.44054988477639484,-0.7173806905627166,-0.12577458577440512,-0.01682872705840173,-0.9571146862320175
TCGA-E2-A15E,-0.7917373585401584,1.3042138816301485,-1.1970259501785685,0.09294948297085275,-0.34238324508047413,-0.6644084540011205,-0.14685951292975616,-1.61858492432848,-1.0187525097707841,-0.7593798830107156,-0.552167702013339,-0.7893438298923042,-0.8909200711414739,-0.8571498025807138,-1.1798874978224596,-0.6195076824874679,0.8394340484142913,-0.10888149792293557,-1.5559972619419218,-0.565111338972494,-0.6395317015679881,-0.4462055561704727,-1.3312652155338154
TCGA-E2-A15F,-1.2483994068056579,1.4377813306075184,-1.1438990888188707,-0.3710314577717973,-0.6287445920955681,-0.4286150353881394,0.052297676556186314,-0.77005357926801,-0.7198559628598644,-0.2965462491156654,1.002575842686018,-0.7633322923046765,0.4952872473391353,-0.339738102305874,-1.1154911201800752,0.32249085244899417,0.8042323775911874,-0.5431510527759877,-1.2372135534681583,-0.239172851233814,-0.7818129226916775,0.2538628238257036,-0.029659794365567694
TCGA-E2-A15G,-0.20481429139508947,-0.297823667667002,-1.6591699852954205,-0.036957402847968224,-0.8043461781953947,-0.8195982222637707,-0.4652577735186195,-1.0783404377322965,-1.1685601958745708,-0.7888270955756412,-0.7009191661669687,-0.981248051435822,-1.0433396222696272,-0.5439676684804408,-0.8259983558570628,-0.19686854704014567,-0.4539245686281453,-1.1554192295728654,0.0010269918452431796,-0.9610814061892347,-0.9020966046739216,-0.5158714011138715,-0.9609200429085119
TCGA-E2-A15H,0.036962510086730946,0.07951225868833292,0.562471403867246,-0.8029228728874949,-0.8143442664858358,-0.08240049530093972,-0.48085351775859714,-0.9855088264505704,-0.431631374209712,-0.628434435609451,-0.2350215120971857,-1.2104163244532435,-1.1043280200461907,-0.485289697084998,-0.5190567802683457,-0.3654293072167468,-0.2794723523328004,-0.8893008972943498,-1.3644510681489488,-0.8696956645641796,-0.8454917287889112,-1.5060969778674398,-1.0671827049859024
TCGA-E2-A15I,0.35768252727517036,0.9136135463091677,-0.7651876505670901,-0.32866154366371425,0.0622736605946477,1.4756155982734331,0.25142025072012397,-1.0091876650351523,-0.457050995394937,-0.19849292905875154,0.8914105310548128,-1.0182812165287156,-0.5560578688946317,-0.4185489051294967,-0.9385599052544815,-0.005770476920157516,0.4767147968559499,-0.6338138291237952,0.8481265744473814,-0.12194688468862193,0.01581480442167223,-0.4260172289500734,0.37087338080799415
TCGA-E2-A15J,-0.5641474588477651,-0.8165801237819554,-0.8116910856695735,-0.6396393624388806,-1.2831727947950728,-0.3063046523209471,-0.8453688385824923,-1.1082557744166288,-0.31914231020790146,-0.5890847740728637,-0.3670115688544746,-1.219853350869006,-0.6595962463229273,-0.5976171304253929,-1.0603781956798013,0.25533526886751123,0.6261960921992507,-0.7685074565327185,-0.6469125265910188,-1.0049357179771095,-1.1619173136677596,0.1171475396101444,-0.801742339049621
TCGA-E2-A15K,-0.009852221305676694,0.6512587830818554,-1.3455064860048072,0.4165798867922658,1.1472976468159595,0.059166800492957354,0.7613190067159535,0.3342148421519804,0.26245731800071187,-0.4750442762124332,0.16402711045078752,-0.029936591961394414,0.20396831572931637,0.5348055770684044,0.579180951065439,-0.4606853990171284,0.5241936881122017,0.2490144706067507,-0.09309018932526121,-0.010046801636424603,1.09874100896825,-1.3039354982155362,-0.9808836609018345
TCGA-E2-A15L,-0.23723456771268242,-1.1817688310708807,1.0412520543559876,-1.350527732872848,-1.5159809537790938,-0.5740635675758133,-1.0690490077189305,-0.9903926318063767,-1.2103947347537851,-0.7200617053472896,0.5343985329784388,-0.4842587859020196,-0.610276989776566,-0.7437519424749841,-1.1106946221397003,1.1506460397368132,-0.9187159891854499,-0.1612555019725358,-0.08478446776543598,-0.8210398894126156,-1.314385181279372,0.1900156591303739,1.076042825273952
TCGA-E2-A15M,0.026787610322610508,0.5069070786593258,0.32584081139627225,0.6234317232646603,0.5164402370281242,2.9235689634724924,0.7126395882588784,-0.15622469902970973,0.42631329177858224,0.6495638768395062,2.290320588575665,0.9360902086508721,1.8338950159809353,0.578754631624457,0.3780268695914612,0.9380739989190962,0.21085042921077882,-0.040505472524297544,1.8896676798114183,0.4427578184472932,0.5011301277049555,-0.40038795859054643,1.0119444550530288
TCGA-E2-A15O,-0.3222126416206485,-0.31585574247412973,-1.2008186968975942,-0.4108379434298127,-0.8340466266573966,-0.038574586688852774,-0.4870393346665544,-1.0512479444959262,-0.6964850779307693,-0.31735511039241004,-0.3092940215108334,-0.7714339011845569,-0.6220598154523022,-0.4118841457074758,-1.309847390747861,-1.3053079819473143,-0.7697712735716222,1.230281391836904,-1.4731825881244796,-0.12697521702042897,-1.266233635944944,-1.2386674025640148,-1.924491563460213
TCGA-E2-A15P,0.24831807615176688,-0.07409111812908815,-0.14667648788721235,-0.6294783772278909,-0.6162290428392747,-1.0131613221696447,-0.22247651692451093,-1.1137585626753965,-0.6025786409789216,-0.4178811948851375,-0.1137994144681361,-1.0333024348704758,-0.9701513710771122,-1.2185087131157586,-1.2295948947623645,-0.4691616294889221,-0.755281518515954,0.3496385976564293,-0.0933357933481067,-0.7085136185866558,-0.7963368991398833,-1.8531608979012688,-0.5404490216884185
TCGA-E2-A15R,-2.5102870843577865,-0.632560901663071,-0.9610029330883687,-2.034379628129626,-1.3905411580418738,-0.46793252202062247,-1.019132142329861,-1.3789405234591317,-3.1355958826107755,-1.4368503488560052,-1.0712050354728475,-1.9318781688156437,-1.5941028699235182,-1.1335310847515137,-2.12144774429059,-0.226054817635325,-1.054175072654464,-0.8423239357326769,-0.7636354757324693,-1.4960466565029393,-1.942332733947046,-0.083645894632532,-1.7573841593092316
TCGA-E2-A15S,-2.082603071033714,-1.0512210081190174,-2.0034385824147796,-1.4057739918222631,-0.9967190009150805,-1.4151906333914417,-1.3789931751337832,-3.3672571565074967,-1.8645333342920019,-1.5130986078136552,-2.2348039556297956,-1.6631286772258667,-1.4720294411152595,-1.4868193081420338,-1.652537858245663,-0.9179791842881834,-1.439635649039784,-1.3388859103611725,-0.11044561214323922,-1.1856683423471663,-1.2567898347601125,-0.07561000433978196,-2.1198243874107883
TCGA-E2-A15T,-2.256926971187946,0.5748868434256231,-2.1884961257852953,-1.0820120827283433,-0.8886876453805206,-0.17885987092956135,-0.5259310737841245,-2.4725438338655255,-2.1930762509622532,-1.1496609858799691,0.21092201729876792,-1.3688917800524092,-0.9538725730770817,-0.9148719132125872,-1.6799969328092703,-0.3674633423835892,-0.7315359947282553,-0.7860553607769476,-0.22759547613744316,-0.6539967555469504,-1.1517701400591465,1.807303591252669,-2.32511338176583
TCGA-E2-A1AZ,0.9594045598273834,0.8624207369830325,0.24620090354972463,1.5612058290752258,1.318742948228991,0.888654283547382,0.4559955813569071,0.47994504364629054,0.8120947541647542,1.4121685450304022,0.12209591935359812,0.2902426616606835,0.37259971106422596,1.5787624366090083,0.6942594492342756,-0.13947796594829298,1.0641824193296054,2.1325201230760564,0.9031720564057031,1.7745669785070455,1.2843723839109047,1.7062349908166483,0.2727669637503519
TCGA-E2-A1B0,-0.39647509154070676,0.4817320875432815,0.7027127069118155,0.06474675708493745,0.612424671783223,0.43613436203849965,0.06627892551894214,0.03066449450024654,-0.41903832399678154,0.8023851900755544,0.5080051084272059,0.32139387291765503,0.8420968281126255,0.9819771138294838,0.6269637608961861,1.3090815639861175,0.3040407496554288,1.0637559496357147,0.9604986666785685,0.8277856608698709,0.6793158029693144,2.1947673714480658,0.8137619579392361
TCGA-E2-A1B1,1.3335602536659514,0.4617580012845831,0.7747506619598354,1.233218475741819,0.6915476624148864,1.2669328549366488,1.6962162292910457,0.590018658995475,0.936790152162048,1.5350650236543768,1.7044178948367037,0.9254266999659888,1.260179512247827,0.489121555138536,0.6094261143860162,1.2094589450239803,0.8015162701871575,1.3575073224574628,0.714070576481698,1.3318189701912637,0.5329977812340191,-0.5348054569029375,0.3480536200204415
TCGA-E2-A1B4,-0.8395155925823379,-1.3092702630702144,-0.17487887619832254,-1.0591495142487224,-0.9920915112127422,-0.9978347470456981,-1.039680228098768,-1.5298065279418804,-1.1853838377379302,-0.795977009677405,-0.42347446115747167,-2.1162910989261574,-1.394034958372702,-1.1012813088375628,-1.4361929982893364,-0.7362513047914475,-0.522128636473402,0.2256932893759967,-1.1242816346185331,-0.7020696103306219,-1.0637750776087198,-0.9349528786644589,0.4243914445189006
TCGA-E2-A1B5,1.9051773841161468,5.0991981272497435,0.1108553293474737,3.8910463949909864,3.0182438052370326,0.8739823398847578,2.3365359869603206,0.9206935500975766,1.1988229107376596,1.6951153656766058,1.4461919586659358,0.28771656580228727,1.1188846020776204,0.46741204380000595,1.5920093438503984,0.3371683702744583,3.7568087940608392,2.4096812037121973,1.3668499549825721,2.6207782168163063,2.520446589894023,-0.9122422468235918,0.6892735449877497
TCGA-E2-A1B6,1.9077932407793265,6.754203872076373,-2.260382557802151,4.123634939022309,4.247459488603367,0.1720635338219217,2.1737089132150405,1.0134597686075002,1.6400616062689375,2.0168446643449007,0.6831839113521174,0.09062601220515168,0.4945496686452228,-0.3139900541174332,2.9516196121526512,-1.3060099334675912,4.065353002622061,3.1888112830490853,-1.071331356602875,3.665748911336146,4.621982477314008,-0.11133128696952106,-0.737675143047309
TCGA-E2-A1BC,-1.1910604379650314,0.24472639318259107,-0.6427251319476761,-1.3927592102338715,-0.5720400633109107,1.477934177270385,-0.44571328556197626,-1.1835344622258686,-0.7769920660595148,-1.0191167063624633,1.41148939703908,-0.510803324393518,-0.05095707481174026,-0.07794101120548004,-1.105752147957641,-0.04079365126233518,-0.13547593074316228,-1.5108678881995408,1.5761908967012241,-0.7250851812231152,-0.356425969789764,0.6645943867170654,0.32158336834174184
TCGA-E2-A1BD,0.38513364715067155,-1.2282621538799818,-0.0907922612888909,-1.0005660100314617,-0.5641121216116987,-1.2766470168431339,-1.310087616482234,0.4426279523321071,-0.6744907594765952,-0.32856263828968724,-0.7979666016298598,-1.089330458070493,-1.2015039052462608,0.8157776553755759,-0.6945465067302842,-0.15064106143542727,-0.8308269381731773,-1.3602907109776103,0.7243695805919406,-1.2154877329808118,-0.6539561103986341,-1.0870294521399808,-0.7217165037223641
TCGA-E2-A1IE,-1.7718765768366769,-1.0733688545836737,-0.5665537816781784,-1.4595297849500404,-1.0152833512656803,-0.2633255157040648,-1.405081875146215,-3.0252527498856243,-1.6279507136221962,-1.1809501459844787,-0.9250119077516522,-1.923189601233998,-1.5419589056901517,-1.109616200083884,-1.657550670222842,-0.7878331655911239,-1.1076215053327183,-1.3986872164525617,0.4140292410494717,-1.2530125530884004,-1.211166749716638,-0.7151247900356589,-1.563358267325569
TCGA-E2-A1IF,-0.7057084590898061,0.20091112528870328,0.9759075036599789,0.04071311313743184,-0.5208954390885584,1.010390060642104,-0.36100956443625315,-0.6814255832057012,-0.2544040030307319,-0.5025146129791274,0.7065373165205068,-0.5536877267415022,-0.21543418416489366,0.667357214457317,-0.28748365312609275,0.05818992377101527,0.8457426562290852,0.04742196897947643,0.6295582964209575,-0.6818558329996989,-0.4137392273011605,-1.2689924889574928,0.5016110891500719
TCGA-E2-A1IG,-0.01764734810764718,-0.7058646299545447,0.12844092890640535,-0.9130623793887802,-0.6744907594765952,0.42571542013429703,-0.6541441865688606,-0.8420053040008472,-0.3458034961704774,-0.6896966147481143,0.501870161725111,0.31029049607984827,0.4095690770168231,-0.27339362829155034,-0.30410948320706777,0.9055915568527128,-0.350542680642089,-1.2974005936218793,1.345449789178038,-0.5805292237523536,-0.6291507665312616,-0.034431399544891855,-0.22187425957841056
TCGA-E2-A1IH,0.9051149850983016,2.5976259910038317,1.025924514969539,1.5288268795536384,2.1625431552466,1.1260487640980017,1.861675272961386,0.709728037782821,0.12225279173087084,1.3495434420960783,1.5386138095042088,0.8330830068621428,1.373418752445672,0.21710000770894652,1.5695426373807522,0.8799274673289038,2.0066181056754777,1.4859053149129495,1.1776010062831241,1.6421523466879713,2.1597854360459374,-0.3391665247119167,1.6594368983740182
TCGA-E2-A1II,1.249828628593306,2.044034329209417,-3.5073615943298018,1.9371026027555875,4.452538488047459,1.6615633097738218,1.639207847876893,1.3537051605544672,1.4851981394039795,2.5184172937395584,2.028515216449165,0.9845955356254904,0.9820226643937153,0.40842835865124344,3.2912233622621736,-1.8092293425644403,2.059325949955289,2.2036831681580225,-0.6872543909129397,4.121356761676959,4.523665591613478,0.7168540841448425,1.0613886002706474
TCGA-E2-A1IJ,0.9874152066533087,0.2769128654450958,1.1409976492719123,1.5171013077681397,0.8380638257329265,0.4832074158065412,1.0800071730114693,-0.05810112839208372,0.3909322448675628,0.9371690639897806,0.7778549352885804,0.19083711921634952,0.3262723930136167,0.046896833523809474,0.8789595524070222,1.2988948547197992,0.49097127129870904,0.8586143435393199,0.7327568068393742,0.4000839254122491,0.7043499847157936,-1.1636002669775527,0.6455466440617224
TCGA-E2-A1IK,0.7545425255853678,1.2961178169448069,-2.037121972820049,0.4987189552132208,0.8066302493719751,0.558411536573129,0.5839403964356733,0.39239453052129675,0.8081444006007136,0.7518751324269458,0.4378978138091731,0.17805216498653414,0.14677890984465133,0.007945212236843621,0.7262231564423508,-0.9550559105346738,0.7607877031768957,-0.09810239853042935,-0.334064082545892,0.6425769980962164,0.9729612497053785,-0.36633247197637875,-0.1876100783921837
TCGA-E2-A1IL,0.03866387594473614,-0.6362751881413027,0.16352168321870794,-1.2492695842229324,-0.7191885689402034,-0.8896182895810192,-0.8380898723168387,-0.5294291929630813,-0.07642849352102422,-0.0945679558833035,-0.71071054580241,-0.7540673160402593,-0.6324102507513096,-1.0014490564939789,-0.5115400579993702,0.14566847826659396,-0.8293893174088848,-0.39744720525362154,-0.1974736038194309,-0.9535080128176879,-0.4093198647622103,-1.1259400448596357,1.0079907281862994
TCGA-E2-A1IN,-1.5264343511709662,-0.9290661387126101,1.1231348988907435,-0.31801816697140156,-1.2195332014915519,-0.48704082320294934,-1.1194188205656441,0.24920526364789267,-0.9761667514349951,-0.705089577290748,-0.20851952443267818,-0.38130870393203714,-0.5711936447888112,-0.6897602743774368,-0.5907603875600479,0.49400694528528416,-1.3892969669654112,0.08012077286852531,-0.09820758183093375,-0.5639596132005639,-1.0029712070927126,-1.073455790459562,0.19550230335804347
TCGA-E2-A1IO,-1.1553227694715333,0.8479948615454412,1.1008522308501194,0.5871265184025334,0.7291643886768996,0.000248757877828011,0.7748479819339865,-0.7574630647555728,-0.36773274767432323,0.57231203190613,-0.0043431631800395455,-0.11658921510910188,-0.006393640614949011,-0.5999568637563923,0.0,1.4542717235778129,0.16159787348143265,0.8162837366394649,0.16030483677036197,0.2471455247500497,0.32133109081176103,-0.21734858114529979,1.1299276935874936
TCGA-E2-A1IP,1.6399973216057866,2.262310018865765,-0.6740509076690324,1.167579393753629,3.6279234214266562,2.0423872566996235,1.6908380408797417,1.0255419296283668,1.5152113743075784,2.333604384920471,1.513772737970763,1.045766626465503,1.33279897344153,3.12718578969272,2.357201740630621,-0.8656236896589731,1.776898531486818,1.081470721223748,-0.02094996319463502,2.947353699178476,3.4953184233965326,2.6828640225182947,1.1360573775780647
TCGA-E2-A1IU,0.1321393982641147,1.8144966109906056,-1.4778731505094327,0.24311618682910843,-0.060240816395730645,-0.22890440224729786,-0.23725767317952828,0.06248092730624102,-0.6438798452188857,-0.17175732637504765,-0.6716441700281898,-0.9906824784739435,-1.002205531823983,-0.5459162535332963,-0.2922517611027792,-0.038744909765270064,0.7759759279035625,-0.7431957370325802,-0.011198117635216748,-0.47910407234437785,-0.22890828297590599,-0.24629498609708741,-0.9051943777295501
TCGA-E2-A1L6,-0.24300246897343086,0.6114016007513351,0.028291184825082326,0.3691346930707402,-0.7010059990771361,0.6558644745515304,0.031661559841864376,-0.2330414161208099,-0.733029071747245,-0.5271016817902637,-0.39641417108036575,-0.43707520239780034,-0.5238561873265423,-0.5440605500371892,-0.8038279954528675,0.6252679710375726,0.8848138869411467,-1.2373500854205082,0.1548435264187886,-0.5830942514957682,-0.8446231822919908,-0.14876019959066542,0.8235265385633258
TCGA-E2-A1L7,1.185960867691017,0.24566665567473106,-0.2820639435960131,0.5997258515684138,1.1257340775989277,0.12277747471959487,0.354183958363873,0.992883282106099,1.1357593818159972,0.9594806363840771,0.5064507552612696,0.7167446288922987,0.8906087383948398,0.5299635949108323,1.0243271501725357,1.0576950753250984,0.8017576390323774,0.13905677983453055,0.5508616881344733,0.7511330528389761,0.9341514491223541,-0.3622471547308137,-0.06046048750805574
TCGA-E2-A1L8,0.6820389560852714,0.17914238063976023,0.7285614939848452,0.00745484913196835,-0.16564154544354695,-0.8331497055316404,-0.006033107645988173,0.08821132728790695,0.11607181799203332,0.13454807796182472,0.22863794876913726,-1.0296913130842593,-0.41363819675494956,-0.8619053611504539,-0.4334685987951195,1.0023464580604353,-0.8338160777957708,0.7539265340262983,0.43669222045734646,0.039793829937594144,-0.0004184682672952088,-0.5479099189350511,0.23847445991515379
TCGA-E2-A1L9,-0.05399943094899713,-0.906797551953502,1.2059182119841967,0.46570766631651794,-0.39285850055525956,0.4297655108140265,-0.014923208701343766,-1.8256641255640933,0.07217770314408388,0.21746139135857948,0.22346789425339075,0.5659423274210651,0.8166667091483114,2.9265500373781093,0.1754119538407527,1.7236985047820481,-1.0270658105298531,-0.08019379413878068,0.6744907594765952,0.23544329073979384,-0.2932413596018321,-0.2187353301121912,0.6987543046501441
TCGA-E2-A1LA,0.4941914702266004,1.9757040606095284,0.47873331666655466,1.3961928899219378,2.51545729634034,0.11556876212665643,0.8565183304584721,0.4161957885207414,-0.05108475951027091,1.8825872041020422,0.8066702382876916,0.3893857261479841,0.33059426935162856,0.3020081852064749,2.1380864175180028,-0.24118172845737992,2.145617246454543,1.1168946390228753,-1.2470051112218576,2.2420372723170856,2.9067640294511277,-1.1577201577489253,0.8535015777559839
TCGA-E2-A1LB,-0.043504737626865624,-0.6663900480046618,-0.6691598068654393,-1.2262039480007527,-0.8278643845965676,0.5008136485591826,-0.922121457670482,-0.5416703141842363,-0.21521698280715787,-0.8866099233374556,-1.2747485578737636,-1.7814435589857502,-1.782539791310921,-0.4916876690078188,-1.2269686616803974,-0.818942701703122,-0.6318733293511559,-1.0960089584105857,0.10677123686914708,-1.0231989403374027,-1.037656466335728,-0.13915066011133154,-1.9340574273447635
TCGA-E2-A1LE,-0.871712031859373,0.12176791796259316,0.7922269608956205,1.1183198772524414,1.7288653355423431,-0.30532358609415267,0.28796504785428667,0.28864433583142357,0.0,0.7235025337132143,0.24607971574477938,0.5698090967283139,0.3905877039515297,2.267805832950831,1.141950002406669,-0.4051579053563915,0.7448776380325769,0.5390085089383292,1.8926429352137133,0.6849482988374219,1.2624629960449443,0.031140190096361636,0.3603436676739567
TCGA-E2-A1LG,1.9936459539999818,0.10616492106049712,-5.634152324504253,-1.1829566327526484,0.399259382426875,1.9598293325179323,-0.1942518422671761,0.3748427084506737,1.4401293854276205,1.3500559578445948,-1.316780645378286,-2.110141734486089,-2.1640562883761403,-0.7486677717545087,-0.8759917762804422,-2.3358346129168597,-0.009539532083144927,-0.7723633561089683,-2.195541876684335,1.143366006809655,0.1636377299701318,0.12609540801653119,-0.08343673810848425
TCGA-E2-A1LH,0.868168366885925,2.3379582025936085,-1.7436468247716561,0.7788048006512979,1.6104766960518626,1.1478711538956026,0.5040902100999122,0.7711920393626502,0.6741331042220675,0.814158864759214,0.8001034836035835,-0.12451685250317986,-0.13766823596306618,1.2469909965581556,1.3489622077814447,-1.3326802884605673,1.6749995106459858,-0.24611004219665938,0.0053502476702886135,0.6404634584724227,1.4773077470417726,-0.10014960828307462,-0.9454786470263801
TCGA-E2-A1LI,0.4741972130587925,1.2445739229500064,-1.9555905388561736,0.18213842869809094,0.3251879234989504,1.945478346469581,0.07530960268255892,-0.6610208095526071,1.031243751832887,1.3168096238907865,0.8324905715042326,-0.7377693146798316,-0.34148176148407233,2.548384832045109,-0.02881135662764282,-1.778303559908673,1.0018208246568083,0.03827102511704368,-0.4962506365073389,0.813090839580107,0.6686939369901477,0.20399221254942854,-1.2357901571038212
TCGA-E2-A1LK,-1.7559427943026298,-0.9312124639756632,-3.0448966870072645,-0.9880391899747071,-0.7290044721659213,1.9195157821652808,-1.1188481098761733,-1.4608475505949126,0.0385912758704999,-0.4194147629234732,-0.02844046867115747,-0.36760185112902377,-1.230770235611239,2.362313543040526,-0.7245666601541128,-1.0032806841375226,-0.5661726814486487,0.8607249492424653,-1.8411512572701554,-0.46715470782098845,-0.604183623549252,1.5336189430929434,0.8682523704115817
TCGA-E2-A1LL,-0.40837916626068277,-0.3496044552774405,-1.4928399339518943,-1.736382335922695,-0.9167338496670778,3.403524273083824,-1.2794053796593021,-2.5435594911469406,-0.4371989803207645,-0.8532654715027016,0.5015146831078392,-0.9233339701022601,-1.063637777493375,2.0331728156635434,-1.0560018642723406,0.11961313321370343,-0.27495539866150903,-0.5741067939077257,0.09772365133779394,-0.2792630447906674,-0.48455205158272874,4.1115550230792355,-0.9993640099576148
TCGA-E2-A1LS,-0.3764675548233355,-0.2566887418318138,-1.541729558081947,-1.2185057891658906,-0.7498035162557278,2.506186208547124,-0.6358370813591717,-2.008570138562896,-1.0466074809362649,-0.6051845800692286,0.8228178125668729,-1.9935616922455754,-0.9449879071550775,0.01197432904986585,-1.3907781497368115,-0.39525163501592586,-0.3096828536763922,-1.4571195925288343,1.2702502954618307,-0.6059506877666267,-0.5291257223815115,-0.00038847330478465635,-0.5120913445886272
TCGA-E2-A2P5,0.452217173820738,-0.7279455497932324,0.1860412513326816,-0.20476211024974056,0.19794782129750893,-1.70058673908804,-0.8138604271582234,-1.0014876254714367,0.3092998522835486,0.35709366256589153,-0.5873560009022801,-1.203039098504252,-1.098809342902683,-1.3018112870382632,-0.3145530306094497,0.033080942835345475,-0.374055029688812,0.21074149527275826,0.2798088917616421,0.3309073420936817,0.17319475716965596,-0.33339688224134756,-0.812650440187138
TCGA-E2-A2P6,-0.7647940644232748,-0.27292003591323005,-0.636559043305848,0.6483105138315443,-0.7264479756598278,-0.4011364665608136,-0.36472590887684436,0.16228004574919302,-0.7992951189816502,-0.29258617746616333,-0.3782211872597124,-0.4074524256528059,-1.0651565606774673,0.38534739545303176,-0.19923400298292188,-0.8747817246780429,-0.8126083545442863,-0.05377375397754666,-0.006412143385775722,-0.493865949097497,-1.0116739652999862,-1.7529213166314732,-0.6757844982844479
TCGA-E2-A3DX,0.7009625244145878,3.474513020336029,0.7038033644742517,1.800487342680219,1.9795549274852515,-0.21019964355790474,2.111842891705385,0.9495052791036347,0.6140251942264727,0.4539894957077268,1.1209552748991534,1.3634068119921612,1.472420550654632,1.6409605774237443,1.1231033811482392,1.5098704809477563,2.2486436726490853,0.5787536117343979,0.8116420133108398,0.6466950320533935,1.6031543633447094,-0.13023698886962515,1.0065354830850388
TCGA-E2-A56Z,0.12730113128083861,-0.6468025969841402,-0.4243888845966782,0.03644963043601006,-0.13200444106562448,-0.7740382177068118,-0.8275849675405261,-1.0233768938219752,0.2590724665752521,0.08441557912918629,-0.9677484962044515,-1.408637144281695,-1.169481549319599,-1.0700216782058007,-0.6863017491432734,-0.6379435067764118,-0.4176105095747507,0.6909046234643506,-0.5273519228286784,-0.3411753849052526,-0.08558299933556142,0.6494784611910351,-1.2171752090691796
TCGA-E2-A570,-0.16463961022714058,-0.6678612558187521,0.9315725750062627,-0.5249887091303782,-0.9719484123292458,-0.6715120896761884,-0.9214616202160565,-0.40436149500084784,-0.18490423873278236,-0.8352525691459398,-0.4737334185632253,-1.0711037334762323,-0.9693404329098755,2.3400288284645874,-1.0051097715601225,0.6560023934411106,-1.3813788569235184,-0.589796090316043,-0.8626406952242089,-0.9404133991914855,-1.0478172470011051,0.20786103189700855,0.11676074823522321
TCGA-E2-A572,0.7398314325926441,0.10043599435093423,-3.8747298235698704,-1.0611241108728187,0.5553048015312059,-1.169957434968288,-0.7304612843688348,-2.0775059118417647,0.13869183255550116,-1.0593881638827833,-1.6476134210336826,-0.8456909406497,-0.48420959065998814,-0.7372447696569998,-0.3532305270669449,-1.258174063609918,-0.07259710388700062,-0.013627973005054993,-1.5752909907338137,-0.6830031642091474,-0.3635008880753836,-2.704489881539996,-2.0456069223139406
TCGA-E2-A573,0.8393043899220195,2.0890523969410384,-0.8818231471003556,1.1962620068299585,2.2145530915819043,3.355566155350629,1.0521939927150457,0.1344763249192542,1.4446430045013958,1.753537191592331,2.210435340865763,0.3383913461605246,0.7454429230468933,2.6893341236758754,2.0404079796363623,-1.8583633743072594,1.9894999037917804,1.084792596204943,-0.6132210877991567,2.243653389238958,3.111021053123675,3.047871581809606,0.9013368702506513
TCGA-E2-A574,0.8745384032053184,-1.565800418590997,-3.0256973671609333,-2.7239787157660356,-1.1933696081042242,2.4249167966993683,-1.9126349028133898,-3.4075449487629403,-0.04992693604381691,-1.120600574935069,-2.550136806186397,-2.752865105557437,-2.1357603957578855,0.8829957051147221,-2.2909608573558278,-2.6486343905745846,-1.6262574267675394,-1.8449138550401332,-2.816899108246659,-0.2631639534349217,-1.8870126229375341,2.027877044327573,-1.4561993421202817
TCGA-E2-A576,-0.6644717912571307,0.6498230890231534,-0.4146070555550328,-0.09646904685493636,-0.00876104765589,-0.9673589373015056,-0.22700503841963077,-0.5760522797132116,-0.802567923990499,-0.506383652943273,-2.240473231671681,-1.0287083416718183,-0.9743886862345272,-0.9916940577899334,-0.3135903462988333,-1.349729398016055,0.21461243624684967,-0.16986260246306698,-1.2898838493835147,-0.09311910329539934,0.23070937029412977,-1.4370818774327598,-1.558866914843197
TCGA-E2-A9RU,0.29943956864026705,-1.3667269455359148,-0.06978687162846468,-0.7208887265957387,-0.4098180983808674,-0.7257389970840639,-0.3594103781149877,-1.176457932475592,0.2661879661891088,0.1904091680059723,-0.04212620527315185,0.07001423214677864,-0.16010589093438762,-0.2949456165558223,-0.05435717942612237,-0.8072038407738162,-0.7795759473268796,-0.6734552812904697,-0.9531856093093768,0.5725350014443341,0.05045988471434139,3.2828543201418703,-0.059732040713144814
TCGA-E9-A1N3,-0.2500611422711203,-0.029538917648871416,-2.228157727939392,-1.4789570761522017,-1.4146053337743536,-0.64395201751164,-0.9526140141996865,-1.354498326010774,-0.22132044519106925,-0.8525152128080853,-1.5733254730706405,-1.5446548544515954,-1.4085603368131363,-1.0541724643534394,-1.3089097489894974,-2.1006636023957386,-1.0606315780309588,-1.3218219719905953,-0.5161924047148305,-1.3510733278093339,-1.56328664903469,0.8478384242412473,-1.3077817492942878
TCGA-E9-A1N4,-0.2994612340963421,0.6199033542525805,-0.8066380394143853,0.5289406998218332,0.2847905348736013,1.9598140465776515,0.323940489198699,-0.283378412222662,0.12373033574290403,-0.03127483812595791,0.3869397733625055,0.09596291052956317,0.20194283192244986,0.0747700184322761,0.06744290665032424,-0.4527121201086988,1.2337035839871267,-0.8583538203393509,0.5437402452127276,-0.02409357869166943,0.02001216744422083,-0.46492203977568414,-0.752072347674036
TCGA-E9-A1N5,-0.12420166169893689,-0.3501852322684744,0.2989357675993712,-0.17406287777148358,0.02963368851747018,0.43266850882832913,0.38734854603100294,-0.6707223357977323,0.5133178619176042,-0.18824808969023846,-0.5592399219490447,0.07393216823832104,-0.01471421949465552,-0.24264482694253178,-0.14185238771552933,0.862024657994567,-0.28339373042495186,-1.095823164804309,0.19748636187628218,-0.5130040059625315,-0.043965693969988305,-0.7741861838121264,-0.8910778777924666
TCGA-E9-A1N6,-0.7108424600415157,-0.2517543244689015,0.2219781252313082,-0.17460949243357193,-0.28071155754105964,0.7779261177577027,-0.0025169733945900807,-0.1400238893977279,-0.2273503211005341,-0.5294906905353787,1.082593897976593,0.40425443418730855,0.5183338596096115,0.3304134738338944,0.09503436815870545,0.4053698433676381,-0.3579836248043766,-0.3928851091300646,0.8453149719137688,-0.1712220877157487,-0.10228167688025298,0.42454212988986445,-0.06573799361586649
TCGA-E9-A1N8,-1.0041890974794792,-1.4224864351488669,-2.8264250559781816,-1.9687373529552057,-0.6940041300871775,0.5516963678872641,-1.9253577802182293,-2.540287307172371,-0.2511329179768532,-0.24949002692213454,-0.8971968764440051,-1.3879923765454623,-1.2855372417770665,-0.5682547381107768,-1.3063029916079265,-0.3645985362904445,-0.4722081904188817,-0.9635456035005829,-1.5679653000577383,-0.7141788701630565,-0.7133088819083621,2.315736463456624,-1.50606753715158
TCGA-E9-A1N9,-0.6124275719732241,-0.15040601129143927,-0.8418670561650621,-0.8060384989607063,-0.20931469239257205,0.03984691029681841,-0.34358699829717587,-1.5448524493323708,-0.7918752247589923,-0.6344340520215818,0.01809700038473646,-1.056451221946818,-0.6188626339293188,-0.7570449188877149,-0.776330795320085,-0.6121356617666159,0.0,-0.8083397566994287,1.0236672422811677,-0.7104126244556892,-0.28298026020837147,0.7765431410502722,-1.0189634199480226
TCGA-E9-A1NA,-0.46579569172725876,-0.42809885631595385,0.0033408870441585647,-0.33542401413279926,-0.26306291251953495,0.2735076154113755,-0.036905308038494726,-0.2748868451442946,0.19163981569788127,-0.5212992033668113,0.11918878216097506,1.080884625885498,1.0134216350990652,1.4511660807416737,0.5723932029505577,0.23542184624972987,-0.34325325762654535,-0.014463329667969453,0.49900382814009375,-0.05287649958696936,-0.134693522918986,-0.831831608376805,-0.4903728206127247
TCGA-E9-A1NC,0.6752470489958062,1.8751882644098805,0.6451469748626061,0.6870692959080161,1.859235467605393,1.40531572133191,0.7205468393682095,0.7855491742720009,1.413804988169732,1.9184637886214781,-0.022407066131388362,0.7880360334937443,0.9665129576024272,0.7656615536676883,1.7440440882813852,0.45798804207640514,1.8987478161123048,0.8415795059367015,-0.6952930681951617,1.9825626940965424,2.1141591047922823,3.1013770643047045,2.1497131728872314
TCGA-E9-A1ND,0.6210216521388049,0.12144256294340988,-0.11953703594396252,0.4512315713519067,1.9172585184885502,2.3073270463477518,1.9049576006056224,1.123948990050533,1.142561041060243,1.4644304219115236,1.5868297416610189,1.903826743202408,2.681342753602893,3.488154945257305,2.283951615602899,-0.17165514015399871,0.04936615703312194,-0.009592465031903186,0.9228236758793648,1.9251298376552628,2.3856534515169208,1.080605388254524,0.7224742165465298
TCGA-E9-A1NE,1.5616727276714184,2.749939404591422,0.0502980563909898,2.6987732022388324,3.521417881668006,1.7628409304298633,1.4065603086016525,1.0203116066201308,1.1246358097883904,1.9630598158006174,1.7475871949883195,0.9097787866439877,1.2439491346718232,2.617904900749809,2.4014287890497936,0.6719214050293855,2.025992294531364,2.0687360213166457,-0.20020042890581213,2.3603549218187148,3.4813974626718003,-0.7871038335039817,0.46771016071325267
TCGA-E9-A1NF,0.7804037456127265,-0.5804023167285616,0.9753665321755965,-0.07857957701978169,0.0007871425403710963,0.29892463158417987,0.3413595290150295,-0.5431605788467436,0.21929460504211742,-0.4080188961906046,0.6493803448620242,1.7404314769457734,2.6029627506007724,0.7169379879155457,0.8819178216436367,0.9941489201221518,-0.652431353308257,-0.2167978338410415,2.0954243051021106,0.0977756966614641,0.4936782243816041,0.36132641402277427,0.9531740856903642
TCGA-E9-A1NG,0.23080861411965586,-0.5097739957831766,0.7306252073745623,-0.06878733575797515,-0.39687938974278103,1.2071242918019045,0.728115911166973,0.5579291222302943,-0.3487297196532801,-0.3371778701133675,1.4808297231601282,1.8049692382334148,2.7829442609089123,1.4940281834584657,0.5924025337280768,1.6064145745868368,-0.6447800890553775,-0.007721490477490023,2.0184394928043856,-0.0717948256127091,0.07121786972661553,0.8145724620099078,0.7920695182815823
TCGA-E9-A1NH,0.07519818730738519,-0.2662674327898014,1.1497564753919451,0.031217275950636496,-0.30861678696177935,-0.7036775689277679,-0.616092262597035,-0.28730288570796503,-0.25751725254317887,-0.2873958293482181,-0.31845307110464866,-0.28684801214084293,-0.5752272331364431,2.1060341875337363,0.03763799198858561,1.2552921042308913,-0.7279199908137333,-0.2412060041591126,1.4974724124773173,-0.3734978404871914,-0.3190327128452457,0.8028530839391086,0.7310632969953071
TCGA-E9-A1NI,0.6448970237897155,-1.1767235372161058,0.7770871072726764,0.2362540098761564,-1.1520283710267958,-0.40980768270302453,-1.150844761972117,-0.29011404711724653,0.04070139115682904,-0.3891217107339586,-0.47696223621735523,-0.3182177827444086,-0.5031704014890235,0.4917496912892611,-0.4612605685308062,0.5111564087034434,-0.4344279511576251,-0.26626676664310867,0.06479986615253724,-0.5630893230884442,-0.9910275081017671,1.8745881595074476,0.20231452305821995
TCGA-E9-A1QZ,1.3372718352990496,3.7332111119642564,-0.15355670855948697,2.390658521126628,1.7718092037400404,0.23615946077301556,1.5296043097165366,0.245260798077014,0.4768199244112333,1.1500054607499333,0.8612063066163225,0.3344911805360002,0.9961586497434785,0.4097147969953376,0.9627597762548445,0.15044311264494262,2.0592721322235135,1.3417037314380253,0.5817158073249871,1.2206191785693448,1.5431416192911513,-1.413614336819426,-0.251284237412957
TCGA-E9-A1R0,-0.2809028466526801,1.8388335555189028,0.2679452393014241,0.04950301412205543,0.3924098184187851,-0.6226396365725714,0.3759033714137651,-0.36826092873216154,-0.6800796321430009,-0.3845213078223018,-0.3218192530459596,-0.35774244847724374,-0.13758196050661456,-0.9623919934922707,-0.02771071374370408,0.5327184514474534,0.5605886502583711,-0.17695036488536017,0.7324138047856555,-0.047659964879398005,0.5217580350499665,-0.5804600493194049,-0.30080682247028184
TCGA-E9-A1R2,-0.46835550265949083,0.4133193902063032,0.19839201833399092,-0.0803282799836874,0.36765025702867044,-1.1710793418395211,-0.3227339524264605,-0.6247290636114523,0.46340686470561687,0.42089611970123564,0.05647341141499827,-0.4100010402594882,-0.44330600718964647,-0.5995242974494359,-0.20129552118684912,0.7544787612344752,0.21215409930188933,0.8522761810281444,0.14228484120946644,0.3170622983116674,0.10976009590348627,-0.3253010250908203,0.36916984852992263
TCGA-E9-A1R3,0.12445595403005062,0.3980846911045294,0.9782707994869917,0.5354790822082781,-0.7831045811620221,0.7809618702317902,0.9160890385849898,0.7691433333452625,0.17680111613851437,0.20927935391330393,0.03895987828457979,0.6511855757691325,1.2076406932159156,1.9069196270508626,-0.2398014692460445,1.4625881061852264,-0.22039432974331558,0.877674988315677,-0.26893237681860227,-0.0753855120233642,-0.6614335142703217,-0.12249113737353788,1.033648449928734
TCGA-E9-A1R4,1.961149663915446,0.33320589488731855,-0.21577940766210849,1.1683695890069559,0.7226146272415809,-0.7828326136414314,0.9029493274220781,1.3154330913897827,1.12486524702293,1.5054415765413762,-0.2537451686442624,1.1536319051659334,0.9815471761149752,0.45211381923362093,0.9343403854907125,-0.3551560874959519,-0.4144351384426783,1.2524969794350986,-0.907148152370091,1.4426404677997957,0.5520534927061242,-0.11249695878869521,-0.7888492050063468
TCGA-E9-A1R5,-0.2777366805621008,-0.36571274583502833,0.8306777192347394,-0.8201202352757716,-0.8858853837724567,-1.336824256895427,-0.902917488921476,-1.175672540096194,-0.7109648797513275,-0.5622730222252963,-0.8069488966727947,-1.0556962560840397,-0.8823140305301732,-0.2298693669797625,-1.0691512712119804,-0.005044229822060361,-0.6065846990837253,-0.8897018311357375,-0.8983322574048013,-0.7508286797471309,-0.8703022200552202,-1.871482058103978,-0.282998316524315
TCGA-E9-A1R6,-0.5738002875009155,-1.15194650276315,0.04076881086341541,-0.8851321547329806,-0.9086237145218715,-1.4185529732148816,-0.9002223601626802,-0.7396180548913991,-0.45232392803104093,-0.4297556090226868,-0.9407670838223988,-0.4088787981125983,-0.7928119817195776,-1.1212981513549019,-0.43122955065155655,-0.9143846559726097,-1.0140247821104442,-0.3006301283091813,-0.7160294927448615,-0.41879857079862987,-0.719330122852852,0.391602149516126,-0.8632616639972127
TCGA-E9-A1R7,-0.28764076500090235,-0.3774605040157738,-0.25214807340811607,-0.8002243884888738,-0.5716701345087466,-0.4098958698674941,-0.5721336097046149,-0.8003638060165678,-0.9786350692582592,-0.7528811232029355,-1.442270062105847,-0.058030867814610906,0.15986184876178744,-0.40472773052172684,-0.9787747850944462,-0.7701897942526541,-0.7969617458772001,-0.721857766747665,1.0139813555624952,-0.813607755460812,-0.5826168179426897,0.5863847076932833,-0.5933515814235247
TCGA-E9-A1RA,0.26398587424734987,1.3368747802435264,0.5533391802072477,0.03841287646497885,-0.19539221203038634,-0.7436313912581466,0.18684129344639328,-0.5638672696565324,-0.027915554282160176,-0.14447520323473337,0.3177882668394146,-0.5673686359289588,-0.8241154134119899,-0.36483826369148303,-0.5249779225448677,0.9514820015497236,1.3497897277466755,-0.764838692046341,-0.37234007559216614,-0.41349179682428644,-0.3073458651494603,-0.05205665409930059,-0.5259481310129679
TCGA-E9-A1RB,-0.3421430882050679,-0.028160883049365537,-0.3728300404747699,0.2666099515487345,-0.3889849403234162,1.5234599774483293,-0.1737154540502355,-0.7784737736587232,-0.723139707711513,-0.6336523744800837,-0.042704110933466245,0.1158390951418794,0.2080513714771826,1.424116960511473,-0.04087047551759353,-0.5672401428708835,0.4353137553730886,-0.831829800597793,0.4736861256028881,-0.4798457874767491,-0.13115048070109125,0.8429647539705201,0.7460464562466412
TCGA-E9-A1RC,0.20870444624653894,-0.6111966654178541,0.07015952645703065,-1.0731361629642742,-0.9506345655221278,-0.17760937598860924,-0.6934383828756225,-0.5874584124396471,-0.34026592167835845,-0.7732853367992238,-0.2256913642456769,0.03674221912063967,0.23316689757599174,0.4931380612466208,-0.519467403775584,-0.32334613359232156,-1.0180588843071008,-1.7800038488354117,1.0844588753252316,-1.0279949021858668,-0.5868850602400362,1.4008099674076626,-0.4224576016427297
TCGA-E9-A1RD,0.7475857108837353,-0.582326170134536,0.017041604129406883,-0.4521696521813248,-0.4768082860981491,-0.19981312346591273,-0.39008075663158637,-0.18723061320097184,-0.2184516232709923,-0.42526744212642065,-0.45095254947176394,0.4814173665662382,0.29508364242974716,-0.35681036333485405,-0.08290939449322238,-0.3188989683207272,-0.7601980019040774,-1.1294311298856639,1.8442784894043276,-0.4820510592571092,-0.19188916265495418,-0.11469801048168268,0.48584509531612513
TCGA-E9-A1RE,-1.7323861291851135,0.10938514097266035,-0.08204012343214263,-0.602409236798452,-0.2964180880027017,-1.1859077136608398,-0.6962795184152253,-2.718661977629808,-1.7320200204395826,-0.7384319453670871,-2.2055572242881896,-1.537388294105959,-1.2215901162435365,-1.5052240681966083,-1.1435799200248804,-0.345207665498659,-0.8320157155706838,-0.67141443881964,-0.7922787252844335,-0.5142490831645381,-0.4293422911030131,1.1993454968891186,-1.2458344105448387
TCGA-E9-A1RF,0.45630679926206746,-0.07284444102509603,0.4928148883231952,-0.005360689494025475,0.8664726190701943,0.15464518340813868,0.7455537247926127,0.020058593381949427,-0.04394687483297911,0.5232560755568111,1.1572535111151352,1.229726762682521,1.6695500983861644,0.4559388777815267,1.018378126155598,0.5196472154285513,-0.0910828592544442,-0.22514028739239522,1.4740583663018154,0.5566813119444627,1.3692627447256966,-0.1497131367663618,0.9767308357329717
TCGA-E9-A1RG,0.10963216342654414,0.47551923890447273,0.1772739399161864,0.8799781516642619,0.5278838165631721,-0.5533306098270788,0.24610502063740236,0.37208762629922454,-0.3642999744837228,-0.07644459166996469,-0.6494090565183442,0.22303928034788245,0.12270296855745898,-0.06709095608549918,0.6953981650389744,-0.7205718746236959,0.36548821568830236,0.6721781711744388,-1.3394853963313151,0.0687780408764353,0.6189565104119022,0.42736947364420125,-0.8064520271411117
TCGA-E9-A1RH,-0.12298191901918387,-0.4418150740275055,-0.06621242193725108,-1.0902010194576501,-0.5849078967153646,0.12999902049592219,-0.4804799701370981,-0.04264856327374578,-0.45283507983953697,-0.13844625901332866,0.16610781656712809,0.4833644307920597,0.5444922217218757,1.9479911813945563,-0.6517003618876792,0.2568572674922843,-0.6819172641131132,-0.908952180950343,0.825866784528472,-0.36161058958609593,-0.3639482074281124,1.5897206088675495,0.6410175821417167
TCGA-E9-A1RI,0.3708572460385939,-0.15187155191400492,0.20564519811172252,-0.5790471297598404,-0.3795566943013369,0.6986685471616458,-0.4828373686464,-0.4103641767077647,-0.5751981799478663,-0.41948403069787155,0.5304559691245246,0.5556060990095113,0.696390049821917,0.019850129517507635,-0.07371367525504999,0.5216286959218273,-0.654889522294371,-0.7329763501212734,1.288353550265861,-0.2856005301822838,0.0,-0.04539885627878991,0.009206239788316915
TCGA-E9-A226,0.28502138624610096,-1.2905721028483426,1.0185687218705606,-0.16715448566967853,-1.4560798515182938,-1.1825312435606374,-1.6871484333178575,-1.633602703242129,-0.38227489172259793,-0.29366676130410957,-0.8717633203882728,-0.9379834481739521,-0.5916274112953053,-0.4040097441516055,-1.3265550533823713,1.2251206133828298,-0.6061109524390026,0.08611022174845674,-0.8915129814739381,-0.09008450412297074,-1.1643418068930977,0.9371814125370299,0.49847324240235635
TCGA-E9-A227,0.6756054905614736,0.9927557640448523,0.5610335730936294,1.0296246563687796,1.2938951082116552,-0.3464443506452814,1.5397701152221301,0.5482328214764193,0.002097105480964316,0.43571198136457767,0.05497942129605314,0.3639564104325666,0.5217739447154004,-0.15971143094609216,1.1033127238163507,0.3983747332776496,1.9918560413847144,1.5850434423711979,0.6773685470199249,0.5935324712774158,1.6321765343759183,-1.4040188801267721,0.21222309467441006
TCGA-E9-A228,-1.360607388094958,-1.413515044540772,-0.6423412442114222,-0.6099556869919522,-1.0451900497653988,-0.7244643817394485,0.25141689453221255,-2.930803067197783,-1.7220474475712364,-1.1696619795008354,-1.9963398443679463,0.39349824671094136,-0.37361974772595546,-0.2196782156142563,-0.8127139411468997,-1.093522409595307,-1.4058322039883406,-1.1928185100143966,0.09988892277263525,-0.7410779943477451,-1.4311938247696037,0.07877297090893744,-2.230460012478989
TCGA-E9-A229,1.1033370382085548,0.11486547087498082,1.1249192167942832,0.4730201821805422,-0.24846332334282548,-0.21810115333023203,-0.28257281960486047,0.2840402759408353,0.8596983569179424,0.5234266943700719,-0.47385863256220795,0.7903072729643653,0.4559306949070283,0.022118426931589392,0.25652444642054556,1.2596377653905424,-0.6015776079688658,0.3579926787398663,-0.9116840031882293,0.3879842674898579,-0.3599121176892529,-0.7594742411570456,0.5537261753418661
TCGA-E9-A22A,1.6978207168265926,-0.04129805509238262,1.1690096242063996,0.8367025278894568,1.6222080475389182,-0.8781947372074712,0.08036356934556789,0.5596547837292656,0.8514777641552944,1.6458105107589303,-0.6207509493017299,0.7354469385203078,1.2074386128123555,2.262911894087613,1.5894911187783103,0.47807685036663183,0.10232721364652485,1.7112928958161513,0.7252600191254256,1.6765343556173116,1.8317619136758552,0.5127180906413522,1.0842992436668815
TCGA-E9-A22B,0.30968757290069965,-0.665605484826733,0.7524306193631143,-0.523376952774198,-0.1724436071604215,-0.4104480733922014,-0.9130311938132271,-0.767336270305004,-0.04630230997324598,0.4545375802774385,-0.5129196829382625,0.16561788109404302,0.32419659084385194,-0.6868477093067953,0.12473489534397623,0.20485009277405541,-0.5162061638883081,-0.262880789759284,1.6009725801407408,0.16720064831527168,-0.010943300292115984,1.1083627274072267,0.33697190006108074
TCGA-E9-A22D,1.374358919857764,2.2482689283150257,-0.26277339655103243,2.0683357532154374,5.47512134349795,0.13783369896332395,1.853924736170255,0.830149404561939,1.6073206715014865,2.5642289491301518,0.9042886106125887,1.0871788954938693,1.3410896328335866,-0.008691904486496788,4.2226785443645785,-0.8366055519733464,1.172087974513495,2.4035656107054764,-0.6536128717629652,4.056021574109432,6.029417467128577,-0.22348053257806008,0.953143496410979
TCGA-E9-A22E,0.17774000837527518,-0.36796237408545135,1.343651333893111,0.6458230608440678,0.9961228423273233,-0.8988918865097251,-1.0321221846909507,0.2931231014563178,0.4681769886353615,1.3738130964423332,-0.6911161339127976,0.2265566289814317,0.6995940252708728,-0.04285755825379387,1.094536663424566,1.419714054965049,-0.3249038040429947,1.1711627122299868,1.3929416086183624,1.1065690314512235,1.0907482199316167,0.3706616630154791,1.693104488235233
TCGA-E9-A22G,-0.280292925418005,-0.845510484663269,-2.861384434671775,0.28307172142190096,-0.06865737394106865,3.3326170082998114,-0.5611268601284801,-2.090623750943786,0.47338713469054416,0.6549204244444623,-0.26899707123107314,-1.8775712852206972,-1.2288657581993894,0.5241775955881378,-0.6655597669693992,-1.4763606766465867,-0.3808395392565807,0.10746815014502473,-0.6852061501080852,0.6996027699146429,0.3187387310907068,2.0153484041198158,0.03285647146301488
TCGA-E9-A22H,0.15679486713870658,0.0001992718114933105,-1.1300394338033701,0.8272737850821634,0.3507257052337647,-1.241764101682555,-0.1597910738564587,-1.4688383011782244,0.22555659205172132,0.5363844425420313,-0.24205044592717792,-0.2707504122153558,-0.6669472880284508,-0.8838556868993167,0.2274201150433154,-0.6386348271606018,-0.7658066673120886,0.3449340787480207,0.1954411873015072,0.37267461593898693,0.43034566180000683,0.7654971019674108,-0.384011127728029
TCGA-E9-A243,0.9067616909941718,3.3453538010057815,0.367132098734459,2.258812105045667,3.3579543181207954,5.456357356303118,2.495451015860113,1.0570237945722534,1.225335974772703,2.351364642425151,0.41586255310256137,1.752079994276118,1.7433557453566826,3.2496255314542295,3.1028289016628645,0.28559613118896265,1.9194100645141545,2.3220233581263394,-1.1262807873995069,3.3374661416362827,3.623574692139271,-1.6727833843420836,0.8061073999501037
TCGA-E9-A244,-1.403465307141453,0.4652618285028457,-0.354298628464998,-0.6382197651357516,0.1658041414108677,1.1963116729470684,-0.5434012953204937,-1.695300053511388,-0.9727764151455776,-0.28276917779163846,-1.9075087149308252,-1.0555524356936405,-0.7212544890234556,-0.7757694652055142,-0.40907215288536936,-0.3097826532281755,0.5936177249123892,-0.9455686369601173,-1.6307836502473039,-0.009104930524996379,-0.012782358937774936,3.385365033186618,-0.39786430042408244
TCGA-E9-A245,-0.4686910075517769,-0.6703579217431694,-1.2969103699212008,-1.3616190951432319,-0.9892526669980279,-1.2074068888643963,-0.5182536508766273,-1.3192449308197676,-0.06972607076069912,-1.0086976571364648,-0.4743800608169865,-0.822499570952206,-0.6744907594765952,-1.1598939673863127,-1.0550627947601765,-0.2172999843836349,-0.42018897646098907,-1.309199652498827,-0.5510998466560685,-1.1168624111190768,-1.5607238796330347,-0.9841414039620069,-1.5233843678404089
TCGA-E9-A247,-0.8564548524681489,-0.24672222026147378,-0.22150051327862008,-1.0389591037390769,-0.6604789799220182,-0.4945249952145406,-1.0306293548827836,-2.397422146624694,-0.632402112230203,-0.7401487709312341,-1.3051878219105952,-1.527153244275399,-1.3155719779733628,-1.0980493290305198,-1.2112417060224647,0.4423809762015947,-0.5994377323859069,-0.55635894295968,-1.5042859258538421,-0.709471871431191,-1.026381883863695,-1.5466227895949756,-2.0593888857608977
TCGA-E9-A248,0.4031413427461536,4.027931418535977,-1.5069101968208374,1.629594457394701,2.8767229433859387,0.7552502991230605,1.14115678850856,0.6194071598592544,1.006320810897828,1.71822577403917,-0.21606093232953819,0.7403366608255834,0.521730604986959,1.4504033524042064,2.198556540961526,-1.0749842125592601,1.544914017147159,1.5972450903637738,-1.4917784753042944,2.2970084830598205,3.112451035970324,0.18927753009992015,-0.620440750763031
TCGA-E9-A249,-0.27227530501291153,0.20137378214514143,-1.114088107391524,0.4420004289586734,-0.12082257350862152,-0.5441608380843002,-0.7815363535743434,-1.8402169935473356,0.07777677895548137,0.20154150849644553,-0.048437424140748093,-0.8853444208531065,-1.0877909091976008,1.3343854551585903,-0.2139044531621815,-0.5270654990176122,0.3885509128890544,-0.5346979552946519,-1.5757342274604993,-0.06095542167259572,0.002131543867261004,0.24817777011484402,-1.283101151373684
TCGA-E9-A24A,0.6051087445739928,-0.8258502686734976,0.7590395280619032,0.9122437320128016,-0.41348845875711054,0.6618495007451071,0.5364059139119891,0.5398750169028167,0.06428613943266916,0.5690802466140569,-0.13449797280928963,0.8823455797423022,0.41563632854196175,0.38803881514005284,0.5126610709382646,0.5038368764530236,-1.1410527498349363,1.349510533351072,0.4625106990143597,0.2604577421193203,-0.23257242724827015,-0.34546039374701504,0.15645815189766013
TCGA-E9-A295,0.008491483055821446,-0.052819736502128824,0.5874514263298255,-0.07133146331142719,-0.11575988242864625,-0.8200835637210463,0.18213651805251926,-0.02890800682229497,-0.32714161676083003,0.10300816793103629,0.006985508673964347,-0.8151861459545572,-0.45313887890279453,-0.24636527954931658,-0.7506667338937297,0.20967520908373513,0.12233398688544178,-0.46824403418578914,0.3925328815057564,-0.2527756946088875,-0.22405705537148318,0.36897665689683523,-0.27354644579155163
TCGA-E9-A2JS,-1.0227521198657021,-1.0223716543061871,0.3080967536333805,-0.7659577708014921,-0.5846125763324741,-1.2293023185031322,-0.9912553272651404,-1.0186678235304953,-0.25088543019393805,-0.18205656082056473,-1.7855029294411857,-0.3439526331238338,-0.7569676444798173,-0.8192040929989033,-0.05787917666410892,-1.9046553837435682,-1.11688536116282,0.17023893442925617,-1.6106452738168613,-0.15315456135287744,-0.43834684264592017,0.27510190070432694,-1.2147099543186686
TCGA-E9-A2JT,1.3182679591723347,8.748687240666744,-1.5371668357582693,4.443042010475068,4.056604553456515,-1.4130865144197702,2.4197066450905163,1.5525998677537012,1.5631277688289293,1.955273256804071,1.6920308194879006,0.3570436436830673,0.8605345148816925,-0.5723180087146762,2.4014054158979232,0.06044382465681192,4.008411581286978,2.8967669518191057,0.5750902004270481,3.52231440794329,3.826012222883064,-1.119161317028731,0.3426843398393279
TCGA-E9-A3HO,1.561211284397517,0.4617096672858516,-0.6595325123696968,1.0522844188041551,0.6827181612512568,-1.0179491190895276,-0.10369549398045674,0.13035168417600806,0.8634848829030122,0.7217239533229388,-1.7277048480226973,-0.7146024447391994,-0.8491945194460414,0.9731366411291881,0.42611096312916924,-1.3670202549780033,0.7468410471070965,-0.3424527777861328,0.5869481248304373,0.21162058817563703,0.9216052195166088,-0.5968030207433207,-0.6099260820329201
TCGA-E9-A3Q9,-0.0612145417673574,0.7850067530590407,-2.543698919042518,0.6413078207794237,0.28339271016111334,1.0375175610215854,0.41063579521479865,0.01867955836433294,0.1652829958809585,-0.20868412687245494,0.13137478133366115,0.6540075016620002,0.5061625478074377,0.3966448552013474,0.8466139885315987,-0.4533535735201294,-0.4577272380298868,-0.027099021678347227,0.6118544767520144,0.051454367356806884,0.26240397205194194,-0.9740897398826226,-0.7370509099718475
TCGA-E9-A3QA,1.852416137930647,3.74697056159853,-1.625172526129813,2.2266639079816666,2.599894005702675,3.6838329813222375,2.30829212684713,1.3062054030397556,1.7264535046248197,2.257320732595913,2.533126702162365,1.197606454142416,1.9834422602283943,2.507733780418852,2.2545190161442497,-1.6652503707425808,3.012699793454047,3.563195586539764,-1.093567836389877,3.322322198381246,2.8803662644802657,0.6173657037614585,1.9593548985322233
TCGA-E9-A3X8,0.9744462951856676,1.4926738533216346,0.7287339987113117,0.940705329912273,2.4267134657661686,-0.6458160238055703,0.8060562556388741,0.5941170386768841,0.4454118099209247,0.6020222959529867,-0.2786399029380144,-0.11807939913983644,-0.09141771454371496,0.8940502721346472,2.077403397554063,0.12470379396256633,0.8433161671865147,1.2116031109387424,-0.7794930629872727,0.8116703495223401,3.2474070594052633,-2.511933665516517,0.06664610511323207
TCGA-E9-A54X,-0.7769025366100065,-1.766284969634446,-6.634269574913174,-1.7230704952977207,-2.038289996104077,-1.9034220087185432,-1.9803165754927334,-3.8732500968444086,-1.0119765392088214,-1.448237257653248,-1.4704474501712077,-2.089453885576974,-1.4755954078210927,-1.401533430109172,-2.355635800648251,-0.2635966469878873,-0.959005700089099,-1.9535254450444524,-3.0027882186618813,-1.7931820814404282,-2.217560562850724,4.012474088718012,-2.009591613096008
TCGA-E9-A54Y,-1.4631481662544081,2.0529507092064807,-5.182815398341576,0.8481763471751865,-0.4731085644442848,-1.559236599721222,-1.242714627970065,-1.3338246055310947,-2.1075184547702683,-1.413275172512208,-1.7191332736756986,-1.3756293784251383,-1.604748816390742,-0.2739519773599098,0.23482867469876148,-2.693451485775863,0.7289056055339401,0.49923999206575476,-2.516059610202822,-0.18425568680725823,-0.20646458956236988,-2.2283663088609473,-2.6185995491494722
TCGA-E9-A5FK,1.6795751086222648,4.576070408666506,0.026874460903783096,2.8817532443080744,4.018281914865358,-0.015936225494655454,2.079102421386597,1.0996975892688328,1.3143678636228708,1.612387314622688,0.7086734517130723,0.4124707663464076,0.9639422084071855,-0.43375640463297427,2.9859587336844102,0.39073198187180874,3.2845916952036,1.4617744062057856,0.6650155207351042,2.244027492096999,4.431288423249716,-0.8388724716381459,0.17186944977751867
TCGA-E9-A5FL,0.2943781120653372,-1.034044381111605,-0.4422560246981888,-0.32638038879893344,-0.7306584674456249,4.243123667209051,-0.06651392086276173,-0.4223839599848162,0.8202909213672601,-0.7420739770343695,0.9962512294984305,0.18988964352312493,0.7254647977541091,2.7604267139519503,-0.1551160887816838,-1.1017214605660888,-0.4381168322855218,0.22524061566733172,-1.256003438249744,-0.4143686625228547,-0.2633158124229511,2.049250679434661,0.2490803784064103
TCGA-E9-A5UO,-0.06508840648476487,-1.1690252098481053,-1.6181805973321126,-1.9549231699736007,-1.355501785905329,-1.2150145755257826,-2.059192911229407,-3.8979654834475355,0.4717409899169227,-1.7360960751996126,-1.3786651224149409,-1.6830792679594826,-1.13448046449889,-1.320410960490673,-1.424600058263689,-1.593844607062907,-1.2107481655897845,-1.984946158170165,0.13069298644435953,-1.5508699766110297,-0.9959923766167784,-0.8646420105323133,-2.620786510266014
TCGA-E9-A5UP,0.05346063406673425,-0.2706426695392556,-7.5810922390542,-1.1619381674962859,-0.6339370536653834,1.5679441230938518,-1.1511281027453928,-0.6722796772151256,0.9996162064112614,-0.2481619014553284,0.8780503236648112,-0.2627792081801774,0.7311108913829529,0.9577043075297736,0.17184555048080602,-1.5334465628579634,-0.8926361372818902,-0.13989357719239984,-1.9037137711594683,0.029771476537890147,-0.051294403557221015,0.190814648970274,-1.5164383484489445
TCGA-E9-A6HE,0.11073240156440213,-0.5515779390151061,0.6137173347999355,0.973364982470141,0.27162152095191816,0.21154178125074918,-0.03519971935165024,0.3150554492512147,0.22358980711258655,-0.07394693704641428,0.07562247963773963,0.39156040888335686,0.5276791696207613,0.28574728177433845,0.9094660390980382,0.6860164353240598,0.6023064296704987,-0.16672114825021614,-0.711162770225144,0.0772090115292044,0.5901439196780487,-0.7293203943824099,0.18701171960673005
TCGA-EW-A1IW,-0.9459964293431227,0.7132345205369245,0.4384189214055554,0.354958203573021,-0.10531555046310169,0.7949171462484587,0.4412210281373359,-0.5479980836037276,-1.2737247569422336,-0.09387279919789494,0.9933456628779118,-0.29874321707727686,0.027588686980884868,-0.27300617712079783,-0.34481403280274686,0.73734251849278,0.4212072851261949,-0.24942988334165825,-0.41284426337284647,-0.24171704904931035,-0.1224294729009434,-0.2715079137785193,-0.454013187256041
TCGA-EW-A1IX,-0.15694448111621967,0.017633306514602824,0.7823230630130161,0.09592361751657558,-0.5971052846909815,0.8619767515321322,0.7646978990962773,0.3705172600984305,-0.4324123510804789,-0.8231767711026151,0.41735261238762195,0.05656537153974465,0.4652064327430004,-0.01154340643261757,-0.4526388366582843,1.0700648156663457,-0.2340807630172093,-0.005727008068169536,-0.16387602494149955,-0.5196934750125264,-0.7751194475941208,-0.8108583410858194,0.5110778865028359
TCGA-EW-A1IY,0.6359621722671129,0.8602900816750539,0.9025633791441655,1.1639465927653403,2.012557530962564,0.4122326521929778,1.2139449799825668,0.680413346057983,0.4099444121482713,1.9202728173600694,1.2443783078681352,-0.034546055017863966,0.06760733382446278,-0.5571794684914164,1.189689330425153,1.5756853249994498,1.18760548751063,1.5220604855582047,0.16330268649943616,1.8079800879362518,2.2730495127018475,-1.1232229070417625,1.8567131443409017
TCGA-EW-A1IZ,0.6430905501033405,4.660408697452756,-1.4092032156960612,2.2165080696620425,4.665242682645137,-0.0582613954441538,1.276434577406531,1.192085521987321,0.9480489598447778,2.0384234167760176,1.2841407241781866,0.5449968783495015,0.5992189441971394,-0.2604485353901804,3.9078418084640965,-0.46150958983963747,2.645116380798353,2.7050952090685594,-0.006787368744151976,3.2889795246485,5.405933107982024,-0.5821488598350187,-0.47586748213577457
TCGA-EW-A1J1,-0.39181226934952923,0.5737198233833922,-1.4649497875743829,0.30272946388467153,1.1354703295868334,-1.060247694119617,0.39558545265161166,0.4578157385130862,0.3200612898748451,1.0813580535445844,1.1234517761030276,0.3639837047088669,0.10883360440776212,-0.9862229733602322,0.729591954346828,-1.9326048848392037,-0.13763267997559367,0.38390408578250096,0.03401147318300378,1.0014185410836072,0.9526354560650881,0.9309074651864466,-0.6370465079786802
TCGA-EW-A1J2,-0.4825508877201165,-0.4125925184452839,0.9122886789944044,0.7725821408984301,0.22769947952915348,0.08083830456387951,0.7965086150641555,0.41045374029995063,-0.16280215918210553,0.2737797577660519,-0.06975354583821304,0.7834998046488157,0.3841190988068801,0.2342497723618702,0.4501844254892947,1.5446501807259103,-0.17330836082684295,0.0,0.36761844053804815,0.16207867160229292,0.1725257028656239,-0.22545221793238848,0.6095803160351843
TCGA-EW-A1J3,0.2264470946188154,-0.979597182444452,-0.05860858372933176,-0.38359816960225074,-0.7593881943562962,0.3034607201983925,-0.7563547701622059,-0.06456306682644362,-0.8856617751297379,0.3099730619008334,0.8081752795634081,-0.5614098754866269,-0.4621428283758681,-0.05811327367221591,-0.376647608316212,1.1300377080162178,-0.9465285938124941,-0.029552564275614642,-0.08013417571911154,-0.08417260407175381,-0.7678145552015686,1.20861947254598,0.5050289838723026
TCGA-EW-A1J5,0.5789952227789534,1.2159923308199752,-0.47137411319162803,1.5132033177757156,1.3597995667555054,-0.48081091112196667,0.6966616978228433,0.41494438015709156,1.1629487853953164,1.3597602186798479,0.9384999518881055,0.5640022677246381,0.22479617629345452,-0.32767151160389046,0.9539067400755066,0.12902528458264095,0.7249430300894693,2.1088885763036744,-0.38870193375822465,1.7975580896975178,0.8736802616095717,-0.7825895274241722,-0.6245082445268269
TCGA-EW-A1J6,0.022171471285376047,1.0014157502869483,-2.130223354219205,0.9101737733448704,0.9723247792073227,0.3496614564946143,0.6940723683974668,-1.1173119668964677,0.240861548435852,1.280632096021159,0.9020855018233023,-0.21216445392861294,-0.07497147250565404,-0.42523619402717155,0.9469818786888969,-1.2369149362916108,1.3116641502980426,0.7334774148578561,0.058391385965778204,1.3897099549799523,1.2993609057750188,-0.34951111954327463,-0.6840050876423132
TCGA-EW-A1OV,1.3010580415756627,5.032893671728147,-0.5711079245148545,3.095290666377428,3.674757525864059,0.9073121862560051,2.3241919309616526,1.2189029947238343,1.2876725492798855,1.8612960720157412,1.7681055651139188,0.9955356869271456,1.5539308468496569,2.510228571710018,2.582792773781959,-1.1579237177290638,3.273515699499399,2.0377838253110414,0.42300465222141326,2.564355466883605,3.806437480529939,-0.6936238763199002,-0.539344968467755
TCGA-EW-A1OW,0.6794696212298226,0.087514830681319,0.4359039360551237,-0.7082049385135993,0.03455102584031238,2.1862728816620276,-0.41327975995755273,0.14863082828876692,1.0586401701531865,0.4989102610575739,0.1395943512306671,-0.2329785716017869,-0.04290085119918825,0.7068285760630987,0.09785432264261923,0.8339873217280884,-0.025230313575673544,-0.4068436541957467,0.6358140711479526,0.3128117607174665,0.3880952678610773,2.74763410635752,0.5832590672715139
TCGA-EW-A1OX,0.36210267604057766,-1.379325036927535,-2.8542151535999305,-1.6289699958611696,-1.5196881084909255,-1.4129299956717372,-2.018167199512345,-5.835597707433919,0.19957999717509117,-1.5442395201129864,-0.5609902968116263,-2.2159843756965074,-1.4862889725929391,-1.5527539349752346,-1.927243341162686,-1.3502024514576088,-1.3553674345399627,-1.953715470484136,-0.10229770654566786,-1.748711350457716,-1.67162701502459,-1.2549987718931013,-2.7170530489376703
TCGA-EW-A1OY,-0.8982381763115418,0.29337869950375906,-0.862012685190571,-0.6099890172244523,-0.4632244550270899,-0.44052258328029537,-0.8054044668299557,-1.234483290054926,-0.16314692774216172,-0.083910056300217,-0.17169083262939636,-0.5939223830164917,-0.5280191570587716,-0.4714423073918112,-0.2491307291997987,-0.8434709143908588,0.0992689296288836,-0.25842813962298267,-0.7570232665389052,-0.15385998444258267,-0.48808663520058265,0.6277983933035116,-1.1951210779183106
TCGA-EW-A1OZ,-0.6180437993362653,0.22267030612958297,0.5743319503280252,0.3555492623469253,-0.4246265708825729,-0.7334405649033459,0.14227561238816339,-0.8038216782115949,-0.2366223427023137,-0.15797627233096206,-0.23479978881340052,0.790438217303359,0.3223113325838966,-0.3629398764641267,0.24467219653870304,0.0921114949827585,0.2749957314355843,0.9822549459297248,0.045765329899023134,0.6542303511162993,-0.36046139656587367,-0.08986640505647707,0.3188030917869653
TCGA-EW-A1P0,0.8560518039740862,-0.008405562510526623,-0.4667994548910702,-0.00769136953099968,0.06008437661098254,-1.0926795423287905,0.005484720814262582,-0.6651806858750035,0.43665529867138314,-0.26230077269991514,0.6673859145114666,-0.08460317122318725,-0.4746936709716325,-0.8032821826743594,-0.26540834343402897,0.7362090258640194,-0.7076345090483871,0.007703549636578878,-1.8907869505090729,0.3289113358515734,-0.006780825226569253,-1.2924248509666811,-1.569084277615977
TCGA-EW-A1P1,-0.6417027113663373,-0.18288827119162102,0.8440705565671379,0.843217739891156,0.9124647432209593,2.438417788629605,1.5301515697832755,0.06720116433766202,0.1757645812766065,0.8531531501639608,2.9311186109599796,1.0406409247259913,1.7843530129613863,1.0549688253457645,0.8700813197868842,1.565629385601808,2.050480133577605,0.051535765321310996,2.231995891016126,0.7706631336243088,0.9442250922584835,0.0954979658840819,1.6396290891551135
TCGA-EW-A1P3,0.36104591102383554,0.14638489646995986,0.13294660199695946,-0.024150141720438303,-0.6827676323847033,0.22872388316001,-0.2007015487316696,-0.11113500744127768,-0.1312167205224227,-0.001942655698803504,0.9720577336678621,-0.7005239337602897,-0.492485242100558,1.0580042025742942,-0.66703121195984,0.5331158376544193,0.5934781468541916,-0.4982563245199156,0.2579627870013528,-0.7087482292782226,-0.8224007395952952,0.33673783298044985,-0.3237068355541282
TCGA-EW-A1P4,0.800823240746689,0.9540274757743802,-0.7679902125243772,0.13385700228402247,2.879116388932312,6.380166021365217,0.8472258575763353,1.4990047152833303,1.611044716204289,2.023886464420974,2.184840008524886,0.4282976050479491,0.7860733214983424,2.137708686971436,2.4661329266949705,-0.03394388561509253,1.0820039999976279,1.0541716535575678,-0.649753161868454,2.4925411861056848,3.9621711694774335,2.3524857900282483,0.7847573110523758
TCGA-EW-A1P5,1.3527880765192437,-0.5203995968050286,-0.7020389117364053,0.8588494506284781,0.022206520809319858,-0.5166107938468647,-0.27551660950491924,-0.7440407024673727,1.396324587982209,1.033749235164489,0.05030221617554308,0.8937262223525877,0.95478886961427,-0.00689998094117353,0.7697158737664804,0.45441026946665913,-0.5362978923397281,0.6181963917771842,-1.813191500408009,1.6417815848680801,0.09645492600776005,-1.4418962126269887,0.5167868402913337
TCGA-EW-A1P6,-1.6696779494339753,0.7524048283990873,0.3839251061608582,-0.6570134792002129,-0.5665743365304535,-1.2008367700376628,-0.5875860623165422,-0.18923762074916442,-1.9246831416699512,-0.9772634032122582,-0.9454953594335953,-0.7028106724032995,-0.9243523698622649,-1.1759448631875276,-0.4787666276711319,-1.473759361723039,-0.5850394342031686,-0.6754449183286654,-1.8560391739668185,-0.8358641848389263,-0.5580864332593832,-0.48148377334151476,-1.6096126652509317
TCGA-EW-A1P7,0.8381847523995469,7.290939567550028,0.564734292843102,3.113626699891808,2.818024503496498,2.147191481542293,3.404567541020559,1.380837375215657,1.4216583785836503,1.6945040343848725,2.038751973923512,0.5986342948557051,1.446767360443363,0.2159904745390268,1.9197918177533182,0.5597530796840111,3.87578353600346,1.6153029591659274,0.18762952768859892,1.9025323323969265,2.6661629644020812,-0.65886119694847,1.3644177486844655
TCGA-EW-A1P8,0.20743433160144029,-0.12206249291122301,-1.0024960391248103,0.1725443287499276,-0.10843742511865198,2.6383672594570413,1.2683550877443914,0.5743523485705643,0.7022755859044125,0.2152169462804118,0.8946393135530253,0.9442140271276951,0.9769141670470726,2.3656606094494794,0.4522779946806895,-1.3535279868378032,-0.5520999731248778,0.30816987962362846,-0.9659779625054454,0.5959945589770843,-0.22439962326434518,1.6530287692520669,-0.9259502938168929
TCGA-EW-A1PA,-1.203764829365484,1.2568755582108764,-0.16329524215121907,-0.30638753164921423,-0.04133869478634984,-0.6046750662251555,0.1042651657973903,-1.4449778652592393,-0.8110158278785043,0.1908943388060861,-0.295585944454623,-1.2821848625314947,-0.5793363425102915,-1.056151659831676,-0.9134700452813399,0.2798141364362162,0.42157151242576424,0.6304182432596322,0.2777615258572903,-0.14760695759054174,-0.1971742079297472,0.7119137233374904,-1.1065413743447117
TCGA-EW-A1PB,1.0420608516145253,0.12671446764129413,-4.003861519013868,0.7842289205536754,3.697945492888173,4.562876114462166,1.2112689910829628,1.5015690989901636,1.4551975068264642,2.50968729873257,2.1095736032600265,1.7076039083150676,2.5103146792303677,2.9778250428478037,3.505587881879514,-1.515305392727752,0.9979286387468709,0.544724755450179,-1.7511448551605076,4.605373564429855,4.791255923634282,0.9432666980605814,0.9996888232758915
TCGA-EW-A1PC,0.5203001147065685,-0.9012374480733075,-0.4017583799035469,-1.276712277268021,-0.9916516525845593,-0.8969176337377595,-1.6696875342592634,-1.2805693214774552,0.9459955495039897,-0.12278261500764542,-0.8777718721640152,-1.2873686272532716,-0.7943189461172365,1.4413542265127888,-1.6907621254717824,-0.7453061984778186,-1.875901877913628,-0.03280382153117554,-2.251592282424283,0.515444461854021,-1.9623999406101942,-0.45755025473198246,-0.07736753441503988
TCGA-EW-A1PD,-1.0336630385660122,-0.5602373150696902,0.9574351393992517,-0.9638834193492117,-0.8119777114921876,0.03631112774479581,-0.4611998036100069,-0.3117442773297532,-1.3313026735827906,-0.9587436880534564,-0.3110025875535519,-0.008261642855778788,-0.0965347800258311,-0.682840528246937,-0.4640656834630698,1.3075321700167422,-0.21912932982280514,-0.00011984776361178197,1.4855801488826876,-0.958591523458049,-0.7740102479462228,0.38988247727759623,0.2878940642498063
TCGA-EW-A1PE,0.9234077898275991,0.5542768803352455,0.24130906260952292,0.9587934723984441,0.8640992622293773,-0.018181192122155913,0.5383308893357575,0.6515060262844576,1.1472175401955063,1.4928369698197526,1.0825892071102454,1.04679627256047,1.118259063706282,0.31839624633293084,0.972562531270658,0.08890760027771713,-0.216553194197879,0.8563064274654579,1.29298462412881,1.6113707809171998,0.7695129179442002,0.4361869599827854,2.3847547314727224
TCGA-EW-A1PF,0.13749019002494678,1.0468492643720892,0.9230330326091656,-0.014587913867021662,-0.16154386149341649,0.5799663499907161,0.501469026538742,-0.1010269182864613,0.11905420255615147,0.03482523390247901,0.18028843501959357,0.2105474856087911,0.07293614699537068,-0.3569592445829449,-0.2446680553401748,0.28001629956758445,0.35953957985250234,-0.14998814775658634,1.0870199639686753,-0.11929845680515105,-0.43299260719296084,0.45003041978783437,0.4640716174841823
TCGA-EW-A1PG,-1.2195622893656923,-0.33357365907886327,0.6445175391249224,-0.8754838082075276,-0.6722315112317871,2.8003058138769887,0.17250958715383044,-0.5776015483254541,-0.6620000440144514,-0.6923330442123179,2.8311860340741943,-1.1655099307045902,0.24405172144769804,1.057366808163472,-0.9611561347520048,2.2608450289013864,-0.12152191378103963,-0.2022234127399269,0.7697785279795968,-0.5281451431539619,-0.6264896049971553,0.7835899897789793,1.5474910390310594
TCGA-EW-A1PH,-0.32619437742667734,0.47766089283385443,-1.285750903766871,-0.8546926138369431,0.4466627072154277,2.7637092343511807,-1.0024082550999454,-1.796866001926963,0.9208422494185405,0.43933362708628704,-0.43671610078017276,-1.0919509085960708,-0.48210112500399044,1.1820344346558986,-0.5117868654440425,-0.5533172687050041,-0.28705660195383514,-0.19262660502562418,-1.6493532857139228,0.23867017059790954,0.20080796626269756,1.301487014164173,0.1577839608136935
TCGA-EW-A2FR,0.3509554041657272,-0.3162109633536775,1.3540500495298198,0.04664573571838843,-0.22489225938006477,-0.26193667381934627,-0.41147492755393383,0.07974344072177829,0.23231081645884621,0.41987317752029113,-0.6319765373485223,0.5663156150861277,0.18328691348386558,-0.18731134805332886,0.18738655943403648,0.8366002880684748,-0.5461866977229817,0.2518557955357729,1.080808289305477,0.1001846232628271,-0.1958396498037378,1.0544244703728245,1.0383348850252998
TCGA-EW-A2FS,-0.47755810320107817,2.225578322824281,-0.4790979388432814,0.6878334234245856,0.5373469988010433,0.5561045015532953,0.3963127283545236,0.2919736550608457,-0.187868326606756,0.2127487824537782,1.2891776933960293,-1.3909576693423116,-0.2226644101748821,-0.38878511817190137,-0.4006216696591727,-0.31856524827350957,1.5601634834448113,-0.7143670135105734,0.24170000371595132,-0.007740351357580553,0.6883065873883608,-1.0840966854200154,-1.0729521514775398
TCGA-EW-A2FV,1.2448570790894087,0.9177650806454117,0.1839236845321133,0.5378764701154266,0.8160339003253706,1.1878470693690244,0.6323300731840713,0.44645711606872934,1.1156835051261433,0.9088054699545262,0.6894898878278906,0.22739045251044526,0.6832209986951374,-0.1450991244596772,0.8811836106344435,0.619521538940649,1.0974834745242315,0.09114305462658216,1.138548905072775,0.4969023294990045,0.9615994299848086,0.938606418903831,0.08242647985758127
TCGA-EW-A2FW,-2.831042331439587,-0.22976224042304427,0.05992552662098243,-0.7055321585834593,-0.2594699182764912,-0.23176953435136888,-0.6535025417846845,-1.1730454766335694,-2.1957967637811815,-0.8648765536571591,-1.042181124909944,-0.8404821686320952,-0.8114442324060693,-0.8812949588449065,-0.8336642013167426,-0.37118019499604715,-0.5834759348250791,-1.067748668652961,0.6251157257219919,-0.7639136918172662,-0.356213651942109,0.5487679838300275,-1.281318032152206
TCGA-EW-A3E8,1.2929254587057528,3.1676396124560604,0.1321721037762504,1.8603875863627155,1.3497471793727296,-0.2914196109554177,1.4897385450598737,0.7734138870466333,1.0459477628864489,1.2068030008347788,1.2040195717615374,-0.011253373805475874,0.2993238857047502,-0.6285157306535436,1.0389949200548894,0.8494624373832048,2.261847446637874,1.6389304148320936,0.5600560537417492,1.2722736523117675,1.4268801736872199,-0.05652019929068974,0.13373429349425098
TCGA-EW-A3U0,1.60536074574257,4.0454927673871035,0.0036439189527221723,2.793508855859932,3.4542556530600614,0.30610116293994116,2.8383846620660416,1.4419950469601857,1.2023925853457127,2.0021724264676792,1.5424156858484845,1.675153765251099,1.9473188679425018,1.557324213441624,3.0005283958327253,0.8913994978358905,2.9208412930328422,1.784497520127871,-0.11137923503639732,3.0325981764647265,3.885830469045352,-1.4235446357945507,0.482969921151653
TCGA-EW-A423,-0.2808767231401089,-0.6650522123916245,-1.2767851453655779,0.6867270924223124,0.7489427540963687,-1.1875840975187533,-0.46025205312866435,0.07781167608886333,-0.13473969993157717,0.4434162170634545,-1.4632106898657002,0.2656706325986154,-0.24880788894903932,-0.21560365129063805,1.117841722691267,-1.744091156372752,-0.7810014152533095,-0.7308057634409442,-0.1889697925601617,0.029115763813681642,0.6577376804349729,-0.8416887378190201,-1.108763364794935
TCGA-EW-A424,-1.1138487737427147,-0.699148033853679,0.5984541809458039,-1.1896029581820902,-1.1957643157092892,-1.027712491349415,-0.9302578136119573,-0.8764931821525128,-1.1204777467170204,-1.3254301059942877,-1.054690499509284,-1.6108516600107028,-1.321529539163796,-0.9797442399024937,-1.3817910321306055,0.8101431349440518,-0.5628217106450694,-1.5268209800117152,-0.43783663840198506,-1.3850738630845367,-1.4393893018566417,-0.6707664263134918,0.29885667861668386
TCGA-EW-A6S9,-0.5766738934270342,0.34722603156473136,0.7929269572097388,-0.6281117520480869,-1.1267942299084213,-0.1941850353402381,-1.087079773989448,-1.1057286460024445,-0.05192330622234462,0.013430667495186776,0.5381996828812228,-0.2668089117760322,-0.6456153624559545,-0.5898311027948583,-0.5596165487818507,1.0109980843952084,-0.615565066266046,-0.2890684861955484,0.0360027541235921,-0.21229926510634065,-1.011716768252366,1.097119319176801,0.49997588621520844
TCGA-EW-A6SA,-3.159989607696244,-0.4768803035321517,-1.4512236350621561,-1.4737177389554006,-1.104016482104516,-1.420128840198721,-1.866062899836508,-4.146808794177432,-2.798665881993282,-1.3765934729444622,-1.278757589764703,-2.41115635181442,-1.9565184636077761,-1.4427127013423175,-1.9788494515168915,-1.1909945093717318,-0.7832881773250752,-0.13872435947215073,0.13067010372138874,-1.5845160621075818,-1.3012347195404834,0.4124877688453076,-2.1015863418962266
TCGA-EW-A6SB,0.8136148064512668,3.8622765997218935,-4.24630079627018,1.9433682161065797,3.1307224080986265,5.118776821175375,1.22389540032057,1.290412624948814,1.5158055334896288,1.9957464213148464,1.702310442320654,0.0638270038643943,0.4289607643849978,2.8861817110743404,2.241286382184372,-2.1581951457802915,2.472111363184271,2.0108656361963133,-1.5608593411460296,3.426938388448973,3.6245264080799204,0.2600308143538619,-0.3994149022719195
TCGA-EW-A6SC,-0.9893150535720974,-0.026936710054309483,0.9120044058677291,0.5716965882459101,-0.6167691659370907,3.7010536016730846,1.270862350060282,0.5049325303533809,-0.19298408931286803,-0.24572169391733278,1.5161565569758697,0.49457630458686,0.9009355215407372,1.3109497722357286,-0.42005272689286677,0.8665641311458104,-0.24288016414989014,-0.21565297887967969,0.16917202410931584,-0.23560209465490464,-0.5373610105182756,-0.008520385486574156,0.5422706586320857
TCGA-EW-A6SD,0.2974422401052082,1.0695171104392358,-0.15315432522103703,0.2177912060161158,1.0498628954952727,-0.33863597077435564,0.23201782462871676,0.6806069189810402,0.51264644829665,1.3597809542207648,0.5783230379585034,0.43386389142960724,-0.18731345076564815,2.8656604710420273,0.879463596342541,-0.21862494385288148,0.6744907594765952,0.7059438030313585,0.30477224006176556,1.4207439340386396,1.0373787694916095,1.8849086698611568,0.6923227366991364
TCGA-GI-A2C8,-0.8242479377633237,-0.7854449197024002,0.24133178752058976,-0.8574134506199536,-0.3992559125626926,1.1412427562428584,-0.07283653727636757,-0.0317998201831309,-1.1378651980235923,-0.5929126553833994,2.1999484190283556,-0.15613091598903758,0.8433275519984053,1.7091653852819706,-0.47927497707097555,1.1042492799589243,-0.6984418312502526,-0.5737807562096412,1.4391720208820216,-0.6190458257850128,-0.3142704582456432,-0.2685311388070688,0.05106290599377995
TCGA-GI-A2C9,0.4923454089876575,-0.8394669948137875,-0.3457606127837036,-0.21948370015504334,-0.4881675108145483,3.283152041455325,0.24086115260971042,0.14263445590261267,0.7292176719196173,-0.5117888388304428,1.347031011722881,0.8273249330493232,1.7516475657584827,0.8875462060726651,-0.5079246250470738,0.44394327598478206,-0.0499562948896366,-0.5244540337398029,0.5330592880413966,-0.36797474150479464,-0.6054075653111888,-0.05019147008360194,0.05977217972545007
TCGA-GM-A2D9,0.09829229788993786,0.05931902898787877,0.5346130328618156,0.9208547995491606,-0.46802085401623894,-0.7543934971445255,0.19401815289350546,0.021510430970125727,0.27017696364964267,-0.2792368885184931,-0.7584959094144911,-0.4963122449918485,-0.4443174115495517,-0.3304603691453849,-0.05569881883487703,1.0906917986398583,0.2213544787504714,0.07168735256308581,0.3427685755075629,-0.3691538111962493,-0.3368742035519213,-0.5514704814925693,0.38862912711804576
TCGA-GM-A2DA,0.17343855055899052,1.9052023387126877,0.9639786200323651,1.4882759938030432,1.8546046245124281,0.8427994699184889,0.5328463596936902,0.3208792605949917,0.7176071659965189,1.0577966178906317,2.204108722201364,-0.4537261539384018,-0.15927534183443826,-0.4870640225621723,1.437036694155382,1.0936757423419872,1.9341521268784627,0.4345350436308371,0.89556716705749,0.6362675532279846,1.5857638163174732,-0.43025446523000505,0.9250621459799307
TCGA-GM-A2DB,1.1803152360509224,4.114211242810658,-0.7824763052723952,0.680013270104204,0.7664294022875261,-0.4116284445539353,0.34095633908392026,0.2705570723213215,0.959021867388338,1.6110931247452227,-0.3433658994314445,-0.9755620516806621,-0.6942215612918007,0.9359364732690594,0.5072187775739516,-1.2747988470224847,2.1338659579509938,0.34008128289465794,-0.29698301269550015,1.7514045065372896,1.277791878245907,4.003896792066005,0.4581690248466626
TCGA-GM-A2DC,-1.7450888897729806,0.3496619739637795,-0.8528651774397344,-0.5330523955250377,-0.010545176144265355,-0.46806556033619956,-0.6563735689666118,-0.6516267848482125,-1.2385286548736296,-0.24682570622278044,-0.2345485526000513,-1.1988256247703688,-1.3470524080793809,-0.9502184232453412,-0.027396237280862885,-1.2323191893667813,0.19192470198032252,0.253918866320425,0.11605941537087841,-0.6514368056527912,0.17983738943438593,-1.9147160040532274,-1.103620046104072
TCGA-GM-A2DD,1.0604642676259879,1.57398165246991,0.6127339861682785,2.994109984205358,2.102503888135566,1.0804059144367852,2.0214437337768905,0.8731701616568116,1.047372113332729,1.8164795358235444,1.0297391800379616,0.8249326455490716,1.186114554144363,2.1357744682702684,1.9029394847577408,0.020003973298277834,3.2478698052979054,2.195765840303406,1.0429418333865974,2.3629940884324845,2.5357444527966795,2.2480110711933845,1.705440466072579
TCGA-GM-A2DF,-0.057874982230238986,3.1456719066167844,0.09355786921632497,1.4150957382806415,1.7259543133757207,0.9049827316227073,1.146191472748356,0.5575932075861944,0.320338380068456,0.9079724148443091,0.6334919835203984,0.44216511526039626,0.6711221539483572,2.7366135134133263,0.9039856552681854,-1.4012736368794534,2.0959905366797282,1.3154124684903017,0.018966332542336546,1.0796405874542156,0.9288477571536524,0.6226348408746764,-0.18868610464509997
TCGA-GM-A2DH,0.8926042365584153,2.280975296596171,-1.1903513539310089,1.7218685090682855,1.7666067128532912,-0.2436917296264897,1.4098380067385408,0.959768243183939,1.3292156804203796,1.6495778020679097,0.5452452526964349,-0.2889312164803463,-0.13809906056570428,-0.37880725389172487,0.8004782026927364,-0.10703943695001723,1.4099863913227983,2.4560853160983562,-0.9673031823300957,1.9553321919676134,1.7324768384382405,0.6467872389956048,-0.7401802660307745
TCGA-GM-A2DI,0.8525406098825932,3.4548298480226585,0.5748376031257202,3.756492695302227,3.4692176278362408,0.6274420598840358,3.3858081421086634,1.2893645869376107,1.3428268205384686,1.6623655301686904,2.4064915444033206,1.4283824760594814,1.8837451282852362,0.13970540772355278,2.6080514212975654,1.752145753111627,2.546512575653723,2.407393908183096,0.3262193980240961,2.459511208615188,3.77450959326053,-0.28445050576212944,1.354615956160206
TCGA-GM-A2DK,0.32262284115165585,0.3772751473362663,0.11201585940996985,0.11951373756949941,0.11429780731139505,0.09728546802089963,0.19470006222510675,-0.911957295733959,-0.33430185522292716,-0.48019633582111243,0.8621906125201135,0.7705645756762268,1.2932134773038055,-0.0174789001460919,0.42678051266402356,0.01682123256260725,0.5210958166718099,-0.13637658879218476,1.0930566606185939,0.01139923677844244,0.2743819090386149,0.6793081949414272,0.07408145862886052
TCGA-GM-A2DL,0.16617769610627026,-0.47158630796283935,0.966841449433803,0.24776144675325731,-0.5991190969629347,0.31999077605758464,0.9806831872507733,0.5721706056328653,-0.30616591401677185,-0.11069667464229681,1.2706921376985865,0.7593566805983815,0.4937960938987314,0.4238786638900027,0.4145681170508803,1.1845490400876304,0.12979178341201328,0.36698227259143223,0.36799948475475946,0.08676214450796157,-0.08627742473252618,0.658044683618944,0.4523076656398947
TCGA-GM-A2DM,-0.45572673817947945,-0.6093919926376026,-1.87953607043861,-0.664503663298889,-0.45945876061032503,1.223101170315982,0.7540994386436781,-0.32916381781089277,-0.13006231315794153,-0.17481251057496003,0.2492064494740175,0.6393657128348982,0.9043512398870742,0.5744800152839383,0.461874179194075,1.207702871755642,-1.0073891509095254,-0.7084604539094532,-0.5649694400964435,-0.3001343944111384,-0.17398625307714488,1.6019114708805848,-0.7989801725868503
TCGA-GM-A2DN,1.797875104875376,1.4869533395232108,-0.07523614888126437,1.9062959174948273,2.078328477349214,1.7971259694322403,1.193550637398096,1.1170385197776374,1.2123984600611108,1.8135017271872003,0.2538382583323864,0.1894797093919703,0.42902518544200124,1.3446428667795935,1.1031868248239731,0.47299327647929484,1.0306017937212533,0.8803086706259671,0.1307093754478089,1.5704116725586088,1.823190132014053,-0.3451244697808621,0.6251057622585153
TCGA-GM-A2DO,1.5668468244613003,7.588886688247819,-1.0303382955289726,4.279039485213601,4.104656582270255,-0.9256189169932928,2.7715183471752685,1.3484914386944051,1.585746348540665,1.9398189390929466,1.2065752076719083,0.06842203300491782,0.23817689448878046,-0.7619922577053393,2.9841472630835773,-0.7989506922651805,4.188886191917342,2.1264326309885013,-1.8029213188047364,3.4817180740596707,4.535064072318439,-1.0582891562450545,0.0017241053877421276
TCGA-GM-A3NW,-1.5972225391409594,0.15316197139470888,-1.5126138282103392,-0.12433546906631021,-0.03828728523802842,-0.6088990735603889,0.1887851940175059,-0.7334579762412884,-1.2850725681944593,-0.24813940724358494,-0.6817407168634297,-0.46394486943036056,-0.22070633722142965,-1.2124146009899095,-0.4062189337249697,0.28365810127641494,0.3796980968070959,-0.3272190288677137,-0.14014542832986307,-0.1751600790930071,-0.08570795343453017,-1.0329513030742443,-0.7077550622994403
TCGA-GM-A3NY,0.4438068676157864,0.05592382433008375,0.30003666767703535,0.36962169759269026,-0.27215349349578494,-0.2920884335154042,-0.8948910677338211,-0.2147969095582967,-0.4713107056706964,-0.036540793280066,-0.34820810353266357,-1.6377041834272388,-1.5238070094525633,-0.3822903846108397,-0.2769417965554685,0.12694520535784287,0.765599892593516,-0.06654598571753495,-0.07915326934399723,-0.7639425052699852,-0.4510884392921374,-0.14934405215877797,0.30633522975454813
TCGA-GM-A3XG,-1.1121090251227144,-0.5324221246280971,-1.5702007481301223,-0.939081022384635,-1.044685530577995,-0.11312042098882776,-0.5984174092173019,-1.693703560411472,-0.9350130858049761,-1.3579428725453278,-0.5454625728018491,-1.6642135487858947,-1.297277240409528,-0.8699777798598227,-1.6765469079403157,0.0007645190143434244,1.5349930840157413,-0.9865458468982864,-0.4654080864476039,-1.37436843063707,-1.4005790730158123,-1.194952080621612,-0.8559749214594179
TCGA-GM-A3XL,1.0916077540130942,0.9325206098182849,-4.120399438556721,0.4106210598303512,2.845469572000805,0.1750005045505175,0.5525654818155936,0.6859799878849675,1.4738590345093152,1.6692594289508729,-0.12975632092542458,0.27617800369878603,0.17423663230663283,1.7856341147867896,2.3446335938285907,-2.5867063828549766,0.701061873059244,1.1794702607264587,-1.912170491862801,2.4266114353922714,3.619853604742667,3.4264798430752395,-0.7751662544757927
TCGA-GM-A3XN,0.9259324842214138,0.964585941925925,0.8404548712443838,0.5211547294933147,0.31223205956665656,0.5836143542973072,0.4591091391629467,0.4185878607909462,0.4395680732450278,0.4586545029960194,1.053753769205598,0.32343607353306925,0.5402149460726172,-0.3537581328344906,0.1109786461115676,1.2881702419156378,0.7474346711969476,-0.2563604832788861,1.2562895415020237,0.23474417927344088,0.020769807416170828,-1.0746019425036777,1.0795683659717397
TCGA-GM-A4E0,0.3487600483119246,0.20249069383171206,0.2303410817783134,1.2314197085596836,1.2780369248442713,0.710193701574904,1.1682199601586358,0.548682883611801,0.770637061061139,0.793074606110195,1.6875699055882938,1.1927065558184926,1.2339859133285256,3.1858252446029365,1.8513522728415532,0.8277515459681373,0.5528689193869751,-0.7426744937286046,2.267939079666774,1.0499446882654155,1.4631210096912002,-0.9552557139265738,2.223621082669498
TCGA-GM-A5PV,-0.0926971555042052,-0.8447881056358264,-3.9211072016762625,-0.07073464667605045,0.11281354987716735,0.04093665955480901,0.3373874677529109,0.005257747932434101,-0.7189346081892484,0.14890899592688803,-0.33081744169691746,-0.7570625786842164,-0.8122738205242994,-0.2929125421412472,-0.3077844772484089,-0.26746361361301285,0.3067712097655405,-0.9794756119706367,-1.0775172458452968,-0.2519035795096212,-0.1295277058685454,-0.7406570893702799,-1.2528849045026966
TCGA-GM-A5PX,-2.878830719583178e-05,-0.4071357853790459,0.9254375240802788,-0.2896850239335848,-0.3001745641511676,-0.5267109337351542,-0.38679687709212707,-0.15182418941916195,-0.4626631670390218,-0.591010434912757,-0.13607249999671647,-0.9026169950674248,-0.9365048112149403,-0.4577429001484298,-0.3808858115584185,1.0681794941972278,-0.5305646919356901,-0.44917480262173787,0.7376731514167266,-0.7481457081104389,-0.33130950358984423,-1.1683663746625046,0.6981015205700832
TCGA-HN-A2NL,-0.11879394284754097,0.9785268003335578,-3.5074275462976416,0.20072966459142585,1.285882586214459,-0.3494121094178701,-0.029634611970978258,0.2434081288005704,0.8370038461011569,0.8868841648011985,-2.1038835707809853,-0.37678655678598644,-0.463322851922401,-1.2117395849612478,0.27812432645732593,-1.5599778225856111,0.5873660402176425,0.10526880815151234,-2.0909259424252333,0.7083170230510378,0.9357521748824442,-0.843869126370451,-1.4993848588253869
TCGA-HN-A2OB,-1.8901700861584727,0.07629432428253329,1.0338206745600627,-0.36807094582398403,-0.5404696810336942,0.007653116985763706,-0.19623399666418243,-0.29057788335649165,-1.3099500088073195,-0.9371220187777599,-0.018453686307338842,0.04726907468941291,-0.048140027454193476,-0.809455533260209,-0.6805718128830155,1.6892609642163638,0.7474027880687903,-0.42400852546637313,0.35732300404374534,-0.817368498132813,-0.6309620424461682,-1.057133307648835,0.7530931970644348
TCGA-JL-A3YW,0.7846116876118945,0.26455583837913055,1.1044293854459366,0.8356241485219137,0.8086387661989073,1.8129859405917952,0.7809861396447657,0.8622693260025163,1.0279489249494163,1.4147237725130732,1.233525937158467,1.3052607797078173,1.8193896280726365,3.1298741221578603,1.3427782058842461,1.2286931006825972,0.1871209140595599,1.2791875837071773,0.6684608152132759,1.472188829244243,1.2979621626135684,2.8774659257297013,1.2834258638861997
TCGA-JL-A3YX,-1.1047033431987485,-0.6082929865649604,-0.31073777465159763,-1.1179285773230847,-0.8227332652409879,0.028138931738107956,-0.7550924368632863,-1.320558384459038,-0.630839476057733,-1.3559107560652184,0.53749806964244,-1.4794452377863492,-0.7929041805051095,1.0895946853823881,-1.534639831794333,-0.9169464670346649,-0.8523706635270406,-1.4207323545254162,-0.43484322024429806,-1.328731263849894,-0.8610780752803574,2.18997705909832,-1.1531612459401395
TCGA-LD-A66U,1.16383026469679,1.367877035998792,0.4972482195593905,1.3831075450508652,1.5277858826942459,0.6306573645214408,1.0962163015687716,0.7050584993512738,0.45059493248751065,0.5736129008153681,0.6426038790337298,-0.26133313238615036,0.052036652401613426,-0.2155714234553754,1.1325112077057018,1.1765710434605092,1.503859156500395,0.6048532552594124,-1.0248622887847527,0.5880596170708959,1.4834483281537145,-1.9172538211491525,-0.022288813716619123
TCGA-LD-A74U,0.3814705086526436,-0.2859029789603429,0.8187948201751932,0.08025168375415258,-0.10937653218769619,-0.7215589714950111,1.0923748061016636,0.34574948172087167,-0.03232555486084237,-0.2743711977126457,0.11691512762685007,1.3409310030761676,1.049566206773163,-0.1907350877938037,0.6322056305130483,0.46742690355770766,0.12239878875602794,-0.28464163394115316,0.9284943196217752,-0.10204002711686931,-0.03758393326654166,-0.23874727438554608,1.1402563242886876
TCGA-LD-A7W5,1.0622043941692803,3.6965280977755635,0.2245592020057741,2.4889374428030893,2.3958329615650467,0.5961298143867575,2.348946165281602,0.983298100426071,1.3426155283940564,1.093971792403897,0.5192700602212312,-0.1622774549745714,0.4042712857154245,-0.3061234007389594,1.345401725735789,0.9432192368627847,2.4614193597577425,1.8200252298177348,0.38490406070402367,1.2348173882883955,2.848330993711045,-1.0483289887097038,0.03180602975441056
TCGA-LD-A7W6,-0.22577140593442574,-0.08840385914690073,-1.01130855878036,0.45690972749633274,0.23727079864743622,-0.6269311616913001,-0.7229144221528013,-1.3369840864403895,0.38602036184366395,-0.1617440158193882,-0.880646829520745,-0.6791812043491997,-0.6916331526504456,-1.0929596598061466,-0.3129618076182448,0.4444358370443462,0.01930249890299076,0.02481046887789169,0.18319092407042406,-0.3227856398253538,-0.18097855632955548,-0.9321141672880341,-0.376224044770406
TCGA-LD-A9QF,1.7316602649992319,3.0141226125640292,0.9135331231468405,2.608962093816339,2.6173349075114647,1.3368421280187244,2.860245035866255,1.0291651007923364,1.4268573854600843,1.9832500032485614,1.4384232075717558,1.4966318530285603,2.367768832944606,3.2384233186932723,2.2961108916253106,0.76908465358145,2.7880254987234947,2.847388016306783,0.6799458640321064,2.8026289414255245,2.8112992772503973,0.28397611125569383,1.4299638816627473
TCGA-LL-A440,-0.10926817858450401,-0.027568871462022266,1.075841489324822,0.7743317204539496,-0.45311488411178724,1.0790175726962714,2.628754216283394,0.7490766273715238,-0.26100299062025883,-0.347347002762856,2.0758624747452252,1.7404209677454607,2.502013223429654,1.0004264493332624,0.5889345667947826,1.3967757821488858,1.1895375974679854,-0.18855398965776157,1.0816906864336604,0.2960803645302383,-0.4879216622804721,-1.1178186108498396,0.925501488430205
TCGA-LL-A441,0.21049297468348172,7.269419372376229,-0.40726555460605807,3.042337438620131,1.7832858045044508,0.03221216813232981,2.354837297195897,1.0971314463597104,1.1027261134976438,0.9826126013535927,0.4184900136201289,-0.19900147699049137,0.1823855411796599,-0.32893290034181105,0.4705073477514997,-0.4398566329161762,4.167178553157222,1.1813830397602985,-0.40740597009456214,1.4428432474791728,1.794061841963006,-0.46803230589392036,-0.5435791667001895
TCGA-LL-A442,-0.924636789048636,-0.5255478667294705,-2.4289895181589953,-0.6828628305601815,-0.9262677641491305,-0.5111316955246717,0.458001653335673,0.0581583928771183,-1.009446339422718,-0.8932665985825988,-0.28103349425297264,1.1899835542570245,0.8921171061269358,-0.44583446599948273,-0.054104967973440235,-0.6937524997676763,-1.8265562587910855,-0.7191288290568228,0.9346612628859484,-0.3509688619865649,-0.6998842332247481,0.5315654774882818,-1.5379772422374727
TCGA-LL-A50Y,0.13198634968367748,1.7893694556101345,-0.667444067650812,0.8809545361995684,0.24451652377464905,0.3362674197146235,1.2131030901675537,0.34039861132731314,-0.5004972026103824,-0.4400979364733233,-1.2367902281228715,0.3099916631741966,0.4693449335172609,-0.0533727674424921,0.5908151699453704,-0.655406977623564,0.7249584012046877,0.15385578703467204,-0.7203663363275801,-0.011597844511160268,0.22140039649608947,-0.22753555132535858,0.5273986587868064
TCGA-LL-A5YL,0.5424124137803801,2.1742867120558365,0.062193970600975645,0.48272628056336486,1.0009282680751899,-0.5130361478573578,0.9392795558636754,0.0574773818709517,0.04516842007894716,0.012793124777749921,-1.1773459911234792,0.1465009583064386,0.48714410624337245,1.158185918299692,1.0047482567893329,-0.45631956368498167,1.702713374081673,-0.9315490697403183,-1.0933957454709473,-0.1475396553790195,1.2264883136971634,-1.1348234289316084,-0.5679142240827366
TCGA-LL-A5YM,0.4184678840891419,-0.0007150243644499589,-0.5663959229782808,-0.9230458543524445,0.3593950919475812,-0.8469425054813111,-0.3698899597386773,-0.10245556703674344,0.1820846360076615,-0.6282214058551097,-0.3164053434366181,0.05243485380301846,-0.2588950273169204,-0.33528810730501596,0.8980911908171186,-1.4117349996152633,-0.6692815222380589,-0.6660277586435647,-0.5603944878530986,-0.1521126395511442,0.8754319925138336,-2.3231468619276754,-1.4888242124557014
TCGA-LL-A5YN,1.536525350682354,5.457693033693772,-0.7142639956809416,3.2839928644302216,3.2120678908471003,-0.25230887187900114,2.604637992764382,1.147390437036916,1.315636634230476,1.395351692263191,-0.054593412208411136,0.4595985988814512,0.9302399015947419,0.802959268895294,2.15957565949496,-1.4768887903897376,3.600459031480309,2.728570112498884,-1.8844230434920666,2.697677312344516,3.391959795017422,-1.4917063917782272,0.05059781126806253
TCGA-LL-A5YO,0.7695753232858068,5.88644937984941,-0.029952647711221067,3.550126918417304,4.037378758347385,0.12739597234218608,3.3066683138640722,1.4552346900419078,1.4852960949881626,2.2929749704295093,1.179371005433142,1.1762205436309494,1.5070961151043323,2.613266159677961,3.083814507925567,-1.1310117783707416,3.735291275382448,2.9195152898833525,-0.9719280095359656,3.6579168705329574,4.105653187021611,0.04871506021220111,0.9771841838457269
TCGA-LL-A5YP,-0.7861257646825963,0.24792951327825896,0.9318721823500569,-0.20280846640558492,0.00730439208550879,1.976439242395528,0.43319895424114624,0.6041526254947145,0.006823886694092415,-0.11657027333939694,1.3224653000126254,1.3215446364369794,2.0394834181551267,1.422682634963136,0.47268971388894715,-0.12002508222098575,0.05200470356410963,0.22111132293956798,-0.16187481786288505,0.20078957770071873,0.14895135863779593,0.6820429878165778,0.34222162400634626
TCGA-LL-A6FP,-1.737428444187299,-1.4108728544459663,-3.5153970462567163,-1.4919123849049964,-1.1941070863590115,-0.8759791122162506,-0.7385298627483099,-1.5751338409733666,-2.5982609934498186,-1.8160329027707085,-2.6721716868392837,-1.450433962696838,-1.4882404988284608,-0.8069378428342351,-0.8815217130845586,-1.675091857106252,-1.01424743358152,-1.1764956834706688,-2.2054099303733072,-1.2303014101322143,-1.029322949851493,-3.031682473958739,-2.854382743950316
TCGA-LL-A6FQ,0.6633408688630652,0.007520253741325242,-0.28895768592334825,-0.4127092954770498,-0.20600949167199747,-0.09733477674099802,0.17402649062927816,-0.5667157475428332,0.383224186162553,-0.37518064128165746,-1.2618465082746293,0.3581753637991122,0.6085336721535065,0.3839134186853419,0.4032161545614286,-0.950505684590743,-0.43555607965678367,1.5578146887872468,-1.69214046588368,-0.22291202487213155,0.1387255449935246,-1.4796832416849033,-0.4823048968119074
TCGA-LL-A6FR,-0.8363000980086555,-0.6860250904109758,0.7083131169413458,-2.1681528944345314,-0.5471090633963833,1.1101196012446224,-1.2424721737332747,-1.597438666149654,0.40403955188718843,-1.6783179521194382,-2.277516593074756,-0.21478116299679928,-0.3777560999616644,1.3146411152949058,-0.5498448328021254,-0.7817612170854633,-1.4809648199639742,0.30601954109588936,-1.5573716909766164,-0.9373819584523052,-1.1207204351078468,3.1798569800252583,-0.20049505080133775
TCGA-LL-A73Y,-0.20613070763657923,1.873944295861027,0.7933311664119347,1.3660872529709112,0.08627195752532198,1.5589342365365049,1.4885385438255934,0.408375234466009,0.4116949359263664,-0.0002677391793302657,0.3755108249078916,-0.03481878008289247,0.9815490295903586,-0.34037132233582434,-0.8065798954877822,1.1281913751327863,1.951398528981559,0.8058437054290383,0.9012470052247556,0.44947343985895355,-0.10560317809726098,-0.42938033833638484,1.5903077976597226
TCGA-LL-A73Z,1.3764597205842724,0.5230357441572707,0.3717755325737503,0.42265446563671044,0.6469038193289972,0.3395882994502938,0.41209672541408954,-0.04339362071090213,0.8173011963128112,1.2841584800118746,-0.13870893339401694,0.3493970569630261,0.6401784230179132,0.5848590910149767,0.8147160782378243,0.22379006970944773,1.5278537247825337,-0.05641167975672364,1.276858974302127,0.7099050434969084,0.6897781635993672,0.37304646261800156,0.7651101778856673
TCGA-LL-A740,-1.230722925014341,-0.6427562413361716,0.9598581057726299,-0.3015655665217346,-0.6771405947418556,0.8988922461259667,0.8745344958806438,-0.9704846732438932,-1.2143824928675166,-0.821530624322653,-0.4006571907152555,0.374886457298089,0.5238308366023097,1.2156291326433093,-0.27388740449599297,0.8935066413856187,0.36263269122486697,0.2012260003220125,1.0426233450594493,-0.06284932603820631,-0.7284772852356115,1.2623599231455642,0.9941658766613996
TCGA-LL-A7SZ,0.22192382180069706,3.516271017561944,-0.392257848076382,2.0227661404133905,2.3458668178649207,-1.4058870366196028,1.3332570054228168,0.8632293075952321,1.0169767964060858,0.8442503277345283,-1.1254472736273813,1.3381218720570065,1.1676740385016398,0.02450284093559997,2.1052588820067095,-1.5641704226623956,1.6586481766855685,2.393503492548453,-1.0504867134224294,2.2208728734611043,2.4655668660900836,-0.05394968145034513,-0.1282002999611869
TCGA-LL-A7T0,-0.1872609252461364,0.5229177307782168,-0.012521440613896234,0.290872289491345,0.7375208012702348,-0.742204674048963,-0.09049864870096265,0.39998451043629285,0.26799960453285016,0.45996663321797837,-0.6337833621222395,0.2829543020532633,0.2623558428409052,-0.4978173140557205,0.2647844806431308,-0.1060491542779326,-0.38544475455743543,-0.29704179456786006,-1.3298519481975635,0.4212800525891671,0.5877040991405318,1.0509990527584847,-0.5840020831428578
TCGA-LL-A8F5,0.660919505499286,2.049410679252495,-0.5182914976613051,0.004422631873116982,1.4713437081703324,1.3539327627925435,0.05129033321904555,0.6040231650222038,1.2712105841279415,0.9617531190471337,0.8754982651350842,0.11369296609697521,0.29580540234894415,1.5218786876130028,0.9799834746716991,-1.8501006118386027,0.5750515454907296,0.7270928503573217,0.5746819289023415,1.4582617776408386,1.7107567237010912,3.1724723900011833,1.1457700547634877
TCGA-LL-A9Q3,0.044733980366278674,-0.16259360477642712,0.19001879679064032,-0.2714427570061232,0.7449344274237553,-1.19225259415982,-0.11958485945259145,0.5066139720955251,0.12223532591612185,0.37562693462327834,0.5838536911723773,0.21568651483957507,0.09358747186504855,-0.31377822468812516,0.7119000815282155,-0.7731292677905922,-0.7654089575679609,1.2977261815301957,-1.088977749995636,0.3577152209144427,0.8258336612329482,-0.5367582933233239,-0.6350142608969997
TCGA-LQ-A4E4,-0.5938334208958252,-1.285391432847702,-0.8992234263320732,-1.6436352333097002,-0.7916845469303264,-1.1700501867069388,-1.1655879363245174,-1.3577801193983277,-1.360809002379232,-1.2501390738127431,-1.5369147657082258,-0.8053536865534343,-0.7294688549748413,-1.168867409886542,-1.1413831721543253,-1.586363692527655,-1.4624396593714217,-1.4485688402392531,-1.3697434679585072,-1.3103532203139674,-1.1553603914525852,-1.9776948421380183,-2.1837948383950847
TCGA-MS-A51U,-0.5820264890139476,0.6681926936803008,0.8048469751723737,0.43949660984870803,0.46515006289756927,0.1727933644242507,-0.17415865974567712,0.25415308501230827,0.2662145977882458,0.5527403768045949,-0.02005377373859537,-0.3717804085248729,-0.13984222716189154,-0.8630316525751215,-0.32859380783392994,1.094784448944668,0.18191784002031477,-0.2214876783971504,0.10466837251377195,-0.4698088500668618,0.05628027251318777,0.5791647925204622,0.8157365482330208
TCGA-OK-A5Q2,0.21030260165493067,3.5000738322055556,0.285604436949292,1.5124887951937178,0.7253055888313319,0.08225993724790832,1.5539490981342363,0.2059486919055597,-0.0962502784577899,-0.0509201386803649,-0.11301002307228605,0.06371507719656645,0.35439763635631005,2.2681618152785505,0.24361312450356923,0.36418788461443874,2.874643651423351,0.06558811944602069,-0.009688106201888185,0.23970411788657242,0.705803235219944,-0.3775134570069882,-0.5606970195311034
TCGA-OL-A5D6,-0.7413137084843269,0.14412393356182196,0.8137751106422124,-0.543185337400345,-0.5859538405399745,-0.13108423920265388,0.00308970402416958,0.107273053101311,-0.8674308050204519,-0.7000725096835483,-0.5621352800972386,0.3743898052511855,-0.13796726912271862,2.0079029141995703,-0.32608593601424596,0.2946279927665273,0.6152505252229591,-0.18197918283460562,1.0245176943378451,-0.3382973954727396,-0.6891771084989402,0.8736982366716091,0.8091734703669661
TCGA-OL-A5D7,0.7620294265286178,3.202710591570328,-3.295136370638523,1.4446402300295507,2.6727317081055193,0.054368988153980516,0.5987156264531203,1.3774274393080679,1.5679349936267681,1.7399016668363119,0.9248956560232364,0.21261053147634448,0.4371090055972776,0.12549082942427103,1.9419530184881453,-1.8473433573450515,1.5059596446477383,2.864832575644543,-1.861229383796788,3.122719705260713,2.9471338712105135,-0.02053589544785198,-0.6245555680264009
TCGA-OL-A5D8,0.244102780332281,-0.5246746084135833,-0.34928755996460226,0.4316548558664956,-0.2560844493581284,-1.3421024797979813,-0.1891365751474074,-0.22341201344863632,-0.10742102523076956,0.3369914062913883,-0.4135928842538264,-0.8005428296884162,-0.8214112020501881,2.0989040440055033,-0.07367814215288562,-0.964029046400353,-0.2055358093001354,0.7817299669876321,-0.5312693300788477,0.0464808660035596,-0.014757706666349967,-0.5950264128113715,-0.1481910468540116
TCGA-OL-A5DA,-0.8047278038141761,-0.3109038094351282,-0.12081225784972607,-0.441814594530847,0.5845184103274544,-0.6710815627870343,-0.7836960549105114,-0.13794676608479944,0.32826700670653286,0.578430392591195,-0.21627825008276644,-1.0203667492289972,-1.551484487322965,-1.1086829400851361,0.046093595473548875,1.2138904002289,-0.23423594804873946,0.04542813549757074,-0.5387282769494918,0.18825537677271112,0.26840843340526654,0.19732180297653343,-0.3054738704862681
TCGA-OL-A5RU,0.3177131990463805,4.18887567732784,-0.8564380900815118,1.946184634857477,1.4223619879364178,0.17542178166140374,1.8281329940656472,0.8042172836741034,0.6312751562652196,0.6418198201027061,1.7790433198799505,0.2164529016580966,1.215797434941873,-0.1791826085680852,0.28562923532152895,-0.1280579844242124,1.928898658177211,0.8364040583090263,-0.5759718978994023,0.5881153394684366,1.301823646878875,-0.698527876105106,1.0869722794563546
TCGA-OL-A5RV,-0.7408146465114287,0.3990900683745221,-0.3832402637713382,-0.13888427199497846,-0.8377052587236595,-0.01082432743222827,0.0238502816839121,-0.6913582984811667,-0.8482290522751935,-1.187259317350263,0.5861010649196966,-0.7943352560638873,-0.5096223090055096,0.3550847576854905,-1.571422010264021,0.8399352121850765,0.9242701278941612,-0.8651044564758554,-0.8924827659848726,-1.1095392197819252,-1.108155297744041,0.6112506334484524,-0.19606391987335725
TCGA-OL-A5RW,0.5864416419731516,-0.42827723245106775,-1.4621703160295858,-0.6289915795693074,-0.6295484536340156,1.2483467310005505,-0.8135823490143667,0.1788989544421085,1.3817719820412528,0.4141449567499971,-1.2629956664259565,-0.027159278006663946,0.243485553499642,-0.0771313544766479,0.10915715730097209,-0.33258829763492936,-0.16085431102048645,-0.40063472567553676,-1.9648688606447056,0.9168681227954076,-0.6848371057871295,2.8274814266854125,-0.7127752897087039
TCGA-OL-A5RX,-0.27394991816929726,1.510895523571323,0.07213863199164164,0.0616726490170658,-0.12045176539054667,0.8092347089189599,0.5856211475520754,-0.2846249723087758,-0.09549360666525208,-0.30829891994516223,1.2174993892731063,-0.8801631765253644,-0.17605687916821283,1.665525977559061,-0.9794509309028885,1.1535458743973954,0.6034748951765997,-0.8656020799118415,-0.11628835704259817,-0.8142960751569064,-0.41885247653110774,0.3071515095068588,-0.4868080587663362
TCGA-OL-A5RY,1.278287909082338,5.499022663707409,0.9970282039776771,2.5094030527998394,1.9112684409072023,0.7903530364589256,3.5587970098022206,1.0562870103475765,1.1579065849386756,1.3842039098056047,1.3111124801162044,1.211337024049362,1.6006444116207525,1.9426786281589452,1.591151328358311,1.5761962349834835,3.7552117537376426,1.096113028537282,0.27557258008174823,2.17471099377845,2.5474494353155213,-0.23556397181253994,1.460261302605664
TCGA-OL-A5RZ,-3.319486547607337,-0.3967454975443995,-1.6749486976095098,-1.0991256480497567,-0.5625421462296318,-0.8129219463468758,-0.24347925121874775,-1.1925402605114244,-2.7842006664636325,-1.738982789355566,-0.2869684804994607,-1.160180302046427,-1.2499006545095048,0.14420187577720964,-0.7233828461053411,-0.774054828385852,-0.40543189747687447,-1.6597883504973254,-0.8024855575459108,-0.9957560540921256,-0.48260489043780075,0.7979660855066437,-1.9694995766411174
TCGA-OL-A5S0,0.5718921764694987,0.7013947977812559,0.43909062124231646,0.5355879335408207,0.27943343943102317,2.0961053328868635,0.7157472988307109,0.5835208237055919,0.8642228707055468,0.9532058632089996,0.9751400978569733,0.6144120399319848,1.0856798142427722,1.930039503057298,0.41823633054070064,-0.4829376112866817,1.8056283836837785,0.6382781913276082,0.1460117013849761,0.7431689046017134,0.5992452352635635,1.3788633529147587,0.3497383279018275
TCGA-OL-A66H,1.020048115707897,0.6624397807442013,-0.3246419581806772,0.571404438877008,0.3829645111218693,1.0210685639107038,0.9774733857448993,0.2685279326513351,1.195286770290718,0.2130361733377959,-0.02200241213627954,1.2962028184674645,1.2612167307882434,1.0736694485206426,0.9356863052811654,0.0650487847394747,0.6391238480463811,0.957970363220981,0.10783928752232684,0.7865545694627687,0.4326610368361449,0.4589741568652805,-0.6092137827859209
TCGA-OL-A66I,1.844283378148806,0.972880101804717,0.13494856104920586,3.4008257153716666,4.394605104148657,2.076882488179156,1.9797231776839848,1.2829575867657923,1.5414753654496545,2.204438828609616,0.9170903416826555,1.011152265958361,0.7760686288716016,-0.250364751206603,3.4708403201814697,0.20491171730468216,2.851586381161304,3.409111575227242,-1.3189598330815657,4.07209001370654,4.628500500434814,0.04518034965922434,2.061132840326011
TCGA-OL-A66J,-1.5661271623705069,-0.17099947316228695,0.4348027780451939,-0.7216885573265428,0.16352181589057657,0.48523135544537854,0.40264992894634843,-0.43089924680665515,-1.4572523852775645,-0.6128467297415299,0.9158919808073359,0.310572082430823,0.6625035586312583,-0.5230548437817789,0.08848817709961884,0.7913424040452677,-0.00407428345844144,-1.4180100177050345,1.0544222980360798,-0.3658757779861246,0.3635146576744859,0.7979892422664212,0.6877448236865863
TCGA-OL-A66K,-0.6876642696820359,-0.7132970056659316,0.5460706909501988,-0.9868285973257737,-0.6281161805280098,-0.8907593814414634,-0.5115339342467947,0.043324337919915794,-0.9210969199560289,-0.8457288531047168,0.024131870376502385,-0.6785757468525891,-0.7995963157788563,-0.4351572783629661,-0.59754802963481,0.4615493817477347,-1.1953467838616887,-0.7211329918475978,-0.07790440407328389,-0.9006069067800708,-0.922500904623454,0.12338376942505709,0.24582260805579703
TCGA-OL-A66L,-0.007682757618397844,1.5225179375388795,0.5842365686372389,1.0726227777822082,1.334965368690864,0.8397086726836916,1.1365939271907488,0.4001398423773389,0.11906310772168312,0.07506093021277853,1.1628561413920047,0.6578795967650146,1.2532120141379313,0.8609889170516807,1.4859812375662107,0.8057626870040536,1.033771686219487,-0.4363959546683377,-0.11941092485418041,0.44467262233611293,1.9849509364317952,-2.480931889302767,-0.09115824051889869
TCGA-OL-A66N,-0.6429990285746369,1.9757311922274547,0.5689596921766503,0.5612945184401635,0.7884638264256699,-0.8595646056307089,1.9253172330134884,0.5880371627898718,-1.0156126180464335,-1.05914100863888,-0.7471112226371084,0.16484598573826714,0.07632224586559545,-0.3616324191943209,0.5674103618505151,-0.12500707530513705,1.8188782916426154,-0.5793556054358092,-0.0482503697930774,-0.07337982675956256,0.998177798395927,-1.069241655177802,-0.643657316431069
TCGA-OL-A66O,-0.32663968334517274,-0.1843776503080936,-0.03337844322974196,-0.412878823602046,-0.6642819062250424,-1.6669123805648927,-1.6376850953030597,-1.386815923105577,-0.42769340848243703,-1.1737899144683976,-1.3649538755806492,-1.6195850933788982,-1.350997891337592,-1.4970639749309351,-1.1577342753812523,-0.6127279834136212,-0.7043746008973543,0.20122491661687297,-1.6619147262037455,-0.7535441818270017,-0.9173622100425441,-0.8533548619578527,-0.8137740500626147
TCGA-OL-A66P,1.7354297390777838,3.7292034795533286,0.2567406295707548,2.1054761470054806,4.835676264356824,1.128966194419296,2.180732203750365,1.0968657892116493,1.1396736054702639,1.562938357303354,0.09400903237103024,1.2423526034902417,1.6554705907985288,3.2511457651325726,4.750867239948119,-0.5198554449107865,2.118948820528053,1.642949975747315,0.2190062355842759,3.2845802319215935,6.547713210803243,-0.4846830556577701,0.8048562873828387
TCGA-OL-A6VO,-0.10733718963035946,0.06505007303135792,-2.0131595791043475,-0.17210768499931517,0.15226337842796267,1.2781670271603907,-0.42835066431979435,-2.179669509406089,0.9032492098614746,0.6063310838805975,-0.3421290062787256,-0.40429207015581775,-0.016260145700140248,0.8584550598341893,-0.13562482737669704,-1.1844784335631726,-0.22649319405724,0.36769977290005496,-1.5350518003844993,0.3885284422149784,0.3591169863942721,2.4686237361500716,-1.7457540192801122
TCGA-OL-A6VQ,-0.5625042208246318,0.8228888101629804,0.5317519396457956,0.7889513842964786,0.023299835741304276,3.5489905343869546,1.2454943522481956,0.027250515095916722,-0.59360528736631,-0.07762665396755328,2.8646522554919547,-0.5430147252746896,0.4938256938871142,0.4755167341102581,-0.919310518407152,1.6830888751277095,1.1289712407136436,-0.6264060867347893,0.6011106066587943,-0.21737670575146725,-0.24790232178353003,0.48231084593530366,1.0847636356645043
TCGA-OL-A6VR,-1.7859273866063075,0.06144487390257414,-3.9596410232074906,-1.3984298775668795,-1.3231138308991228,-0.6582631198334414,-0.5788747336322762,-1.2553982652583293,-0.7909549274582649,-1.3160516524234462,-1.293160589012748,-1.2734098007110783,-1.1530205612111988,-1.6274616532723285,-2.259007617883513,-0.1340854219448071,0.9398891716214189,-1.4773678245328954,-1.1735785749363064,-1.2123651367865806,-1.3976407722955497,0.39661996169755676,-1.9299258981721243
TCGA-OL-A97C,-0.34183977827637857,-0.855764821535192,-0.13359013532897995,-0.015891714969864697,1.2086143932053777,-1.3205115284684927,-0.5262557887860072,-0.15201732084726474,0.579792209989826,0.29606974416183707,-1.0544693657167903,0.6743271321668151,0.7006530951849205,-1.0134963039483578,0.5274141184602887,2.4485455290064992,-0.07159127630387815,0.7459955500561011,0.567171471120153,0.48321098516080535,1.4960538318313534,2.7715646080247858,1.555168767142437
TCGA-PE-A5DC,0.2981214165827569,-0.27024295680487864,-0.22983752535809965,-0.6800597029395473,-0.250891759356568,-0.05963474550195962,-0.8797272739730498,-0.7013354774568069,0.007160277055153646,-0.34403086218699847,0.044775333101907094,-1.1246644137986452,-0.8645018096028964,-0.52962454157324,-0.786904581800229,-0.592480954918777,0.5066048989503408,-0.9944687582975826,1.1870068457455483,-0.7770281055070668,-0.39055792794643984,-0.11553010162101694,-0.9889373357262088
TCGA-PE-A5DD,0.07833171407674665,0.6207811060447085,0.26899394787454145,0.9238674870908463,0.8982113245568406,-0.6455819337108512,-0.5066890374277282,-0.030971833679336983,0.1266632367459834,0.2003313711584432,-0.4666164560615972,-0.6363742582826912,-0.4859254661941005,-0.5644178871203744,0.10163441678916427,0.16944232310496246,0.12818067480306058,-0.3824385343969415,1.5783007242984128,-0.03319743979050597,0.3145275039429386,-0.27835807676882857,0.7036327656696393
TCGA-PE-A5DE,2.3841128718813382,3.0619222495049936,-0.36489542408875625,3.0650037765047125,3.887509844974051,0.9807138863849945,2.2633026677331336,1.2904939597594411,1.585460014365704,2.046688711902933,2.291500802789415,0.6216482702287058,0.7823089588902361,0.35297945723695334,3.5025425155493215,-0.027934095645156278,2.603991617028658,1.6163376618011034,0.8729680813602184,3.064075661972584,4.199955565718552,-0.5465699213309486,1.636415326071919
TCGA-PL-A8LV,-0.407244458623524,2.8476826080131277,-0.14287093595062553,0.7804507026886279,0.6310526351572224,1.7105022859971828,0.31006893772086586,0.25557500491759894,0.9054939736898148,0.9492103552927069,-0.3795838606060789,-0.788225275803683,-0.4449000614453164,-0.3558731694658839,0.1448794699181426,-1.0984456434613166,1.891300806030708,0.3913748114043314,-0.932506533434546,0.7148411811475378,0.6673418173735817,0.24201608411643746,-0.7643475885821017
TCGA-PL-A8LX,0.07048031565104076,-1.0768039190899605,-0.9666540266835438,-0.7864618577433575,-0.5748752207896533,-0.1433657735388396,-0.2252046710348257,-1.2109850295163376,0.6112015836635076,-0.8208673100752891,-0.46267949928966023,0.22494510014773356,-0.004700246275919852,-0.4183772429802246,0.34527037167232255,-0.42119228889458526,-1.3766017760830969,-1.5542380757566454,1.2549552575508274,-0.6786990337693276,-0.28111154205377265,-1.7956692692261673,-1.7212043581287626
TCGA-PL-A8LY,-0.14850835162374387,-0.4179517224637872,-4.592727780114954,-0.8686812291442353,0.07610660825001776,1.9418660355785256,-0.3638570650452301,0.03565000223641729,-0.14958165089328349,-0.9869751002085425,-0.5711230789309303,-1.0902110915833463,-1.0437978808045625,0.38843265847367414,0.17189650217882016,-1.1664154851521518,-0.3105837813273175,-1.1464423037631566,-1.1184320858919201,-1.1776448686976624,0.3459215266356072,-1.465098397269849,-1.961549592852463
TCGA-PL-A8LZ,1.8411761538490028,0.8545271966931424,0.02624323732870861,1.6486536602263542,2.27638207957993,1.922652544572135,0.6844032813626983,0.715737388792455,1.704196724151005,2.223372671200253,2.130443710614434,1.089295091840434,1.5167369550218925,0.6855710256678296,2.24447566734562,-0.1536916795431962,1.8484023603566802,1.3213716136307037,1.7938495195142983,3.1978348853680796,2.8359061496092868,-0.933107667412407,1.1337261996730983
TCGA-S3-A6ZF,0.6048987445832866,1.5569723581864359,0.005139037886173983,0.5429083766298538,0.26458753221848363,-0.8310867655856257,0.5111646689148259,0.22552645542172176,0.6842596338268476,0.2840125847177495,0.319263091658407,-0.26156937284932646,-0.618473308543548,-0.1796035353072868,0.1284080874989294,-0.8916022242188081,0.3607663811560082,0.7208875092631234,-0.8552475672656409,0.5192265342399366,0.1964202339881787,-0.49102676852053234,-0.5207653426652141
TCGA-S3-A6ZG,-0.11248177245844071,0.3169723857059159,-0.4826954878367903,0.812493898679293,0.06805482987924631,-1.2352345299337004,-0.7645638583645608,0.43617875623672714,0.030252881046020277,0.4463659460208592,-0.6992317387021766,-0.38645346072537884,-1.2683593453257702,-0.1465080569411307,-0.06297061522576888,-0.013426531772438919,-0.7855866026082607,0.12409256567639436,-1.3724559324224606,-0.24963445748041585,-0.19357236521693844,-0.6265449575147666,-1.181403918122831
TCGA-S3-A6ZH,-0.8322642289156159,0.5366701375471724,-1.4044499373859027,-0.8567451459392089,0.3229814722861021,-0.7519858496145013,-0.018009548248827164,-0.5476544814756968,-0.2030736973211333,0.4100549315358748,0.15285766542368234,-0.7333551784909591,-0.2501740592260042,-1.1961718529542837,-0.18094829948206892,-1.3819407297808264,-0.5273138156876505,0.30428160106735475,-0.9885560719182027,0.15786053637200678,0.28796742631011857,-1.317042120820094,-1.118467801507383
TCGA-S3-AA0Z,1.3259341104160927,0.429616402382275,-2.099309280939221,0.2302035649989931,0.744376633501057,1.277719958669254,0.5625390242870013,0.9203278942015181,1.2936174377675167,0.6560796004362031,1.0564365145238264,0.3424121320732196,-0.01042732435273132,2.2024852246079782,0.8766978020619055,-1.7746635977943575,0.21452904272283135,-0.13758059499990738,-0.6801856792349144,0.9442862578101289,0.9313642518340475,-1.0562279713411975,-1.7252026813623855
TCGA-S3-AA10,1.0290028308422934,3.078287380380985,-0.8440983916771964,1.8971614021220389,3.1898248024468394,1.6366585544025822,1.7798707106906926,0.9283023796455604,1.6891482331544692,2.4835288428838367,1.6660284802037038,1.1668046676404829,1.1951933056695683,0.744086360356972,2.64652276973294,-1.020408985736912,2.4794727016233837,2.690515361770889,-0.5673366761362786,4.0298594718385985,3.4546232761007634,1.3978784143825036,1.5574398363994695
TCGA-S3-AA11,-1.0526088853131803,-1.0165751285713336,-0.6857197452647248,-0.5062391992733419,-1.365749512122681,-1.1308426903116182,-0.9785282434832732,-2.1409657422854993,-0.7262309700462519,-1.0606570368065966,-1.069954707433412,-1.3721974323832278,-1.2877216454522364,-1.096301062847505,-1.7869105484407346,-0.42202416873281745,-0.7846184596493896,-0.8610538997321278,-1.4961320167047842,-1.1041969035725046,-1.6788041804634033,-0.20491395029881432,-0.5036659150871862
TCGA-S3-AA12,-1.7834954561611118,-0.3757105673733341,-1.1909401328915963,-0.953418370958186,-0.801285909210265,-1.4509104818180023,-0.7028946655312482,-1.2693227662672164,-2.0569578338360706,-0.8505471577978561,-1.2740656494299762,-0.9747696819422182,-1.1078887454079,-1.0162646285167154,-1.2483575942501859,-1.0014654596864283,-1.282504591289238,0.35119527959675517,-1.3611166050184451,-0.45614318275452337,-1.0333568940758602,0.5169755586504785,-1.208027353208266
TCGA-S3-AA14,-1.7230947736728706,0.0803583649634931,0.8708584862584299,-0.4441998054693554,-0.7582517170404226,-0.008764296689819092,-0.14111154266639678,0.051258416719368795,-0.824874207530704,-0.7288481253510395,-0.5468867930905622,-0.6961850677272062,-0.8350866519062654,-1.1362942026068912,-1.0317449068538334,1.107377845407879,-0.02755217969263919,-0.8222622233195306,-0.12224692038808198,-0.7682624715045046,-1.0258513629812764,0.4624584170886899,0.7168207411246208
TCGA-S3-AA15,0.6371561790745144,6.267552520265576,0.6488799852228863,2.3389619620395337,2.3963275552270646,2.476013343561925,2.7204176102666064,1.1595324683848103,1.2879559938314102,0.6452730191720978,1.921854326173741,1.4365177283534656,1.6515349987866972,1.862821354546796,2.276814139999128,0.654550673495178,3.3692322081814856,0.5332066911093782,1.0232719810939608,1.841367643799334,2.983576787794445,-0.7840356993897231,0.690309083991585
TCGA-S3-AA17,1.40884111814538,3.6224563983389304,-0.9831811931185123,3.127654649421199,3.1901609882091675,-1.2784359680465418,2.0719141857093555,1.1838617627598298,1.4610168856922354,1.9459278543517258,0.839796734925209,1.2029837504412708,1.2432376003926702,-0.28832389809746556,2.509576396549128,-0.07120971497533675,2.9185609519501905,2.8958663179387094,-0.38787422741946515,3.5076299482906492,3.509375821600813,-0.6733752796810715,-0.1598872807734786
TCGA-UL-AAZ6,0.8407660619669828,-0.37069238247160646,-1.766058934227357,-0.8852626418681229,-0.9445913826762538,0.9405059970141377,-1.446465481196316,-0.6173005505316858,1.3025808455703791,-0.501046703207871,-3.2741436236267307,-0.5485484365139012,-1.0388723852416464,-0.41792081136865533,-0.8784950836857475,-1.5838165786035676,-1.524888955031319,-0.793140733171005,-0.33476491948448706,-0.5013643104137272,-0.8810108006589487,1.6465357611937317,-1.6011366919880619
TCGA-UU-A93S,0.7186110368156994,-0.0709241363229662,-2.311732586086535,-1.2686281207356953,0.23142334601074974,-0.9303436554690557,-1.4573563720206892,-0.02059260528625513,1.319805389778686,0.11732359264037746,-0.4096292216896521,-1.238431042129304,-0.344011642803102,2.3252668166963852,0.07191697714385005,-1.1266052378618774,-0.10975628275240186,-0.33216524649050605,-0.5368031071180712,0.33019618242886706,1.0238644020028271,1.7655655718534067,-2.0406719323679194
TCGA-V7-A7HQ,-0.38540294992976576,0.6061939827710161,0.09806224526485224,-0.34888352905422465,-0.7305989920102891,-0.5781285976366408,-0.3330341786486579,-0.49255336209893164,-0.987302468055169,-1.1356801029173254,-0.8382742032447993,-0.26149039042617656,-0.6075399378144124,-0.27284105675866144,-0.0685913804186644,-0.765426083641385,0.13529096941015323,-1.1066272411990845,-2.151454042030846,-0.8430987199706268,-0.3497249951547172,-1.8125565511798096,-1.2876882888379335
TCGA-W8-A86G,-0.9053999655509035,-0.42311932720211665,-0.015338409711089705,-1.501750768326482,-1.1488424227541945,-0.6684511100127175,-0.7353632634706013,-2.5397799521440687,-1.0575340806347553,-1.2677835070658077,-0.5846763919047308,-1.8367853237796261,-1.6381583472818688,-0.8236598418000027,-1.6468672979324848,-0.309562956409351,-0.8386916615002121,-1.1072308530087944,-0.48173682787334426,-1.5588437540484195,-1.3085837589950606,-0.2792600211980142,1.3850739855849006
TCGA-WT-AB41,0.6288062568035647,4.184787394769779,-0.956636161491559,3.099807691207877,3.137042378436,-0.5747066277606624,2.2142071977585704,1.0564706416344167,1.0676686324232334,0.901797175827201,-0.6395536624873795,0.6915051991510052,1.0534388222726871,0.7434320291705527,2.4916011725039002,-1.3041004687519657,2.220335948915915,1.5539431432006614,-1.399622450132951,2.447326552550515,3.8864802307778175,-3.4730598119113574,-1.0012139516163239
TCGA-WT-AB44,0.00561140408867585,-0.4090151159990331,0.8042177738609741,-0.3006623810713004,-0.15603262975678908,-0.1209738594168827,0.27659729399198346,0.19121442525716384,-0.3644455773835129,-0.6052968379441028,1.6818546689131801,-0.855514224095491,-0.41799858608439333,1.0320587193215227,-0.05643706195885559,0.17401442511189447,-0.18462038292882102,-0.5074336471317216,-0.863095076365804,-0.12074530574214912,-0.07647337248475561,-1.1307318733593252,0.22280304406197868
TCGA-XX-A899,0.30072062859061055,3.864132135484928,0.732798188003577,2.758221487550131,1.1551099504659248,0.1293861579786416,2.707740345130266,0.8744040252462485,0.563148440395135,0.5592692235685612,1.5596699728623942,1.0581270025722558,1.4312448411013698,0.2282120627872938,0.6895228150732365,2.0320359436379674,3.302030767045315,0.19104493921116364,0.8854499385225415,0.7713010653017295,0.8108059761475802,0.2186529856740635,1.3478970562341852
TCGA-XX-A89A,0.5052241939527738,0.40075013418538336,0.9866313104666491,1.6417750154518425,0.4465004199441331,0.24344696515903036,0.9129322605306388,1.0281828609312054,0.3026744240966832,0.9035277668066338,0.6393186425367227,1.5137460608014808,1.837180445911554,1.8880028103357696,0.9279489299840348,0.7569090268752005,0.5156424164225141,1.0965753498215014,0.5370201958165397,0.8562902212871771,0.18254094115001515,-0.22321324799439093,1.2876637582727946
TCGA-Z7-A8R5,0.12879809508903203,2.2590329088606045,-0.2695909039159061,1.1775125795686032,1.1471170003853821,1.3340029807144989,1.5571258906647965,0.5664325780322385,-0.025827427679890314,-0.6828387678870508,1.3490240300219127,0.24291887888196684,0.3875516153578026,2.174879676023967,1.6469508139587254,0.16054697682366711,2.4659323891316176,-0.7009717275499875,0.19502488374775553,-0.10239826746082956,1.9014722224634937,-0.7848858698336092,0.8338818374061642
TCGA-Z7-A8R6,-0.13086894547302308,-0.6562674794821486,-3.0752501898940485e-05,0.33968331932423396,-0.352330400522904,-0.2836037040668302,-0.563305394510972,0.03353790775815804,-0.11268329618448637,0.015480719595785003,0.5298416309889804,-0.6835241375904889,-0.8030721755835265,-0.5606526008682731,-0.4761754469327839,0.21909000885265417,-0.14294459791656947,-0.014528896687411988,-1.0009651078382145,-0.11768259004939827,-0.38124430071518867,1.3401144317088802,0.40881704570731153
